id,categoria,nombre,organismo,fecha_publicacion,fecha_cierre,dias_restantes,presupuesto_clp,ofertas_recibidas,riesgo_desierta,estado,link_detalle
2793-850-COT26,Alimentación y Bebestibles,ALIMENTOS PARA ACTIVIDAD PROGRAMA ESCUELA DE DIGITALIZACION COMUNITARIA,Iluste Municipalidad de Huechuraba,2026-09-24 15:54,2026-09-27 16:00,-0.0,650000,0,SI,Publicada,/v2/compra-agil/2793-850-COT26
1343939-8-COT26,Alimentación y Bebestibles,Servicio de catering para Actividad de la Cátedra UNESCO,UNIVERSIDAD DE CHILE,2026-09-25 15:52,2026-09-28 10:00,0.7,250000,0,SI,Publicada,/v2/compra-agil/1343939-8-COT26
1057494-572-COT26,Alimentación y Bebestibles,Alimento  formato RTH DE 1 Lt ,SERVICIO DE SALUD SUR HOSPITAL EXEQUIEL,2026-09-25 15:25,2026-09-28 08:00,0.7,336000,0,SI,Publicada,/v2/compra-agil/1057494-572-COT26
5067-2290-COT26,Alimentación y Bebestibles,Contratación del servicio de colaciones,UNIVERSIDAD DE SANTIAGO DE CHILE,2026-09-25 15:10,2026-09-28 10:00,0.7,1440000,0,SI,Publicada,/v2/compra-agil/5067-2290-COT26
2393-1327-COT26,Alimentación y Bebestibles,ADQ. DE CATERING CON DOS ESTACIONES 30-09-SP.1549,I MUNICIPALIDAD PEDRO AGUIRRE CERDA,2026-09-25 14:33,2026-09-28 10:00,0.7,1200000,4,,Publicada,/v2/compra-agil/2393-1327-COT26
5620-69-COT26,Alimentación y Bebestibles,Servicio de Catering  Octubre  FECH2026,UNIVERSIDAD DE CHILE,2026-09-25 11:15,2026-09-28 09:30,0.7,3800000,0,SI,Publicada,/v2/compra-agil/5620-69-COT26
1214102-1239-COT26,Alimentación y Bebestibles,(DGC) COLACIONES SALUDABLES ,CORP MUNICIPAL DE DESARROLLO SOCIAL DE PUDAHUEL,2026-09-25 11:13,2026-09-28 08:00,0.7,1600000,0,SI,Publicada,/v2/compra-agil/1214102-1239-COT26
1718-1136-COT26,Alimentación y Bebestibles,AREA SALUD/SIC N°20756/RED SALUD/ALIMENTOS,I MUNICIPALIDAD DE SAN RAMON,2026-09-25 10:41,2026-09-28 09:00,0.7,1500000,0,SI,Publicada,/v2/compra-agil/1718-1136-COT26
1411-1215-COT26,Alimentación y Bebestibles,"CDP STGO SUR: Alimentos mes de Octubre 2026 (entrega parcializada, personal y reos). 1411-1215-COT26",Dirección Regional de Gendarmeria - Metropolitana,2026-09-25 10:34,2026-09-28 09:00,0.7,3500000,0,SI,Publicada,/v2/compra-agil/1411-1215-COT26
867990-576-COT26,Alimentación y Bebestibles,Servicio de catering,UNIVERSIDAD DE SANTIAGO DE CHILE,2026-09-24 19:19,2026-09-28 09:30,0.7,2195550,0,SI,Publicada,/v2/compra-agil/867990-576-COT26
5148-168-COT26,Alimentación y Bebestibles,SERVICIO COFFEE BREAK PARA LA FISCALÍA NACIONAL,MINISTERIO PUBLICO,2026-09-24 17:11,2026-09-28 09:00,0.7,1200000,0,SI,Publicada,/v2/compra-agil/5148-168-COT26
5429-87-COT26,Alimentación y Bebestibles,Catering PARES 2026,UNIVERSIDAD DE CHILE,2026-09-24 16:12,2026-09-28 10:00,0.7,200000,0,SI,Publicada,/v2/compra-agil/5429-87-COT26
1298355-1068-COT26,Alimentación y Bebestibles,COMPRA DE COLACIONES - MAS SALUD EN LA COMUNIDAD ,DIRECCION DE SALUD,2026-09-24 15:35,2026-09-28 10:00,0.7,292000,2,,Publicada,/v2/compra-agil/1298355-1068-COT26
1955-27-COT26,Alimentación y Bebestibles,"COLACIONES FRÍAS PARA 29 DE SEPTIEMBRE, 20 PERSONAS Y 27 DE OCTUBRE, 25 PERSONAS EN DOS LICEOS DE RENCA",Departamento Provincial de Educación Poniente,2026-09-24 13:23,2026-09-28 10:00,0.7,320000,0,SI,Publicada,/v2/compra-agil/1955-27-COT26
2583-767-COT26,Alimentación y Bebestibles,SOPE 392/ADQUISICIÓN DE ABARROTES/ DAF-SALA CUNA Y JARDÍN INFANTIL MUNICIPAL/CFM.,I MUNICIPALIDAD DE MAIPU,2026-09-24 11:30,2026-09-28 09:00,0.7,3650000,0,SI,Publicada,/v2/compra-agil/2583-767-COT26
2279-652-COT26,Alimentación y Bebestibles,SP 827 ALIMENTO,ILUSTRE MUNICIPALIDAD DE PUDAHUEL,2026-09-24 11:14,2026-09-28 10:00,0.7,69000,0,SI,Publicada,/v2/compra-agil/2279-652-COT26
885-774-COT26,Alimentación y Bebestibles,La Contraloría General de la República requiere la adquisición de frutas y verduras para el Jardín Infantil  y Sala Cuna institucional. ,CONTRALORIA GENERAL DE LA REPUBLICA,2026-09-22 14:50,2026-09-28 08:00,0.7,1080000,0,SI,Publicada,/v2/compra-agil/885-774-COT26
1411-1219-COT26,Alimentación y Bebestibles,CDP STGO SUR - ALIMENTOS HOSPEN Y SSEE (ENTREGA PARCIALIZADA),Dirección Regional de Gendarmeria - Metropolitana,2026-09-25 17:54,2026-09-28 12:00,0.8,7000000,0,SI,Publicada,/v2/compra-agil/1411-1219-COT26
2793-852-COT26,Alimentación y Bebestibles,ALIMENTOS - DEPTO. LABORAL,Iluste Municipalidad de Huechuraba,2026-09-25 12:47,2026-09-28 12:00,0.8,219621,0,SI,Publicada,/v2/compra-agil/2793-852-COT26
1425521-30-COT26,Alimentación y Bebestibles,Coffee Break Semana de la Montaña,CORPORACIÓN FONDO DE AGUA DE SANTIAGO ,2026-09-25 12:42,2026-09-28 11:00,0.8,1800000,0,SI,Publicada,/v2/compra-agil/1425521-30-COT26
2793-851-COT26,Alimentación y Bebestibles,BEBESTIBLES - DPTO LABORAL,Iluste Municipalidad de Huechuraba,2026-09-25 12:31,2026-09-28 12:00,0.8,180000,0,SI,Publicada,/v2/compra-agil/2793-851-COT26
2393-1323-COT26,Alimentación y Bebestibles,ADQ. DE ALIMENTOS PARA EL DÍA 03/10-SP.1493,I MUNICIPALIDAD PEDRO AGUIRRE CERDA,2026-09-25 11:15,2026-09-28 11:00,0.8,300000,1,,Publicada,/v2/compra-agil/2393-1323-COT26
5429-91-COT26,Alimentación y Bebestibles,Catering Partners Week UCHILE,UNIVERSIDAD DE CHILE,2026-09-25 10:41,2026-09-28 12:00,0.8,1400000,0,SI,Publicada,/v2/compra-agil/5429-91-COT26
1388961-173-COT26,Alimentación y Bebestibles,202.-Adquisición de 200 colaciones frías,ASOCIACION DE MUNICIPALIDADES PARA LA SEGURIDAD CIUDADANA EN LA ZONA ORIENTE,2026-09-25 16:10,2026-09-28 14:00,0.9,1300000,0,SI,Publicada,/v2/compra-agil/1388961-173-COT26
2793-854-COT26,Alimentación y Bebestibles,ALIMENTOS EXPLORA HUECHURABA,Iluste Municipalidad de Huechuraba,2026-09-25 15:31,2026-09-28 15:00,0.9,300000,0,SI,Publicada,/v2/compra-agil/2793-854-COT26
2395-924-COT26,Alimentación y Bebestibles,( Sol. de Ped. 917)Compra de Insumos de alimentos y otros ,I MUNICIPALIDAD PEDRO AGUIRRE CERDA,2026-09-25 11:19,2026-09-28 15:00,0.9,230000,0,SI,Publicada,/v2/compra-agil/2395-924-COT26
5429-92-COT26,Alimentación y Bebestibles,Catering Vicuña Mackenna 20 - UCHILE,UNIVERSIDAD DE CHILE,2026-09-25 10:57,2026-09-28 13:00,0.9,700000,0,SI,Publicada,/v2/compra-agil/5429-92-COT26
1393495-895-COT26,Alimentación y Bebestibles,SC-56569/9892-2/SEP/ADQ. PRODUCTOS PARA CATERING/DMG,Educación,2026-09-23 18:22,2026-09-28 13:00,0.9,426250,2,,Publicada,/v2/compra-agil/1393495-895-COT26
1298354-414-COT26,Alimentación y Bebestibles,CONTRATACIÓN DEL “SERVICIO DE COLACIÓN DENTRO DEL RECINTO DE KIDZANIA”										,DIRECCION DE EDUCACION,2026-09-25 15:40,2026-09-28 15:30,1.0,1474000,0,SI,Publicada,/v2/compra-agil/1298354-414-COT26
1736-620-COT26,Alimentación y Bebestibles,COMPRA ALIMENTOS MESA DE ALIMENTACIÓN ,I MUNICIPALIDAD DE LA COMUNA DE EL BOSQUE,2026-09-25 12:31,2026-09-28 15:30,1.0,1197500,0,SI,Publicada,/v2/compra-agil/1736-620-COT26
1274285-125-COT26,Alimentación y Bebestibles,Alimentos Programa PAASAM ,CORSABER,2026-09-16 11:42,2026-09-29 07:29,1.6,199000,3,,Publicada,/v2/compra-agil/1274285-125-COT26
918434-259-COT26,Alimentación y Bebestibles,D4830 CONTRATACIÓN SERVICIO DE COFFEE BREAK ,MINISTERIO DE LA MUJER Y LA EQUIDAD DE GÉNERO,2026-09-25 16:14,2026-09-29 10:00,1.7,500000,0,,Publicada,/v2/compra-agil/918434-259-COT26
2279-657-COT26,Alimentación y Bebestibles,SP 814 ALIMENTOS,ILUSTRE MUNICIPALIDAD DE PUDAHUEL,2026-09-25 11:07,2026-09-29 09:00,1.7,700000,0,,Publicada,/v2/compra-agil/2279-657-COT26
2279-656-COT26,Alimentación y Bebestibles,SP 819 ALIMENTOS,ILUSTRE MUNICIPALIDAD DE PUDAHUEL,2026-09-25 11:01,2026-09-29 09:00,1.7,410000,0,,Publicada,/v2/compra-agil/2279-656-COT26
2279-654-COT26,Alimentación y Bebestibles,SP 816 ALIMENTOS,ILUSTRE MUNICIPALIDAD DE PUDAHUEL,2026-09-25 10:52,2026-09-29 09:00,1.7,309664,0,,Publicada,/v2/compra-agil/2279-654-COT26
5537-271-COT26,Alimentación y Bebestibles,"Servicio de coffee break y almuerzo para ""Jornada de trabajo Annenberg  Institute""",UNIVERSIDAD DE CHILE,2026-09-24 12:49,2026-09-29 10:00,1.7,300000,0,,Publicada,/v2/compra-agil/5537-271-COT26
5251-943-COT26,Alimentación y Bebestibles," SERVICIO DE ARRIENDO DE SALÓN PARA EVENTO, EQUIPAMIENTO DE AUDIO Y CATERING",UNIVERSIDAD TECNOLOGICA METROPOLITANA,2026-09-21 14:44,2026-09-29 09:00,1.7,3000000,4,,Publicada,/v2/compra-agil/5251-943-COT26
5251-905-COT26,Alimentación y Bebestibles,COLACIONES/SNACKS SESAES – 2DO SEMESTRE,UNIVERSIDAD TECNOLOGICA METROPOLITANA,2026-09-07 17:33,2026-09-29 09:00,1.7,1000000,7,,Publicada,/v2/compra-agil/5251-905-COT26
1079866-304-COT26,Alimentación y Bebestibles,"ADQUISICIÓN DE 200 KILOGRAMOS DE ALIMENTO PARA CANES ADULTOS, DESTINADOS A UNIDADES DEPENDIENTES DE LA ZONA SANTIAGO OESTE.",SECCIÓN COMPRAS ZONA SANTIAGO OESTE,2026-09-23 12:23,2026-09-29 11:00,1.8,1351500,0,,Publicada,/v2/compra-agil/1079866-304-COT26
2274-55-COT26,Alimentación y Bebestibles,“ADQUISICIÓN DE ALIMENTOS COSAM Y PROGRAMA MÁS SALUD EN COMUNIDAD” EXP. 16405 C. AGIL 46,I MUNICIPALIDAD DE LA PINTANA,2026-09-23 11:03,2026-09-29 15:00,1.9,5000000,0,,Publicada,/v2/compra-agil/2274-55-COT26
813-630-COT26,Alimentación y Bebestibles,(E1O2RT9) Adquisición de abarrotes para el ISPCH.,INSTITUTO DE SALUD PUBLICA DE CHILE,2026-09-25 11:48,2026-09-30 12:00,2.8,1628967,0,,Publicada,/v2/compra-agil/813-630-COT26
1274188-634-COT26,Aseo y Limpieza,"ADQUISICIÓN DE UTILES DE ASEO PARA LOS ESTABLECIMIENTOS RBD-10646, 10641 Y JARDIN MI PEQUEÑO MUNDO SOLICITUDES N°135, 156 Y 11		",CORPORACION DE DESARROLLO SOCIAL DE BUIN,2026-09-25 12:35,2026-09-27 22:00,0.2,756900,0,SI,Publicada,/v2/compra-agil/1274188-634-COT26
5178-4650-COT26,Aseo y Limpieza, INSUMOS DE ASEO / SP 1067452/NG,UNIVERSIDAD DE CHILE,2026-09-07 10:47,2026-09-28 07:50,0.6,280000,5,,Publicada,/v2/compra-agil/5178-4650-COT26
1642-550-COT26,Aseo y Limpieza,TOALLAS HUMEDAS DESINFECTANTES,SERVICIO DE SALUD METROPOLITANO OCCIDENTE HOSPITAL DE CURACAVI,2026-09-25 10:39,2026-09-28 08:00,0.7,120000,0,SI,Publicada,/v2/compra-agil/1642-550-COT26
798018-27-COT26,Aseo y Limpieza,ARTÍCULOS DE ASEO PARA DIRECOM SANTIAGO,DIRECCION DE COMUNICACIONES DE LA ARMADA,2026-09-25 10:30,2026-09-28 08:00,0.7,1000000,0,SI,Publicada,/v2/compra-agil/798018-27-COT26
3316-149-COT26,Aseo y Limpieza,REQUERIMIENTO DE ADQUISICIÓN DE MATERIALES Y UTILES DE ASEO PARA LA ESCUELA DE SUBOFICIALES DE CARABINEROS DE CHILE,"Dirección de Educación, Doctrina e Historia de Carabineros",2026-09-25 09:59,2026-09-28 10:00,0.7,1244080,0,SI,Publicada,/v2/compra-agil/3316-149-COT26
1411-1214-COT26,Aseo y Limpieza,CPF SANTIAGO ADQUISICION ISUMOS DE ASEO CENTRAL DE ALIMENTOS,Dirección Regional de Gendarmeria - Metropolitana,2026-09-25 09:45,2026-09-28 10:00,0.7,653168,0,SI,Publicada,/v2/compra-agil/1411-1214-COT26
3665-608-COT26,Aseo y Limpieza, INSUMOS PARA DESINFECTACION. OBRAS,I MUNICIPALIDAD DE TIL TIL,2026-09-25 09:28,2026-09-28 09:30,0.7,250000,0,SI,Publicada,/v2/compra-agil/3665-608-COT26
2343-487-COT26,Aseo y Limpieza,ARTICULOS DE ASEO PERSONAL-1252,I MUNICIPALIDAD DE SANTIAGO,2026-09-25 08:52,2026-09-28 10:00,0.7,1515039,10,,Publicada,/v2/compra-agil/2343-487-COT26
2701-673-COT26,Aseo y Limpieza," COMPRA DE INSUMOS DE ASEO PAR USUARIOS, SOLICITADO POR DIDECO- PROGRAMA RED DE APOYO Y CUIDADOS",I MUNICIPALIDAD DE TALAGANTE,2026-09-24 16:37,2026-09-28 09:00,0.7,2906188,0,SI,Publicada,/v2/compra-agil/2701-673-COT26
1186-34-COT26,Aseo y Limpieza,Servicio de limpieza de shafts eléctricos,MINISTERIO DE OBRAS PUBLICAS DIREC CION GRAL DE OO PP DCYF,2026-09-24 11:22,2026-09-28 10:00,0.7,1500000,0,SI,Publicada,/v2/compra-agil/1186-34-COT26
2432-720-COT26,Aseo y Limpieza,SOL 662 / ASEO Y ORNATO / JARDINERAS DE HORMIGON / RAMON AGUIRRE,I MUNICIPALIDAD ESTACION CENTRAL,2026-09-24 10:39,2026-09-28 09:00,0.7,4459994,0,SI,Publicada,/v2/compra-agil/2432-720-COT26
2432-719-COT26,Aseo y Limpieza,SOL 663 / ASEO Y ORNATO / LIQUIDO CHERRY DESODORANTE / RAMON AGUIRRE ,I MUNICIPALIDAD ESTACION CENTRAL,2026-09-24 10:11,2026-09-28 09:00,0.7,4980012,0,SI,Publicada,/v2/compra-agil/2432-719-COT26
607-232-COT26,Aseo y Limpieza,VIRUTA SANITIZADA PRENSADA // SIN ASERRIN EN SACOS,PARQUE METROPOLITANO DE SANTIAGO,2026-09-23 17:00,2026-09-28 09:00,0.7,1368500,0,SI,Publicada,/v2/compra-agil/607-232-COT26
539119-149-COT26,Aseo y Limpieza,ADQUISICIÓN DE SERVICIO DE LIMPIEZA Y MANTENCIÓN DE 01 CAMPANA DE EXTRACCIÓN DE VAPORES GRASOS PARA LA CAFETERIA HOSCAR DEL HOSPITAL DE CARABINEROS,Carabineros de Chile - Dirección de Bienestar,2026-09-22 17:34,2026-09-28 10:00,0.7,583000,0,SI,Publicada,/v2/compra-agil/539119-149-COT26
1216088-206-COT26,Aseo y Limpieza,KIT LIMPIEZA IMPRESORA ZEBRA ZC300,CORPORACION MUNICIPAL DE DEPORTES DE PUENTE ALTO,2026-09-25 16:57,2026-09-28 11:00,0.8,60000,0,SI,Publicada,/v2/compra-agil/1216088-206-COT26
2460-947-COT26,Aseo y Limpieza,Adquisición de insumos de higiene y aseo ,I MUNICIPALIDAD DE PROVIDENCIA,2026-09-24 19:45,2026-09-28 15:00,0.9,1156500,0,SI,Publicada,/v2/compra-agil/2460-947-COT26
1590-89-COT26,Aseo y Limpieza,ADQUISICIÓN DE ARTÍCULOS DE ASEO E HIGIENE – CÓDIGO E1O2RT9,SUBSECRETARIA DEL MINISTERIO DE AGRICULT,2026-09-25 16:05,2026-09-28 16:30,1.0,290000,0,,Publicada,/v2/compra-agil/1590-89-COT26
3328-1524-COT26,Aseo y Limpieza,RAM/LIMPIEZA DE ESTANQUES DE AGUA/REQ. Nº170080/ C. TANTAUCO,HOSPITAL CLINICO DE LA FUERZA AEREA GRAL DR RAUL YAZIGI JAUREGUI,2026-09-25 10:40,2026-09-29 08:00,1.7,999600,0,,Publicada,/v2/compra-agil/3328-1524-COT26
2460-952-COT26,Aseo y Limpieza, Adquisición de Útiles de aseo,I MUNICIPALIDAD DE PROVIDENCIA,2026-09-25 09:49,2026-09-29 10:00,1.7,200000,0,,Publicada,/v2/compra-agil/2460-952-COT26
5701-166-COT26,Aseo y Limpieza,ADQUISICIÓN DE UTILES DE ASEO SECCIÓN CREDENCIALES P.7 NCU 262541138,Dirección General de Carabineros de Chile,2026-09-25 09:32,2026-09-29 10:00,1.7,485584,0,,Publicada,/v2/compra-agil/5701-166-COT26
1075956-136-COT26,Aseo y Limpieza,"SERVICIO DE ASEO - SEGÚN TÉRMINOS DE REFERENCIA ADJUNTOS - ANEXO N° 1 DECLARACIÓN PROGRAMA INTEGRIDAD ""OBLIGATORIO"" - PRESUPUESTO DISPONIBLE $ 1.935.127.-VISITA EN TERRENO OBLIGATORIA.",DEPARTAMENTO CONTROL FINANCIERO,2026-09-15 09:14,2026-09-29 10:00,1.7,1935127,0,,Publicada,/v2/compra-agil/1075956-136-COT26
776-221-COT26,Aseo y Limpieza,rrv- Curso Técnicas Avanzadas de Limpieza y de Aseo Industrial Orientado a Oficinas,PRESIDENCIA DE LA REPUBLICA,2026-09-25 10:35,2026-09-29 12:30,1.8,1000000,0,,Publicada,/v2/compra-agil/776-221-COT26
3868-53-COT26,Aseo y Limpieza,"ADQUISICIÓN DEL SERVICIO DE LIMPIEZA Y LAVADO INTERIOR Y EXTERIOR VEHÍCULOS, PARA EL DEPARTAMENTO DE CRIMINALÍSTICA DE CARABINEROS DE CHILE (LABOCAR)",Dirección General de Carabineros de Chile,2026-09-24 15:25,2026-09-29 16:00,2.0,6000000,0,,Publicada,/v2/compra-agil/3868-53-COT26
5178-4866-COT26,Aseo y Limpieza,LIMPIEZA DE CRISTALES CON VISITA A TERRENO EL 29/09/2026/SP 1068397 KS,UNIVERSIDAD DE CHILE,2026-09-25 15:10,2026-09-30 13:30,2.9,500000,0,,Publicada,/v2/compra-agil/5178-4866-COT26
744835-588-COT26,Aseo y Limpieza,CARPA DE LONA - ROLLO DE CUERDA - GUANTES DE NITRILO ( DIRECC. AMBIENTAL - Dpto. Aseo),I MUNICIPALIDAD DE LO ESPEJO,2026-09-25 13:10,2026-09-30 13:15,2.9,998592,0,,Publicada,/v2/compra-agil/744835-588-COT26
1214103-237-COT26,Aseo y Limpieza,ASEO INDUSTRIAL DE TEATRO CORPORACION CULTURAL DE PUENTE ALTO,Corporación Cultural Municipal de Puente Alto,2026-09-10 12:29,2026-09-30 13:00,2.9,1000000,7,,Publicada,/v2/compra-agil/1214103-237-COT26
1075956-140-COT26,Aseo y Limpieza,ADQUISICIÓN DE ÚTILES DE ASEO- SEGÚN REQUERIMIENTOS TECNICOS ADJUNTOS - PRESUPUESTO DISPONIBLE $ 749.715.- ,DEPARTAMENTO CONTROL FINANCIERO,2026-09-16 12:05,2026-10-01 11:00,3.8,749715,0,,Publicada,/v2/compra-agil/1075956-140-COT26
4629-52-COT26,Aseo y Limpieza,"Limpieza y Sanitización de estanques de agua potable ubicados en edificio de Agustinas N°1253, de la Dirección del Trabajo.",DIRECCION DEL TRABAJO,2026-09-24 17:12,2026-10-02 12:00,4.8,1700000,0,,Publicada,/v2/compra-agil/4629-52-COT26
1075956-143-COT26,Aseo y Limpieza,ADQUISICIÓN DE ÚTILES DE ASEO- SEGÚN REQUERIMIENTOS TECNICOS ADJUNTOS - PRESUPUESTO DISPONIBLE $ 813.720.- ,DEPARTAMENTO CONTROL FINANCIERO,2026-09-23 17:07,2026-10-06 10:00,8.7,813720,0,,Publicada,/v2/compra-agil/1075956-143-COT26
5519-150-COT26,Eventos y Difusión,Cóctel Ceremonia Eléctrica 2026 - 16 de noviembre de 2026,UNIVERSIDAD DE CHILE,2026-09-23 10:41,2026-09-28 10:00,0.7,1200000,0,SI,Publicada,/v2/compra-agil/5519-150-COT26
628-52-COT26,Eventos y Difusión,servicio de Impresión y distribución de Folletería y mini pendones.,SERVICIO NACIONAL DE LA MUJER Y LA EQUIDAD DE GENERO,2026-09-22 11:34,2026-09-28 09:00,0.7,3400116,2,,Publicada,/v2/compra-agil/628-52-COT26
758-467-COT26,Eventos y Difusión,SC 25931 ADQUISICIÓN DE PENDONES Y BANNER PARA CURSO BASICO SCI - SENAPRED NIVEL CENTRAL ,SERVICIO NACIONAL DE PREVENCIÓN Y RESPUESTA ANTE DESASTRES,2026-09-16 11:34,2026-09-28 10:00,0.7,390000,0,SI,Publicada,/v2/compra-agil/758-467-COT26
4293-19-COT26,Eventos y Difusión,Servicio integral de alimentación para el evento “Segundo InnovaClub 2026”,INNOVA CHILE,2026-09-25 14:49,2026-09-28 12:00,0.8,900000,0,SI,Publicada,/v2/compra-agil/4293-19-COT26
5178-4863-COT26,Eventos y Difusión,PENDON + DISEÑO PERSONALIZADO/SP1070870/CM,UNIVERSIDAD DE CHILE,2026-09-25 14:14,2026-09-28 12:00,0.8,51000,0,SI,Publicada,/v2/compra-agil/5178-4863-COT26
2393-1324-COT26,Eventos y Difusión,ADQ. DE PROD. DE EVENTO PARA EL DÍA 10/10-SP.1526,I MUNICIPALIDAD PEDRO AGUIRRE CERDA,2026-09-25 11:28,2026-09-28 12:00,0.8,2000000,2,,Publicada,/v2/compra-agil/2393-1324-COT26
858-190-COT26,Eventos y Difusión,SERVICIO DE IMPRESIÓN: EVENTO LANZAMIENTO POLÍTICA DE GESTIÓN Y DESARROLLO DE LAS PERSONAS,INSTITUTO NACIONAL DE DEPORTES DE CHILE,2026-09-25 18:48,2026-09-28 13:00,0.9,800000,0,SI,Publicada,/v2/compra-agil/858-190-COT26
1238111-113-COT26,Eventos y Difusión,IMPRESION DE 2 PENDONES EN PVC PARA LABORATORIO MUSICAL DE LA REINA,CORPORACION CULTURAL DE LA REINA,2026-09-25 09:58,2026-09-28 13:00,0.9,120000,0,SI,Publicada,/v2/compra-agil/1238111-113-COT26
1195104-123-COT26,Eventos y Difusión,PENDONES,SERVICIO NACIONAL DE MIGRACIONES,2026-09-23 17:05,2026-09-28 17:00,1.0,260000,0,,Publicada,/v2/compra-agil/1195104-123-COT26
2483-446-COT26,Eventos y Difusión, SERVICIO DE DIFUSIÓN AMBIENTAL CULTURAL MEDIANTE HITO INTERPRETATIVO DEL NGEN-KO,I MUNICIPALIDAD DE QUILICURA,2026-09-25 11:21,2026-09-29 10:00,1.7,1500000,0,,Publicada,/v2/compra-agil/2483-446-COT26
5769-134-COT26,Eventos y Difusión,WD 4803: PENDÓN ORGANIZACION ESTUDIANTIL ,UNIVERSIDAD DE CHILE,2026-09-24 12:50,2026-09-29 11:30,1.8,30000,1,,Publicada,/v2/compra-agil/5769-134-COT26
5769-130-COT26,Eventos y Difusión,WD 4764: 3 LIBROS EMPASTADOS PARA CEREMONIA DE TITULO,UNIVERSIDAD DE CHILE,2026-09-22 10:12,2026-09-29 11:00,1.8,500000,0,,Publicada,/v2/compra-agil/5769-130-COT26
1075956-142-COT26,Eventos y Difusión,ADQUISICIÓN DE 02 PENDONES ENROLLABLES- SEGÚN REQUERIMIENTOS TECNICOS ADJUNTOS - PRESUPUESTO DISPONIBLE $ 120.000.- ,DEPARTAMENTO CONTROL FINANCIERO,2026-09-16 15:22,2026-10-07 11:00,9.8,120000,0,,Publicada,/v2/compra-agil/1075956-142-COT26
1320310-53-COT26,Ferretería y Construcción,SERVICIO DE REPARACIÓN Y PINTURA LABORATORIO XRLABS,UNIVERSIDAD DE CHILE,2026-09-25 16:09,2026-09-27 14:00,-0.1,3500000,0,SI,Publicada,/v2/compra-agil/1320310-53-COT26
218-528-COT26,Ferretería y Construcción,"Adquisición de artículos eléctricos, para la ejecución de trabajos en terreno para la unidad de producción ",I MUNICIPALIDAD SAN JOAQUIN,2026-09-17 11:13,2026-09-27 17:58,0.1,400000,2,,Publicada,/v2/compra-agil/218-528-COT26
355-295-COT26,Ferretería y Construcción,Materiales para instalación de Rooftop ,Servicio de Salud Metropolitano Oriente,2026-09-15 13:54,2026-09-27 22:05,0.2,600000,0,SI,Publicada,/v2/compra-agil/355-295-COT26
2343-477-COT26,Ferretería y Construcción,Mantenimiento a 2 cargadores de estación de carga de vehículos eléctricos /1208,I MUNICIPALIDAD DE SANTIAGO,2026-09-21 17:18,2026-09-28 02:36,0.4,500000,2,,Publicada,/v2/compra-agil/2343-477-COT26
2484-233-COT26,Ferretería y Construcción,""" “ADQUISICIÓN DE INSUMOS DE MATERIAL FUNGIBLE PARA ACTIVIDADES A CARGO AL CONVENIO DEL PROGRAMA DE HABILIDADES PARA LA VIDA III JUNAEB” """,I MUNICIPALIDAD DE QUILICURA,2026-09-25 17:40,2026-09-28 09:00,0.7,300000,0,SI,Publicada,/v2/compra-agil/2484-233-COT26
5067-2295-COT26,Ferretería y Construcción,Adquisición de Kit de sistema de refrigeración termoeléctrico y Multímetro digital profesional de alta precisión ,UNIVERSIDAD DE SANTIAGO DE CHILE,2026-09-25 16:30,2026-09-28 10:00,0.7,879600,0,SI,Publicada,/v2/compra-agil/5067-2295-COT26
5067-2293-COT26,Ferretería y Construcción,Adquisición de materiales de construcción,UNIVERSIDAD DE SANTIAGO DE CHILE,2026-09-25 15:42,2026-09-28 10:00,0.7,1184000,0,SI,Publicada,/v2/compra-agil/5067-2293-COT26
2933-179-COT26,Ferretería y Construcción,Materiales,I MUNICIPALIDAD DE ALHUE,2026-09-25 15:04,2026-09-28 10:00,0.7,5820735,0,SI,Publicada,/v2/compra-agil/2933-179-COT26
2422-613-COT26,Ferretería y Construcción,"SOL. 945907, MATERIALES PARA TABLERO Y MATERIALES DE FERRETERIA",I MUNICIPALIDAD DE PUENTE ALTO,2026-09-25 13:01,2026-09-28 09:00,0.7,4700000,0,SI,Publicada,/v2/compra-agil/2422-613-COT26
1718-1135-COT26,Ferretería y Construcción,SALUD/MATERIALES DEPORTIVOS/SIC 20755/ACTIVIDADES DE PROMOCION DE SALUD MUNICIPAL,I MUNICIPALIDAD DE SAN RAMON,2026-09-25 11:40,2026-09-28 09:00,0.7,1500000,1,,Publicada,/v2/compra-agil/1718-1135-COT26
2376-666-COT26,Ferretería y Construcción,ADQUISICION DE MATERIALES_DIDECO,I MUNICIPALIDAD DE NUNOA,2026-09-25 11:19,2026-09-28 08:30,0.7,636000,0,SI,Publicada,/v2/compra-agil/2376-666-COT26
2961-870-COT26,Ferretería y Construcción,MATERIALES TALLER DE MOSAICO Y MURALISMO,I MUNICIPALIDAD DE LA GRANJA,2026-09-25 10:56,2026-09-28 10:00,0.7,254798,0,SI,Publicada,/v2/compra-agil/2961-870-COT26
1106245-174-COT26,Ferretería y Construcción,Insumos Fungibles y materiales de embalaje - Sence,CENTRO DE FORMACION TECNICA DE LA REGION METROPOLITANA DE SANTIAGO,2026-09-25 10:33,2026-09-28 08:00,0.7,450000,0,SI,Publicada,/v2/compra-agil/1106245-174-COT26
5590-362-COT26,Ferretería y Construcción,Adquisición de material para laboratorio de INTA,UNIVERSIDAD DE CHILE,2026-09-25 10:23,2026-09-28 10:00,0.7,350000,0,SI,Publicada,/v2/compra-agil/5590-362-COT26
754-95-COT26,Ferretería y Construcción, COMPRA MATERIALES PARA MANTENCION DEL EDIFICIO SOLICITADA POR SERVICIOS GENERALES ,Secretaría Ministerial de Educación - RM,2026-09-25 10:14,2026-09-28 08:00,0.7,500000,0,SI,Publicada,/v2/compra-agil/754-95-COT26
2403-802-COT26,Ferretería y Construcción,Adquisición de materiales de mantenimiento para los puntos verdes de la comuna de Peñalolén.,I MUNICIPALIDAD DE PENALOLEN,2026-09-24 18:41,2026-09-28 10:00,0.7,5000000,0,SI,Publicada,/v2/compra-agil/2403-802-COT26
2701-675-COT26,Ferretería y Construcción,"COMPRA DE MATERIALES PARA AYUDA TECNICAS, SOLICITADO POR DIDECO- PROGRAMA RED LOCAL DE APOYOS Y CUIDADOS ",I MUNICIPALIDAD DE TALAGANTE,2026-09-24 17:37,2026-09-28 10:00,0.7,1503925,0,SI,Publicada,/v2/compra-agil/2701-675-COT26
2403-801-COT26,Ferretería y Construcción,Adquisición de materiales kits basura cero. ,I MUNICIPALIDAD DE PENALOLEN,2026-09-24 16:27,2026-09-28 08:00,0.7,1500000,0,SI,Publicada,/v2/compra-agil/2403-801-COT26
761391-861-COT26,Ferretería y Construcción,BAEB-PM/159/2026/VLF/ ADQUIUSICION DE MATERIALES PARA REPARACION DE LA GUARDIA ,Comando de Personal,2026-09-24 14:36,2026-09-28 10:00,0.7,200000,0,SI,Publicada,/v2/compra-agil/761391-861-COT26
2680-241-COT26,Ferretería y Construcción,"ADQUSICION MATERIAL DIDACTICO, PTTO SEP, PARA LICEO DRA. ELOISA DÍAZ",I MUNICIPALIDAD DE INDEPENDENCIA,2026-09-24 12:53,2026-09-28 09:00,0.7,2199591,0,SI,Publicada,/v2/compra-agil/2680-241-COT26
3375-76-COT26,Ferretería y Construcción,ADQUISICIÓN DE HERRAMIENTAS DE ALBAÑILERÍA PARA LA CGGERM-CIMI,Ejercito de Chile,2026-09-24 12:51,2026-09-28 08:30,0.7,498729,0,SI,Publicada,/v2/compra-agil/3375-76-COT26
3377-144-COT26,Ferretería y Construcción,SOLICITUD DE COTIZACIÓN DE MATERIALES DE CONSTRUCCIÓN PARA LA COMISIÓN PISCINA DE SUBOFICIALES DEL REGIMIENTO ,Ejercito de Chile,2026-09-24 12:00,2026-09-28 10:00,0.7,900000,0,SI,Publicada,/v2/compra-agil/3377-144-COT26
1079866-306-COT26,Ferretería y Construcción,MATERIALES DE CONSTRUCCIÓN  Y REPARACIÓN DE TECHUMBRE PARA DEPENDENCIAS DE LA TENENCIA MARÍA PINTO,SECCIÓN COMPRAS ZONA SANTIAGO OESTE,2026-09-24 11:53,2026-09-28 10:00,0.7,1043862,0,SI,Publicada,/v2/compra-agil/1079866-306-COT26
1274189-443-COT26,Ferretería y Construcción,INSUMOS Y HERRAMIENTAS DE JARDINERIA Y CULTIVO - MSC  - Dirección de Salud - Solic nro - 0491,CORPORACION DE DESARROLLO SOCIAL DE BUIN,2026-09-24 11:40,2026-09-28 08:30,0.7,264000,0,SI,Publicada,/v2/compra-agil/1274189-443-COT26
5194-441-COT26,Ferretería y Construcción,DRM: ADQUISICIÓN DE MATERIALES PARA QUINCHO DRM - FONDOS FACULTATIVOS BIENESTAR,Servicio de Bienestar Social,2026-09-24 10:14,2026-09-28 09:30,0.7,900000,0,SI,Publicada,/v2/compra-agil/5194-441-COT26
564953-751-COT26,Ferretería y Construcción,Materiales Parvulos (TP),CORP DE EDUCACION Y SALUD DE LAS CONDES,2026-09-24 09:52,2026-09-28 10:00,0.7,3485000,0,SI,Publicada,/v2/compra-agil/564953-751-COT26
2296-584-COT26,Ferretería y Construcción,ADQUISICIÓN DE SERVICIO DE REPARACIÓN DE VEHÍCULO ELECTRICO | DIMAO,I MUNICIPALIDAD DE CONCHALI,2026-09-24 09:11,2026-09-28 08:30,0.7,3000000,0,SI,Publicada,/v2/compra-agil/2296-584-COT26
5529-108-COT26,Ferretería y Construcción,MATERIALES PARA MONTAJE EXPERIENCIA DOCENTE LFD,UNIVERSIDAD DE CHILE,2026-09-23 16:14,2026-09-28 10:00,0.7,500000,0,SI,Publicada,/v2/compra-agil/5529-108-COT26
761391-851-COT26,Ferretería y Construcción,CP-DAF/11/GUB/MPC/MATERIALES DE ENSEÑANZA,Comando de Personal,2026-09-23 12:52,2026-09-28 10:00,0.7,3514650,0,SI,Publicada,/v2/compra-agil/761391-851-COT26
5872-46-COT26,Ferretería y Construcción,WD 4675 Artículos de Ferretería,UNIVERSIDAD DE CHILE,2026-09-23 11:58,2026-09-28 10:00,0.7,1000000,1,,Publicada,/v2/compra-agil/5872-46-COT26
2403-790-COT26,Ferretería y Construcción,Adquisición de materiales de ferretería para mantención de programas de la Dirección de Medio Ambiente,I MUNICIPALIDAD DE PENALOLEN,2026-09-22 09:59,2026-09-28 09:00,0.7,4615000,4,,Publicada,/v2/compra-agil/2403-790-COT26
5520-741-COT26,Ferretería y Construcción,Inscripción V Congreso Internacional del Derecho de la Construcción 2026,UNIVERSIDAD DE CHILE,2026-09-17 11:34,2026-09-28 10:00,0.7,400000,2,,Publicada,/v2/compra-agil/5520-741-COT26
2422-614-COT26,Ferretería y Construcción,S.A 945855 MATERIALES ,I MUNICIPALIDAD DE PUENTE ALTO,2026-09-26 08:58,2026-09-28 10:30,0.8,7112485,0,SI,Publicada,/v2/compra-agil/2422-614-COT26
5434-428-COT26,Ferretería y Construcción,Materiales habilitación sala de estudiantes - Quimica,UNIVERSIDAD DE CHILE,2026-09-25 18:10,2026-09-28 12:00,0.8,1000000,0,SI,Publicada,/v2/compra-agil/5434-428-COT26
2734-622-COT26,Ferretería y Construcción, ADQUISICIÓN DE MATERIALES PARA IMPRESIÓN Y MODELADO ODONTOLÓGICO – PROGRAMA SALUD BUCAL 2026,I MUNICIPALIDAD DE PENAFLOR,2026-09-25 16:00,2026-09-28 10:30,0.8,216000,0,SI,Publicada,/v2/compra-agil/2734-622-COT26
5590-363-COT26,Ferretería y Construcción,Adquisición de materiales de ferretería para trabajos en INTA,UNIVERSIDAD DE CHILE,2026-09-25 14:23,2026-09-28 11:00,0.8,1600000,0,SI,Publicada,/v2/compra-agil/5590-363-COT26
4703-256-COT26,Ferretería y Construcción,COMPRA DE MATERIAL DIDACTICO/ COLEGIO REP. DE HONDURAS/CON CARGO A LEY SEP. ,I MUNICIPALIDAD DE EL MONTE,2026-09-25 13:29,2026-09-28 12:00,0.8,600000,0,SI,Publicada,/v2/compra-agil/4703-256-COT26
2453-486-COT26,Ferretería y Construcción,"PM N°780 OC N°780 PROGRAMA SOMOS BARRIO (HERRAMIENTAS E INSUMOS DE JARDINERIA,SEGUN ESPECIFICACIONES EN ARCHIVO ADJUNTO) SE DEBERÁ COTIZAR LA TOTALIDAD DE LOS PRODUCTOS SOLICITADOS. SE DESCARTARÁN LAS",ILUSTRE MUNICIPALIDAD DE QUINTA NORMAL,2026-09-25 13:18,2026-09-28 11:30,0.8,361940,0,SI,Publicada,/v2/compra-agil/2453-486-COT26
2961-873-COT26,Ferretería y Construcción,MATERIALES DE CONSTRUCCION ,I MUNICIPALIDAD DE LA GRANJA,2026-09-25 11:38,2026-09-28 11:30,0.8,4200000,0,SI,Publicada,/v2/compra-agil/2961-873-COT26
5485-751-COT26,Ferretería y Construcción,SUMINISTRO E INSTALACIÓN DE SET BATERIAS PARA TRICICLO ELÉCTRICO ABM TRICICLO GB1200DZH-500KG. (SE ADJUNTO FOTOGRAFIA DE TRICICLO).,UNIVERSIDAD DE CHILE,2026-09-25 11:34,2026-09-28 11:40,0.8,350000,0,SI,Publicada,/v2/compra-agil/5485-751-COT26
625-327-COT26,Ferretería y Construcción,304_177244/2026_Ferreteria,FUERZA AEREA DE CHILE COMANDO LOGISTICO,2026-09-25 10:37,2026-09-28 12:00,0.8,432081,0,SI,Publicada,/v2/compra-agil/625-327-COT26
3172-154-COT26,Ferretería y Construcción,ADQUISICION MATERIALES DEPARTAMENTO CUARTELES L.1.,DIRECCION DE LOGISTICA DE CARABINEROS,2026-09-25 09:06,2026-09-28 11:00,0.8,850731,0,SI,Publicada,/v2/compra-agil/3172-154-COT26
2460-871-COT26,Ferretería y Construcción,"Artículos de Ferretería, para Cafe Lit. Balmaceda. SBC 969",I MUNICIPALIDAD DE PROVIDENCIA,2026-09-24 12:25,2026-09-28 12:30,0.8,960000,0,SI,Publicada,/v2/compra-agil/2460-871-COT26
2341-499-COT26,Ferretería y Construcción,"ADQUISICION, DESPACHO Y DESCARGA MATERIALES MEJORAMIENTO VAGON BIBLIOTECA CASA DE LA CULTURA / SP 46 SECPLA- CUADRILLA MUNICIPAL / ADQ 595",I MUNICIPALIDAD DE SAN BERNARDO,2026-09-24 12:07,2026-09-28 11:00,0.8,4000000,1,,Publicada,/v2/compra-agil/2341-499-COT26
1077456-1-COT26,Ferretería y Construcción,MATERIALES AREAS VERDES (PAUSA VERDE- PROYECTO MEL 2026) PARA EL CRS HPC,CENTRO DE REFERENCIA DE SALUD HOSPITAL PROVINCIA CORDILLERA,2026-09-24 10:24,2026-09-28 12:00,0.8,798740,0,SI,Publicada,/v2/compra-agil/1077456-1-COT26
2279-650-COT26,Ferretería y Construcción,SP 808 Materiales de uso ,ILUSTRE MUNICIPALIDAD DE PUDAHUEL,2026-09-24 09:34,2026-09-28 11:00,0.8,5500000,0,SI,Publicada,/v2/compra-agil/2279-650-COT26
539119-150-COT26,Ferretería y Construcción,ADQUISICIÓN DE MATERIALES DE FERRETERIA PARA REPARACIÓN DE 01 PORTON ELECTRICO PARA EL CONJUNTO HABITACIONAL JOTABECHE DE LA DIRECCION DE BIENESTAR DE CARABINEROS ,Carabineros de Chile - Dirección de Bienestar,2026-09-23 12:42,2026-09-28 12:00,0.8,350000,0,SI,Publicada,/v2/compra-agil/539119-150-COT26
2733-487-COT26,Ferretería y Construcción, SC 42303 - ADQUISICIÓN DE MATERIAL DE DIFUSIÓN 2027 - ESCUELA N°664 MALLOCO,I MUNICIPALIDAD DE PENAFLOR,2026-09-23 10:33,2026-09-28 11:30,0.8,1800000,0,SI,Publicada,/v2/compra-agil/2733-487-COT26
1057503-2464-COT26,Ferretería y Construcción,Memo Nº109(16.09.26)capacitación. Curso herramientas de psicología positiva para el bienestar mental,HOSPITAL PADRE ALBERTO HURTADO,2026-09-22 13:05,2026-09-28 12:00,0.8,5000000,0,SI,Publicada,/v2/compra-agil/1057503-2464-COT26
4496-11-COT26,Ferretería y Construcción,Adquisición de materiales y herramientas menores para trabajos mantenimiento de Dirección Obras municipales(M-234),I MUNICIPALIDAD DE SAN PEDRO,2026-09-26 16:26,2026-09-28 15:00,0.9,7170000,0,SI,Publicada,/v2/compra-agil/4496-11-COT26
5504-326-COT26,Ferretería y Construcción,MATERIALES AUDIOVISUAL,UNIVERSIDAD DE CHILE,2026-09-25 16:39,2026-09-28 13:00,0.9,7000000,0,SI,Publicada,/v2/compra-agil/5504-326-COT26
3316-151-COT26,Ferretería y Construcción,REQUERIMIENTO DE ADQUISICIÓN DE MATERIALES PARA REPARACION DE CASA FISCAL 2745 BAJO LA TUICION DE LA COMISION POBLACIONES DE LA ESCUELA DE SUBOFICIALES DE CARABINEROS DE CHILE,"Dirección de Educación, Doctrina e Historia de Carabineros",2026-09-25 14:31,2026-09-28 13:00,0.9,1200000,0,SI,Publicada,/v2/compra-agil/3316-151-COT26
1736-619-COT26,Ferretería y Construcción,"HERRAMIENTAS, MATERIALES, REPUESTOS Y OTROS ÚTILES  DIDIET",I MUNICIPALIDAD DE LA COMUNA DE EL BOSQUE,2026-09-25 12:11,2026-09-28 15:00,0.9,799135,0,SI,Publicada,/v2/compra-agil/1736-619-COT26
3320-508-COT26,Ferretería y Construcción,002_180454_MATERIALES PARA MANTENIMIENTO DE INFRAESTRUCTURA,Escuadrilla de Abastecimiento del Edificio FF.AA.,2026-09-24 14:57,2026-09-28 14:00,0.9,283740,0,SI,Publicada,/v2/compra-agil/3320-508-COT26
1393495-896-COT26,Ferretería y Construcción,SC-56576/9892-2/SEP/ADQ. MATERIAL PEDAGOGICO/DMG,Educación,2026-09-23 18:30,2026-09-28 13:00,0.9,600000,1,,Publicada,/v2/compra-agil/1393495-896-COT26
2790-204-COT26,Ferretería y Construcción,MATERIAL EDUCATIVO,I MUNICIPALIDAD DE PAINE,2026-09-22 15:49,2026-09-28 15:00,0.9,164534,0,SI,Publicada,/v2/compra-agil/2790-204-COT26
5148-166-COT26,Ferretería y Construcción,CONSTRUCCIÓN DE MURO DE CONTENCIÓN Y REPARACIONES COMPLEMENTARIAS,MINISTERIO PUBLICO,2026-09-17 10:41,2026-09-28 14:00,0.9,3000000,0,SI,Publicada,/v2/compra-agil/5148-166-COT26
2790-200-COT26,Ferretería y Construcción,MATERIALES DE CONSTRUCCIÓN,I MUNICIPALIDAD DE PAINE,2026-09-17 10:20,2026-09-28 15:00,0.9,3345161,8,,Publicada,/v2/compra-agil/2790-200-COT26
2393-1328-COT26,Ferretería y Construcción,insumos de ferreteria . sol.N°1527 DIDECO-infanto- juvenil,I MUNICIPALIDAD PEDRO AGUIRRE CERDA,2026-09-26 13:36,2026-09-28 16:30,1.0,600000,0,,Publicada,/v2/compra-agil/2393-1328-COT26
1736-622-COT26,Ferretería y Construcción, MATERIALES DE COSNTRUICCION ,I MUNICIPALIDAD DE LA COMUNA DE EL BOSQUE,2026-09-25 15:51,2026-09-28 16:00,1.0,2155581,0,SI,Publicada,/v2/compra-agil/1736-622-COT26
1221016-195-COT26,Ferretería y Construcción,Materiales fungibles areas salud y educación,Corporación de Desarrollo de La Reina,2026-09-24 13:34,2026-09-28 15:30,1.0,2100000,0,SI,Publicada,/v2/compra-agil/1221016-195-COT26
1274565-97-COT26,Ferretería y Construcción,Elementos de Ferreteria,CORPORACIÓN CULTURAL DE LAMPA,2026-09-23 15:37,2026-09-28 16:00,1.0,4350000,0,SI,Publicada,/v2/compra-agil/1274565-97-COT26
2296-593-COT26,Ferretería y Construcción,ADQUISICION DE MATERIALES PARA ACTIVIDADES - PROYECTO SB25-VE-003 - SEGURIDAD PUBLICA ,I MUNICIPALIDAD DE CONCHALI,2026-09-26 10:58,2026-09-29 08:30,1.7,231430,0,,Publicada,/v2/compra-agil/2296-593-COT26
3436-372-COT26,Ferretería y Construcción,Adquisición de herramientas y elementos para Museo de Tanques usado como aula externa de los alumnos CC 1100065012 SIC 353628,Ejercito de Chile,2026-09-25 14:23,2026-09-29 09:00,1.7,1973160,0,,Publicada,/v2/compra-agil/3436-372-COT26
3320-509-COT26,Ferretería y Construcción,"002 177349, ADQ. GRADA Y PINTURA",Escuadrilla de Abastecimiento del Edificio FF.AA.,2026-09-25 14:12,2026-09-29 10:00,1.7,2291190,0,,Publicada,/v2/compra-agil/3320-509-COT26
3347-126-COT26,Ferretería y Construcción,ADQUISICIÓN DE MATERIALES PARA ENCUADERNACION,Ejercito de Chile,2026-09-25 11:50,2026-09-29 09:00,1.7,223000,0,,Publicada,/v2/compra-agil/3347-126-COT26
2422-608-COT26,Ferretería y Construcción,"SOL. 945851, HERRAMIENTAS Y EQUIPOS VARIOS",I MUNICIPALIDAD DE PUENTE ALTO,2026-09-25 10:48,2026-09-29 09:00,1.7,2790526,0,,Publicada,/v2/compra-agil/2422-608-COT26
3658-461-COT26,Ferretería y Construcción,"COMPRA DE MATERIALES PARA MEJORAMIENTO PORTON ACCESO VEHICULAR, SE ADJUNTA ARCHIVO CON LO SOLICITADO",I MUNICIPALIDAD DE CALERA DE TANGO,2026-09-25 10:23,2026-09-29 08:30,1.7,300000,0,,Publicada,/v2/compra-agil/3658-461-COT26
3658-460-COT26,Ferretería y Construcción,COMPRA DE MOTOR ELECTRICO 2000 KG 750 CICLOS Y CREMALLERAS METALICAS,I MUNICIPALIDAD DE CALERA DE TANGO,2026-09-25 10:15,2026-09-29 08:30,1.7,1250000,0,,Publicada,/v2/compra-agil/3658-460-COT26
539119-152-COT26,Ferretería y Construcción,"ADQUISICIÓN DEL SERVICIO DE TALA DE 02 ÁRBOLES A RAS DE SUELO, CON RETIRO Y DISPOSICIÓN DEL MATERIAL RESULTANTE PARA EL JARDIN INFANTIL PETETIN",Carabineros de Chile - Dirección de Bienestar,2026-09-24 17:18,2026-09-29 10:00,1.7,1050000,0,,Publicada,/v2/compra-agil/539119-152-COT26
3375-77-COT26,Ferretería y Construcción,MATERIALES DE CONSTRUCCIÓN PARA EL MANTENIMIENTO Y REPARACIÓN DE LA CGGERM-CIMI,Ejercito de Chile,2026-09-24 15:13,2026-09-29 08:30,1.7,1204280,0,,Publicada,/v2/compra-agil/3375-77-COT26
759-299-COT26,Ferretería y Construcción,IMPRESIÓN Y CONFECCIÓN DE 20 KIT DE HERRAMIENTAS VALS ,SUBSECRETARIA DEL MINISTERIO DE JUSTICIA,2026-09-24 09:36,2026-09-29 08:00,1.7,1000000,0,,Publicada,/v2/compra-agil/759-299-COT26
1057501-3305-COT26,Ferretería y Construcción,CURSO PREPARÁNDOSE PARA EL CAMBIO: HERRAMIENTAS PARA EL EGRESO LABORAL,COMPLEJO ASISTENCIAL DR. SOTERO DEL RIO,2026-09-24 09:08,2026-09-29 12:00,1.8,3600000,0,,Publicada,/v2/compra-agil/1057501-3305-COT26
756-123-COT26,Ferretería y Construcción,Servicio de suministro e instalación de llaves temporizadas y accesorios de gasfitería.,SUBSECRETARIA DE ECONOMIA Y EMPRESAS DE MENOR TAMA,2026-09-23 17:04,2026-09-29 12:00,1.8,4500000,0,,Publicada,/v2/compra-agil/756-123-COT26
539819-470-COT26,Ferretería y Construcción,HERRAMIENTA TIJERA HOJALATERA HABILITACIÓN PISOS -5 A 7 CEAC C.L.,UNIVERSIDAD DE CHILE,2026-09-25 15:34,2026-09-29 15:00,1.9,24000,0,,Publicada,/v2/compra-agil/539819-470-COT26
1079866-308-COT26,Ferretería y Construcción,"ADQUISICION DE MATERIALES DE CONSTRUCCION PARA DEAOPERPOL SANTIAGO ZONA OESTE CDR:428 , DOE: 263115245",SECCIÓN COMPRAS ZONA SANTIAGO OESTE,2026-09-25 15:29,2026-09-29 15:00,1.9,2832499,0,,Publicada,/v2/compra-agil/1079866-308-COT26
539819-469-COT26,Ferretería y Construcción,MATERIALES DE PISOS Y MOLDURAS HABILITACIÓN PISOS -5 A 7 CEAC C.L.,UNIVERSIDAD DE CHILE,2026-09-25 15:24,2026-09-29 15:00,1.9,7000000,0,,Publicada,/v2/compra-agil/539819-469-COT26
539819-468-COT26,Ferretería y Construcción,MATERIALES DE PINTURA HABILITACIÓN PISOS -5 A 7 CEAC C.L.,UNIVERSIDAD DE CHILE,2026-09-25 15:15,2026-09-29 15:00,1.9,2485000,0,,Publicada,/v2/compra-agil/539819-468-COT26
539819-467-COT26,Ferretería y Construcción,MATERIALES DE TABIQUERIA HABILITACIÓN PISOS -5 A 7 CEAC C.L.,UNIVERSIDAD DE CHILE,2026-09-25 14:52,2026-09-29 15:00,1.9,4780000,0,,Publicada,/v2/compra-agil/539819-467-COT26
539819-466-COT26,Ferretería y Construcción,MATERIALES DE FERRETERIA HABILITACIÓN PISOS -5 A 7 CEAC C.L.,UNIVERSIDAD DE CHILE,2026-09-25 14:29,2026-09-29 15:00,1.9,645000,0,,Publicada,/v2/compra-agil/539819-466-COT26
1079866-307-COT26,Ferretería y Construcción,"ADQUISICION DE MATERIALES PARA DEAOPERPOL OESTE CDR: 428, DOE: 263115245",SECCIÓN COMPRAS ZONA SANTIAGO OESTE,2026-09-25 13:12,2026-09-29 15:00,1.9,6502712,0,,Publicada,/v2/compra-agil/1079866-307-COT26
1195104-130-COT26,Ferretería y Construcción,ADQUISICIÓN DE MATERIALES DE MANTENIMIENTO,SERVICIO NACIONAL DE MIGRACIONES,2026-09-25 11:25,2026-09-29 13:00,1.9,1620000,0,,Publicada,/v2/compra-agil/1195104-130-COT26
1339159-112-COT26,Ferretería y Construcción,ADQUISICIÓN DE MATERIALES PARA IMPLEMENTACION DE CABLEADO DE RED,Servicio Local de Educación Pública Santa Rosa,2026-09-25 11:04,2026-09-29 15:00,1.9,4000000,0,,Publicada,/v2/compra-agil/1339159-112-COT26
2790-207-COT26,Ferretería y Construcción,MATERIAL EDUCATIVO - PROGRAMA APOYO AL DESARROLLO BIOPSICOSOCIAL CHCC,I MUNICIPALIDAD DE PAINE,2026-09-25 09:01,2026-09-29 15:00,1.9,305909,0,,Publicada,/v2/compra-agil/2790-207-COT26
5178-4856-COT26,Ferretería y Construcción,CONSTRUCCION E INSTALACION DE REPISAS FIJADAS AL MURO + VISITA A TERRENO/ SP 1068925 DS,UNIVERSIDAD DE CHILE,2026-09-24 17:53,2026-09-29 13:00,1.9,800000,0,,Publicada,/v2/compra-agil/5178-4856-COT26
924-245-COT26,Ferretería y Construcción,AQUISICIÓN DE AFICHES Y MATERIAL IMPRESO,SUBSECRETARIA DE SALUD PUBLICA,2026-09-24 15:39,2026-09-29 15:00,1.9,1600000,0,,Publicada,/v2/compra-agil/924-245-COT26
5178-4751-COT26,Ferretería y Construcción,PROVISION DE MATERIALES Y SERVICIO + VISITA A TERRENO/ SP 1065749 DS,UNIVERSIDAD DE CHILE,2026-09-21 13:06,2026-09-29 13:00,1.9,5500000,0,,Publicada,/v2/compra-agil/5178-4751-COT26
5782-33-COT26,Ferretería y Construcción,"Fabricación, retiro e instalación con provisión de suministro de materiales y mano de obra ""Techumbres UV Campus Santiago"".",UNIVERSIDAD DE VALPARAISO,2026-09-25 09:25,2026-09-29 17:00,2.0,7000000,0,,Publicada,/v2/compra-agil/5782-33-COT26
924-247-COT26,Ferretería y Construcción,AQUISICIÓN DE AFICHES Y MATERIAL IMPRESO ENFERMEDAD DE CHAGAS,SUBSECRETARIA DE SALUD PUBLICA,2026-09-24 16:12,2026-09-29 15:30,2.0,1000000,0,,Publicada,/v2/compra-agil/924-247-COT26
3474-216-COT26,Ferretería y Construcción,CURSO CAPACITACIÓN EN GASFITERIA E INSTALACIONES SANITARIAS,"Dirección de Educación, Doctrina e Historia de Carabineros",2026-09-24 10:27,2026-09-29 16:00,2.0,1450000,0,,Publicada,/v2/compra-agil/3474-216-COT26
611669-65-COT26,Ferretería y Construcción,MATERIALES DE LABORATORIO - V2,Superintendencia del Medio Ambiente,2026-09-04 12:25,2026-09-29 15:43,2.0,2420000,4,,Publicada,/v2/compra-agil/611669-65-COT26
1540487-10-COT26,Ferretería y Construcción,MATERIALES PARA HABILITACIÓN DE PISO 9,SERVICIO NACIONAL DE MIGRACIONES,2026-09-24 12:54,2026-09-29 23:59,2.3,200000,0,,Publicada,/v2/compra-agil/1540487-10-COT26
607-244-COT26,Ferretería y Construcción,HERRAMIENTAS MANUALES Y MOTORIZADAS,PARQUE METROPOLITANO DE SANTIAGO,2026-09-25 14:36,2026-09-30 09:30,2.7,1669384,0,,Publicada,/v2/compra-agil/607-244-COT26
1498185-162-COT26,Ferretería y Construcción,Materiales para fabricación de soportes,FUND CENTRO CULTURAL PALACIO DE LA MONEDA,2026-09-25 13:48,2026-09-30 10:00,2.7,120000,0,,Publicada,/v2/compra-agil/1498185-162-COT26
5761-122-COT26,Ferretería y Construcción,ARTICULOS DE FERRETERIA,UNIVERSIDAD DE CHILE,2026-09-25 09:09,2026-09-30 09:00,2.7,640000,0,,Publicada,/v2/compra-agil/5761-122-COT26
966865-44-COT26,Ferretería y Construcción,Solicitud N° 180. Pintura látex y esmalte al agua. ,FUND TIEMPOS NUEVOS,2026-09-24 17:51,2026-09-30 10:00,2.7,800000,0,,Publicada,/v2/compra-agil/966865-44-COT26
1222283-31-COT26,Ferretería y Construcción, SERVICIO DE MANTENIMIENTO DE 01 TERMO ELÉCTRICO Y 04 CALEFONT,ACADEMIA NACIONAL DE ESTUDIOS POLITICOS Y ESTRATEGICOS,2026-09-24 10:56,2026-09-30 10:00,2.7,600000,0,,Publicada,/v2/compra-agil/1222283-31-COT26
1867-82-COT26,Ferretería y Construcción,Materiales de imprenta,DIRECCION GENERAL DE MOVILIZACIONN NACIONAL,2026-09-23 10:15,2026-09-30 10:00,2.7,1400000,0,,Publicada,/v2/compra-agil/1867-82-COT26
640-28-COT26,Ferretería y Construcción,ADQUISICIÓN MATERIALES HIGIENE Y SEGURIDAD ,Ministerio de Vivienda y Urbanismo,2026-09-25 13:11,2026-09-30 12:00,2.8,1400000,0,,Publicada,/v2/compra-agil/640-28-COT26
2791-136-COT26,Ferretería y Construcción,ADQUISICIÓN DE MATERIALES DIDÁCTICOS Y TERAPÉUTICOS PARA EJECUCIÓN DE ACTIVIDADES PROGRAMA HABILIDADES PARA LA VIDA I ,Iluste Municipalidad de Huechuraba,2026-09-25 10:10,2026-09-30 12:00,2.8,812479,0,,Publicada,/v2/compra-agil/2791-136-COT26
1219241-109-COT26,Ferretería y Construcción,ADQUISICION MATERIALES DE GASFITERIA Y RIEGO,CORPORACIÓN MUNICIPAL PUEBLITO DE LAS VIZCACHAS,2026-09-25 10:56,2026-09-30 15:00,2.9,1000000,0,,Publicada,/v2/compra-agil/1219241-109-COT26
5155-154-COT26,Ferretería y Construcción,Materiales de ferreteria,SERVICIO ELECTORAL,2026-09-14 12:36,2026-09-30 13:20,2.9,4000000,12,,Publicada,/v2/compra-agil/5155-154-COT26
1561-76-COT26,Ferretería y Construcción, ADQUISICIÓN DEL SERVICIO INSTALACION PUNTOS DE RED Y ELECTRICOS SUBDEPTO. DE REMATES Y ECONOMÍA CIRCULAR.,DIRECCION GENERAL DEL CREDITO PRENDARIO,2026-09-25 10:26,2026-09-30 16:30,3.0,7100000,0,,Publicada,/v2/compra-agil/1561-76-COT26
1057499-285-COT26,Ferretería y Construcción,Servicios de Instalación Postación y Alimentadores Eléctricos en Hacienda Hospital Comuna de Paine,SERVICIO DE SALUD SUR UNIDAD HOSPITALARI,2026-09-24 17:41,2026-09-30 16:00,3.0,7172000,0,,Publicada,/v2/compra-agil/1057499-285-COT26
2788-464-COT26,Ferretería y Construcción,MATERIALES DE FERRETERIA - DEPTO. DE ADM.,I MUNICIPALIDAD DE PAINE,2026-09-24 12:30,2026-10-01 17:00,4.0,527884,0,,Publicada,/v2/compra-agil/2788-464-COT26
1075956-119-COT26,Ferretería y Construcción,"ADQUISICIÓN DE MATERIALES PARA MANTENIMIENTO Y REPARACIÓN- SEGÚN TÉRMINOS DE REFERENCIA ADJUNTOS - ANEXO N° 1 DECLARACIÓN PROGRAMA INTEGRIDAD ""OBLIGATORIO"" - PRESUPUESTO DISPONIBLE $ 727.394.-",DEPARTAMENTO CONTROL FINANCIERO,2026-09-04 09:13,2026-10-05 10:00,7.7,727394,4,,Publicada,/v2/compra-agil/1075956-119-COT26
2287-616-COT26,Jardinería y Áreas Verdes,MALLA ANTIMALEZA - SET 50 PCS JARDINERIA,ILUSTRE MUNICIPALIDAD DE MACUL,2026-09-25 17:05,2026-09-28 16:00,1.0,1520000,0,SI,Publicada,/v2/compra-agil/2287-616-COT26
707428-26-COT26,Jardinería y Áreas Verdes,Compra Ágil: Fabricación e Instalación de Bodegas Modulares con Repisas para Jardines Infantiles y Salas Cuna – Región Metropolitana Sur Oriente (RMSO),FUNDACION EDUCACIONAL PARA EL DESAROLLO INTEGRAL DE LA NIÑEZ,2026-09-25 10:01,2026-10-02 12:00,4.8,6500000,0,,Publicada,/v2/compra-agil/707428-26-COT26
5153-953-COT26,Mantención y Reparaciones,SERVICIO DE MANTENCION PREVENTIVA PARA ECOGRAFO,UNIVERSIDAD DE CHILE,2026-05-13 08:54,2026-05-14 09:00,-136.3,7050000,0,SI,Publicada,/v2/compra-agil/5153-953-COT26
2676-692-COT26,Mantención y Reparaciones,SERVICIO DE REPARACION DE CAMARAS DE AGUAS LLUVIA ,I MUNICIPALIDAD DE INDEPENDENCIA,2026-09-23 17:00,2026-09-27 14:59,-0.1,1500000,0,SI,Publicada,/v2/compra-agil/2676-692-COT26
1079713-274-COT26,Mantención y Reparaciones,SERVICIO REPARACION DE TECHUMBRE Y CIELOS 16° COM. DE LA REINA.,SECCIÓN COMPRAS ZONA SANTIAGO ESTE ,2026-09-21 17:16,2026-09-27 14:00,-0.1,2302650,0,SI,Publicada,/v2/compra-agil/1079713-274-COT26
1057496-842-COT26,Mantención y Reparaciones,ADQUISICIÓN DE SERVICIO DE MANTENIMIENTO PREVENTIVO PARA ENVASADORA DE DOSIS UNITARIAS MPI DEL HOSPITAL SAN LUIS DE BUIN,SERVICIO DE SALUD SUR HOSPITAL SAN LUIS,2026-09-17 10:01,2026-09-27 14:58,-0.1,1500000,0,SI,Publicada,/v2/compra-agil/1057496-842-COT26
1057049-528-COT26,Mantención y Reparaciones, MCM - FUS 338 - MANTENCION DE RED HUMEDA,SERV SALUD METROPOLITANO CENTRAL HOSPITAL CLINICO SAN BORJA ARRIARAN,2026-09-25 09:07,2026-09-27 16:00,-0.0,3900000,0,SI,Publicada,/v2/compra-agil/1057049-528-COT26
1515304-231-COT26,Mantención y Reparaciones," SERVICIO DE MANTENIMIENTO INTEGRAL DE ESTANQUE PORTÁTIL AVGAS, PARA LA PREFECTURA AÉREA.",Carabineros de Chile,2026-09-23 16:00,2026-09-27 15:59,-0.0,1500000,0,SI,Publicada,/v2/compra-agil/1515304-231-COT26
5684-347-COT26,Mantención y Reparaciones,Servicio de Mantenimiento preventivo y correctivo de equipamiento de acondicionamiento térmico de la piscina,UNIVERSIDAD DE CHILE,2026-09-01 15:01,2026-09-27 17:16,0.0,7000000,3,,Publicada,/v2/compra-agil/5684-347-COT26
4704-411-COT26,Mantención y Reparaciones,REPARACIÓN BANQUETAS SALA ESPERA / MANTENCIÓN / FORM. 333,I MUNICIPALIDAD DE EL MONTE,2026-09-25 11:58,2026-09-27 18:01,0.1,150000,0,SI,Publicada,/v2/compra-agil/4704-411-COT26
2674-779-COT26,Mantención y Reparaciones, MANTENCIONES PREVENTIVAS,ILUSTRE MUNICIPALIDAD DE MELIPILLA,2026-09-25 11:52,2026-09-27 18:07,0.1,4250000,0,SI,Publicada,/v2/compra-agil/2674-779-COT26
5196-720-COT26,Mantención y Reparaciones,GBA47 MANTENCION PREVENTIVA 10.000KM JAC REFINE 2.0,IIª Brigada Aérea,2026-09-16 15:48,2026-09-28 00:32,0.3,700000,1,,Publicada,/v2/compra-agil/5196-720-COT26
1214102-1236-COT26,Mantención y Reparaciones,(RML) PRODUCTOS QUIMICOS PARA MANTENCIÓN DE PISCINAS,CORP MUNICIPAL DE DESARROLLO SOCIAL DE PUDAHUEL,2026-09-25 09:15,2026-09-28 01:00,0.4,5400000,0,SI,Publicada,/v2/compra-agil/1214102-1236-COT26
2792-848-COT26,Mantención y Reparaciones,REPARACION DE FORD TRANSIT (AMBULANCIA) PATENTE SKBY-90,Iluste Municipalidad de Huechuraba,2026-09-25 16:06,2026-09-28 10:00,0.7,1500000,0,SI,Publicada,/v2/compra-agil/2792-848-COT26
5067-2294-COT26,Mantención y Reparaciones,Contratación del servicio de mantenimiento correctivo,UNIVERSIDAD DE SANTIAGO DE CHILE,2026-09-25 15:49,2026-09-28 10:00,0.7,320000,0,SI,Publicada,/v2/compra-agil/5067-2294-COT26
2268-149-COT26,Mantención y Reparaciones,Servicio de adquisición de “Mantención cámara fotográfica Canon T6S”,CENTRAL DE ABASTECIMIENTO DEL SISTEMA NACIONAL DE SERVICIO DE SALUD,2026-09-25 15:00,2026-09-28 08:00,0.7,250000,0,SI,Publicada,/v2/compra-agil/2268-149-COT26
1461-35-COT26,Mantención y Reparaciones,SERVICIO MANTENCION CAMARAS DE SEGURIDAD ,DELEGACIÓN PRESIDENCIAL PROVINCIAL DE MAIPO,2026-09-25 13:06,2026-09-28 08:00,0.7,4000000,0,SI,Publicada,/v2/compra-agil/1461-35-COT26
1216062-431-COT26,Mantención y Reparaciones, SOL 742 MANTENCIÓN PREVENTIVA Y CORRECTIVA PARA LOS MANIFOLD.,Corporación Municipal de Lo Prado,2026-09-25 12:30,2026-09-28 09:00,0.7,7172100,0,SI,Publicada,/v2/compra-agil/1216062-431-COT26
1461-36-COT26,Mantención y Reparaciones,MANTENCION MAMPARA VIDRIO DPP,DELEGACIÓN PRESIDENCIAL PROVINCIAL DE MAIPO,2026-09-25 12:18,2026-09-28 09:00,0.7,1000000,0,SI,Publicada,/v2/compra-agil/1461-36-COT26
5548-145-COT26,Mantención y Reparaciones,Adquisición de equipos y accesorios para reproducción y mantenimiento de discos de vinilo.,UNIVERSIDAD DE CHILE,2026-09-25 12:02,2026-09-28 10:00,0.7,500000,0,SI,Publicada,/v2/compra-agil/5548-145-COT26
2733-497-COT26,Mantención y Reparaciones,SC 42381 - ESC. N°678 - SERVICIO DE MANTENCIÓN Y RECARGA DE EXTINTORES PARA USO ESCUELA MANDATARIO EDUARDO FREI MONTALVA.,I MUNICIPALIDAD DE PENAFLOR,2026-09-25 11:41,2026-09-28 10:00,0.7,240000,0,SI,Publicada,/v2/compra-agil/2733-497-COT26
2021-262-COT26,Mantención y Reparaciones,CECOPAC N°10000/818 DETECCIÓN Y REPARACION DE FUGA DE AGUA POTABLE.,ESTADO MAYOR CONJUNTO,2026-09-24 14:56,2026-09-28 10:00,0.7,3689000,0,SI,Publicada,/v2/compra-agil/2021-262-COT26
2460-950-COT26,Mantención y Reparaciones,"Adquisición de Formularios autocopiativos para Departamento de Mantención de DAOM, SBC N°1060.",I MUNICIPALIDAD DE PROVIDENCIA,2026-09-24 13:52,2026-09-28 10:00,0.7,450000,0,SI,Publicada,/v2/compra-agil/2460-950-COT26
1233600-73-COT26,Mantención y Reparaciones,MANTENCIÓN PREVENTIVA DE EXTINTORES DE INCENDIO EN LOS ESTABLECIMIENTOS DE LA COMUNA DE RENCA,CORP MUNICIPAL DE RENCA,2026-09-24 09:30,2026-09-28 10:00,0.7,2846321,0,SI,Publicada,/v2/compra-agil/1233600-73-COT26
1213002-311-COT26,Mantención y Reparaciones,REPARACIÓN DE AMBULANCIA MERCEDEZ BENZ,CORP MUNICIPAL DE EDUCACION Y SAL,2026-09-24 09:03,2026-09-28 09:00,0.7,3900000,0,SI,Publicada,/v2/compra-agil/1213002-311-COT26
1549-4046-COT26,Mantención y Reparaciones, XPP/EXT/ SE REQUIERE MANTENCION CHILLER N°5 YORK,SERVICIO DE SALUD METROPOLITANA NORTE HOSPITAL SAN JOSE,2026-09-23 16:43,2026-09-28 10:00,0.7,7172100,0,SI,Publicada,/v2/compra-agil/1549-4046-COT26
1079713-275-COT26,Mantención y Reparaciones,"ADQUISICION SERVICIO DE MANTENCION EQUIPO BOMBA DE AGUA SUBCOMISARIA SAN LUIS, PREFECTURA ORIENTE.",SECCIÓN COMPRAS ZONA SANTIAGO ESTE ,2026-09-22 11:33,2026-09-28 09:00,0.7,95200,0,SI,Publicada,/v2/compra-agil/1079713-275-COT26
745463-13-COT26,Mantención y Reparaciones,"SERVICIO MANTENCION, ACTUALIZACION DESEGURIDAD Y SOPORTE PLATAFORMA KOHA BIBLIODROGAS DE ACADEMIA SENDA",SERVICIO NACIONAL PARA LA PREVENCION Y REHABILITACION DEL CONSUMO DE D,2026-09-22 09:56,2026-09-28 10:00,0.7,3000000,0,SI,Publicada,/v2/compra-agil/745463-13-COT26
1540667-129-COT26,Mantención y Reparaciones,SERVICIO DE MANTENCIÓN A EQUIPO OFTALMOLÓGICO,Universidad de Chile ,2026-09-21 09:51,2026-09-28 08:30,0.7,7172000,0,SI,Publicada,/v2/compra-agil/1540667-129-COT26
165-61-COT26,Mantención y Reparaciones,SERVICIO DE REPARACIÓN Y MANTENCIÓN DE VENTANAS TERCER PISO,CONSEJO NACIONAL DE EDUCACION,2026-09-25 15:10,2026-09-28 10:30,0.8,2900000,0,SI,Publicada,/v2/compra-agil/165-61-COT26
2792-792-COT26,Mantención y Reparaciones,SERVICIO DE MANTENCION PREVENTIVA A RED Y EQUIPOS DE GASES CLINICOS DEL CESFAM LA PINCOYA,Iluste Municipalidad de Huechuraba,2026-09-25 09:17,2026-09-28 11:00,0.8,2800000,0,SI,Publicada,/v2/compra-agil/2792-792-COT26
5251-984-COT26,Mantención y Reparaciones, Mantención preventiva bomba de vacío,UNIVERSIDAD TECNOLOGICA METROPOLITANA,2026-09-25 08:55,2026-09-28 12:00,0.8,1000000,0,SI,Publicada,/v2/compra-agil/5251-984-COT26
1502810-22-COT26,Mantención y Reparaciones, Servicio de mantención preventiva y correctiva de ascensor COSAM lo Errázuriz,COSAM Lo Errázuriz,2026-09-25 07:56,2026-09-28 11:00,0.8,6000000,0,SI,Publicada,/v2/compra-agil/1502810-22-COT26
1377068-63-COT26,Mantención y Reparaciones,MANTENCIÓN / REPARACIÓN DE EQUIPAMIENTO,LO BARNECHEA SERVICIOS,2026-09-24 11:06,2026-09-28 12:00,0.8,485889,0,SI,Publicada,/v2/compra-agil/1377068-63-COT26
4642-244-COT26,Mantención y Reparaciones,"REPARACIÓN DEL SERVICIO DE LA CENTRAL DE MONITORIO, DE LA UNIDAD DE CIRUGÍA MAYOR AMBULATORIA DEL HOSPITAL DE CARABINEROS.",FONDO PARA HOSPITALES DE CARABINEROS DE CHILE,2026-09-24 09:45,2026-09-28 10:30,0.8,489489,0,SI,Publicada,/v2/compra-agil/4642-244-COT26
1421874-138-COT26,Mantención y Reparaciones,Fabricación de Rampa metálica y Reparación de portón - Área Técnica,FUNDACION CENTRO CULTURAL DE LO PRADO,2026-09-23 18:09,2026-09-28 12:00,0.8,4715000,0,SI,Publicada,/v2/compra-agil/1421874-138-COT26
5485-752-COT26,Mantención y Reparaciones,"SERVICIO MANTENCIÓN, CAMBIO Y REVISIÓN DE BOMBA, MOTOR, CAMBIO DE SELLO, JUNTAS PLANAS. RODAMIENTOS, REVISIÓN BOBINAS, CANASTILLO VÁLVULAS, FUGAS, ETC (PROVEEDORES VENIR A VISITA TÉCNICA).",UNIVERSIDAD DE CHILE,2026-09-25 11:48,2026-09-28 15:00,0.9,290000,0,SI,Publicada,/v2/compra-agil/5485-752-COT26
539819-465-COT26,Mantención y Reparaciones,MANTENCIÓN DE EXTINTORES TUCH A.V.,UNIVERSIDAD DE CHILE,2026-09-24 16:33,2026-09-28 15:00,0.9,82000,0,SI,Publicada,/v2/compra-agil/539819-465-COT26
3089-59-COT26,Mantención y Reparaciones,ASISTENCIA RECREATIVA - REPARACIONES Y MEJORAMIENTOS VARIOS EN CASAS DE HUÉSPEDES,DELEGACION DE BIENESTAR SOCIAL (S),2026-09-24 15:35,2026-09-28 15:05,0.9,6907608,0,SI,Publicada,/v2/compra-agil/3089-59-COT26
3089-58-COT26,Mantención y Reparaciones,ASISTENCIA EDUCACIONAL - REPARACIONES Y MEJORAMIENTOS VARIOS EN JARDÍN INFANTIL Y SALA CUNA ,DELEGACION DE BIENESTAR SOCIAL (S),2026-09-24 15:32,2026-09-28 15:00,0.9,4509133,0,SI,Publicada,/v2/compra-agil/3089-58-COT26
1421874-137-COT26,Mantención y Reparaciones,"Mantención, arreglos y reposición de Portones - Área de Administración y Servicios Generales",FUNDACION CENTRO CULTURAL DE LO PRADO,2026-09-23 11:06,2026-09-28 15:00,0.9,2000000,0,SI,Publicada,/v2/compra-agil/1421874-137-COT26
2788-462-COT26,Mantención y Reparaciones,VISITA TECNICA A TERRENO OBLIGATORIA/ REPARACION DE CAMIONES CYWW-65/JKKW-13/CWFY-69,I MUNICIPALIDAD DE PAINE,2026-09-23 10:58,2026-09-28 15:00,0.9,3808000,0,SI,Publicada,/v2/compra-agil/2788-462-COT26
2790-203-COT26,Mantención y Reparaciones,INSUMOS PARA REPARACIONES Y MANTENIMIENTOS,I MUNICIPALIDAD DE PAINE,2026-09-22 15:41,2026-09-28 15:00,0.9,4400000,0,SI,Publicada,/v2/compra-agil/2790-203-COT26
1221016-196-COT26,Mantención y Reparaciones,Reparación de ambulancia de CESFAM Juan Pablo ll,Corporación de Desarrollo de La Reina,2026-09-25 10:59,2026-09-28 15:30,1.0,500000,0,SI,Publicada,/v2/compra-agil/1221016-196-COT26
805-23-COT26,Mantención y Reparaciones,Mantención y Reparación de Eléctrica ,CORP NACIONAL DE DESARROLLO INDIGENA,2026-09-24 16:19,2026-09-28 16:00,1.0,454200,0,SI,Publicada,/v2/compra-agil/805-23-COT26
1057501-3207-COT26,Mantención y Reparaciones,MANTENCION CORRECTIVA A EQUIPOS DE ECOGRAFIA GE,COMPLEJO ASISTENCIAL DR. SOTERO DEL RIO,2026-09-15 15:32,2026-09-29 02:27,1.4,5000000,0,,Publicada,/v2/compra-agil/1057501-3207-COT26
2422-615-COT26,Mantención y Reparaciones,SOL. ADQ. N°945885 / MANTENCION DE GENERADOR DE RESPALDO.,I MUNICIPALIDAD DE PUENTE ALTO,2026-09-26 09:44,2026-09-29 09:00,1.7,5000000,0,,Publicada,/v2/compra-agil/2422-615-COT26
5155-161-COT26,Mantención y Reparaciones,mantenimiento de jardines,SERVICIO ELECTORAL,2026-09-25 16:34,2026-09-29 10:00,1.7,3500000,0,,Publicada,/v2/compra-agil/5155-161-COT26
3089-57-COT26,Mantención y Reparaciones,ASISTENCIA RECREATIVA - TRABAJOS DE REPARACIÓN DE INFRAESTRUCTURA EN CENTRO DE EVENTOS,DELEGACION DE BIENESTAR SOCIAL (S),2026-09-25 12:14,2026-09-29 09:00,1.7,6953112,0,,Publicada,/v2/compra-agil/3089-57-COT26
5196-750-COT26,Mantención y Reparaciones,AB2 SERVICIO REPARACIÓN DE TUBERÍAS,IIª Brigada Aérea,2026-09-25 11:38,2026-09-29 08:30,1.7,1000000,0,,Publicada,/v2/compra-agil/5196-750-COT26
1515304-234-COT26,Mantención y Reparaciones," SERVICIO DE INSPECCIÓN PERÍODICA, MANTENIMIENTO Y CERTIFICACIÓN TC8 PARA ESTANQUE DE CAMION SIGLA C-102, DE CARGO DE LA PREFECTURA AÉREA.",Carabineros de Chile,2026-09-25 11:30,2026-09-29 10:00,1.7,2500000,0,,Publicada,/v2/compra-agil/1515304-234-COT26
607-243-COT26,Mantención y Reparaciones,CURSO DE PREPARACION DE FISCALES LEY KARIN,PARQUE METROPOLITANO DE SANTIAGO,2026-09-25 10:08,2026-09-29 10:00,1.7,3735000,0,,Publicada,/v2/compra-agil/607-243-COT26
3378-1392-COT26,Mantención y Reparaciones,SERV. DE MANTENCIÓN PREVENTIVA PARA REANIMADOR CARDIORRESPIRATORIO DEL SERV. URGENCIA ADULTO DEL HMS ,EJERCITO DE CHILE HOSPITAL MILITAR DE SANTIAGO,2026-09-24 11:21,2026-09-29 08:00,1.7,416500,0,,Publicada,/v2/compra-agil/3378-1392-COT26
3522-134-COT26,Mantención y Reparaciones,Compra de elementos para mantenimiento para la Comisión de Educación Física,Ejercito de Chile,2026-09-17 11:27,2026-09-29 09:30,1.7,190000,2,,Publicada,/v2/compra-agil/3522-134-COT26
542753-26-COT26,Mantención y Reparaciones,"MANTENCION PREVENTIVA MENSUAL DE LOS ASCENSORES N°1 Y N°2, DEPENDENCIAS CALLE MONEDA N°723, COMUNA DE SANTIAGO, DIRECCION REGIONAL DEL TRABAJO METROPOLITANA PONIENTE ",DIRECCION DEL TRABAJO,2026-09-10 16:12,2026-09-29 10:00,1.7,1000000,5,,Publicada,/v2/compra-agil/542753-26-COT26
1173446-40-COT26,Mantención y Reparaciones,SERVICIO DE REPARACIÓN Y MANTENCIÓN A LAVADORAS INDUSTRIALES ,Centro Educación y Trabajo Femenino Semiabierto St,2026-09-25 10:43,2026-09-29 11:00,1.8,1500000,0,,Publicada,/v2/compra-agil/1173446-40-COT26
2791-134-COT26,Mantención y Reparaciones,SERVICIO DE CONTENIDOS EDUCATIVOS EN FORMATO AUDIO PARA PREPARACIÓN DE LA PAES DE HISTORIA Y CIENCIAS SOCIALES,Iluste Municipalidad de Huechuraba,2026-09-25 08:52,2026-09-29 12:00,1.8,1190000,0,,Publicada,/v2/compra-agil/2791-134-COT26
2376-663-COT26,Mantención y Reparaciones,SERVICIO DE REPARACIÓN Y REMODELACIÓN DE CASETA DE VIGILANCIA_OPERACIONES,I MUNICIPALIDAD DE NUNOA,2026-09-24 13:12,2026-09-29 12:00,1.8,600000,0,,Publicada,/v2/compra-agil/2376-663-COT26
1224957-615-COT26,Mantención y Reparaciones,Reparaciones casino profesores Colegio José Toribio Medina - 300120260067,CORP MUNICIPAL DE DESARROLLO SOCIAL DE NUNOA,2026-09-24 11:31,2026-09-29 12:00,1.8,6100000,0,,Publicada,/v2/compra-agil/1224957-615-COT26
1079713-276-COT26,Mantención y Reparaciones,SERVICIO REPARACION BAÑOS PERSONAL MASCULINO 43° COM. PEÑALOLEN.,SECCIÓN COMPRAS ZONA SANTIAGO ESTE ,2026-09-23 17:31,2026-09-29 12:00,1.8,4900000,0,,Publicada,/v2/compra-agil/1079713-276-COT26
756-122-COT26,Mantención y Reparaciones,Servicio de mantenimiento correctivo de fachada institucional.,SUBSECRETARIA DE ECONOMIA Y EMPRESAS DE MENOR TAMA,2026-09-23 14:02,2026-09-29 11:00,1.8,2000000,0,,Publicada,/v2/compra-agil/756-122-COT26
1075956-137-COT26,Mantención y Reparaciones,"SERVICIO DE MANTENCIÓN DE EXTINTORES - SEGÚN TÉRMINOS DE REFERENCIA ADJUNTOS - ANEXO N° 1 DECLARACIÓN PROGRAMA INTEGRIDAD ""OBLIGATORIO"" - PRESUPUESTO DISPONIBLE $ 100.000.",DEPARTAMENTO CONTROL FINANCIERO,2026-09-15 09:26,2026-09-29 11:00,1.8,100000,0,,Publicada,/v2/compra-agil/1075956-137-COT26
2460-953-COT26,Mantención y Reparaciones,"MANTENCION DE CIELO COLGANTE, AUDITORIO MUNICIPAL",I MUNICIPALIDAD DE PROVIDENCIA,2026-09-25 13:07,2026-09-29 15:00,1.9,2150000,0,,Publicada,/v2/compra-agil/2460-953-COT26
1147293-172-COT26,Mantención y Reparaciones,SERVICIO DE REPARACIÓN ELÉCTRICA Y TRASLADO DE EQUIPO DE AIRE ACONDICIONADO EN DEPENDENCIAS FIA,Fundación para la Innovación Agraria,2026-09-24 18:03,2026-09-29 15:00,1.9,500000,0,,Publicada,/v2/compra-agil/1147293-172-COT26
1288-199-COT26,Mantención y Reparaciones,REPARACIÓN CORTINA METÁLICA,SERVICIO SALUD METROPOLITANO OCCIDENTE,2026-09-21 11:33,2026-09-29 13:00,1.9,900000,0,,Publicada,/v2/compra-agil/1288-199-COT26
1411-1208-COT26,Mantención y Reparaciones,COLINA I VISITA TECNICA PARA REPARACION DE PANTALLA ATV DEFENDER HD8 DPS,Dirección Regional de Gendarmeria - Metropolitana,2026-09-23 18:09,2026-09-29 18:30,2.1,600000,0,,Publicada,/v2/compra-agil/1411-1208-COT26
2173-151-COT26,Mantención y Reparaciones,MANTENCIÓN CORRECTIVA DE SISTEMAS VRV UBICADO EN PISO 3 DE EDIFICIO MERCED N° 360,CORP ADMINISTRATIVA DEL PODER JUDICIAL,2026-09-16 12:39,2026-09-29 20:52,2.2,2000000,3,,Publicada,/v2/compra-agil/2173-151-COT26
2268-141-COT26,Mantención y Reparaciones,Servicio mantención de códigos Gtines,CENTRAL DE ABASTECIMIENTO DEL SISTEMA NACIONAL DE SERVICIO DE SALUD,2026-09-11 08:59,2026-09-30 01:27,2.4,5000000,1,,Publicada,/v2/compra-agil/2268-141-COT26
5434-427-COT26,Mantención y Reparaciones,"Retiro, instalación y mantención de equipos de aire acondicionado - Facultad ",UNIVERSIDAD DE CHILE,2026-09-25 16:17,2026-09-30 08:00,2.7,850000,0,,Publicada,/v2/compra-agil/5434-427-COT26
622134-108-COT26,Mantención y Reparaciones, SERVICIO DE MANTENIMIENTO PREVENTIVO Y CORRECTIVO PARA LAS INSTALACIONES DE AIRE ACONDICIONADO DEL CIITEC Y DCHEE,Ejercito de Chile,2026-09-25 08:43,2026-09-30 10:00,2.7,795000,0,,Publicada,/v2/compra-agil/622134-108-COT26
609-101-COT26,Mantención y Reparaciones,MANTENCIÓN Y REPARACIÓN DE INSTALACIONES SANITARIAS Y CHILLER – INDAP NIVEL CENTRAL,INSTITUTO DE DESARROLLO AGROPECUARIO,2026-09-24 10:28,2026-09-30 10:00,2.7,3500000,0,,Publicada,/v2/compra-agil/609-101-COT26
1016414-65-COT26,Mantención y Reparaciones,Mantención al sistema de alarma de detección de incendio,CONSEJO NACIONAL DE TELEVISION,2026-09-25 10:39,2026-09-30 11:30,2.8,550000,0,,Publicada,/v2/compra-agil/1016414-65-COT26
48-96-COT26,Mantención y Reparaciones,REPARACIÓN SALVAESCALERA EDIFICIO PRAT 48,SERVICIO DE VIVIENDA Y URBANIZACION AREA METROPOLITANA,2026-09-25 12:17,2026-09-30 13:00,2.9,1200000,0,,Publicada,/v2/compra-agil/48-96-COT26
1411-1216-COT26,Mantención y Reparaciones,SERVICIO DE MANTENCION Y REPARAICÓN DE 2 SISTEMAS DE IMPULSIÓN DE AGUA POTABLE PARA LA POBLACION PENAL,Dirección Regional de Gendarmeria - Metropolitana,2026-09-25 11:07,2026-09-30 14:00,2.9,2000000,0,,Publicada,/v2/compra-agil/1411-1216-COT26
1339159-111-COT26,Mantención y Reparaciones,MANTENCIÓN DEA PARA ESTABLECIMIENTOS EDUCACIONALES ,Servicio Local de Educación Pública Santa Rosa,2026-09-24 10:31,2026-09-30 15:00,2.9,7151900,0,,Publicada,/v2/compra-agil/1339159-111-COT26
3825-282-COT26,Mantención y Reparaciones,Servicio de Reparacion de Piscinas Municipales (DIMAO),I MUNICIPALIDAD DE PADRE HURTADO,2026-09-24 09:49,2026-09-30 15:00,2.9,2000000,0,,Publicada,/v2/compra-agil/3825-282-COT26
883-182-COT26,Mantención y Reparaciones,SERV. MANTENCION DE 80.000 KILOMETROS DE CAMIONETA CHEVROLET MONTANA PARA SECCION SSEI DEL AP. AMB.,DIRECCION GENERAL DE AERONAUTICA CIVIL,2026-09-15 16:28,2026-10-01 07:50,3.6,432000,1,,Publicada,/v2/compra-agil/883-182-COT26
1392-88-COT26,Mantención y Reparaciones, Servicio de reparación de ventanas.,DIRECCION GENERAL DE AERONAUTICA CIVIL,2026-09-24 18:26,2026-10-01 10:00,3.7,3200000,0,,Publicada,/v2/compra-agil/1392-88-COT26
622134-106-COT26,Mantención y Reparaciones,SERVICIOS DE MANTENIMIENTO PREVENTIVO Y CORRECTIVO PARA LAS INSTALACIONES DE AIRE ACONDICIONADO DEL CESIM,Ejercito de Chile,2026-09-24 17:07,2026-10-01 10:00,3.7,3100000,0,,Publicada,/v2/compra-agil/622134-106-COT26
1075952-27-COT26,Mantención y Reparaciones,Servicios de Mantención de Puertas de Accesos e Inodoros para la SES,Superintendencia de Educación Superior,2026-09-24 10:08,2026-10-01 12:00,3.8,850000,0,,Publicada,/v2/compra-agil/1075952-27-COT26
3269-80-COT26,Mantención y Reparaciones,Servicio de Mantenimiento a 65 Equipos de Acondicionados S.A. 88,SERVICIO AEROFOTOGRAMETRICO DEL GENERAL JUAN SOLER MANFREDINI,2026-09-25 14:43,2026-10-01 15:00,3.9,2600000,0,,Publicada,/v2/compra-agil/3269-80-COT26
743848-25-COT26,Mantención y Reparaciones,Mantención correctiva equipo split aire acondicionado,SEGUNDO TRIBUNAL AMBIENTAL,2026-09-24 10:42,2026-10-01 19:00,4.1,800000,0,,Publicada,/v2/compra-agil/743848-25-COT26
2620-12-COT26,Mantención y Reparaciones,"SERVICIO DE REVISIÓN, MANTENCIÓN Y EVENTUAL DESINSTALACIÓN E INSTALACIÓN DE EQUIPO DE AIRE ACONDICIONADO PARA LA SECRETARÍA REGIONAL MINISTERIAL DE AGRICULTURA DE LA REGIÓN METROPOLITANA. CÓD E1O2RT9",SUBSECRETARIA DEL MINISTERIO DE AGRICULT,2026-09-24 12:46,2026-10-02 10:00,4.7,400000,0,,Publicada,/v2/compra-agil/2620-12-COT26
1079713-278-COT26,Mantención y Reparaciones,"SERVICIO DE REPARACION COMPLETA DEL C-087, 41 COMISARIA LA PINTANA",SECCIÓN COMPRAS ZONA SANTIAGO ESTE ,2026-09-24 11:45,2026-10-04 21:00,7.2,7172100,0,,Publicada,/v2/compra-agil/1079713-278-COT26
1393495-902-COT26,Mobiliario,SC-56184/35471-6/JUNJI/ADQ. SILLA NIDO SALA CUNA/ARG,Educación,2026-09-24 18:02,2026-09-28 07:55,0.6,284886,0,SI,Publicada,/v2/compra-agil/1393495-902-COT26
2296-589-COT26,Mobiliario,ADQUISICION DE JUEGOS DE MESA - PROYECTO SB25-VE-003 - SEGURIDAD PUBLICA,I MUNICIPALIDAD DE CONCHALI,2026-09-26 09:46,2026-09-28 08:30,0.7,145000,0,SI,Publicada,/v2/compra-agil/2296-589-COT26
2561-164-COT26,Mobiliario,"MESON MUEBLE Y ESTANTE, PARA SERVICIO DE ALIMENTACIÓN DE AMBAS ESCUELA DE GENDARMERIA DE CHILE ",Escuela de Gendarmeria,2026-09-25 17:30,2026-09-28 10:00,0.7,2590000,0,SI,Publicada,/v2/compra-agil/2561-164-COT26
1287766-80-COT26,Mobiliario,ADQUISICIÓN IMPLEMENTOS DE TENIS DE MESA DE ALTA COMPETENCIA,Corporación Municipal de Deportes de Ñuñoa,2026-09-25 15:06,2026-09-28 10:00,0.7,1100000,0,SI,Publicada,/v2/compra-agil/1287766-80-COT26
3877-490-COT26,Mobiliario,ADQUISICION DE MOBILIARIO SOLICITADO POR DIDESO DEPTO RSH,I MUNICIPALIDAD DE LAMPA,2026-09-25 13:08,2026-09-28 08:30,0.7,1730000,0,SI,Publicada,/v2/compra-agil/3877-490-COT26
5155-158-COT26,Mobiliario,Mueble biblioteca,SERVICIO ELECTORAL,2026-09-24 17:05,2026-09-28 10:00,0.7,3000000,0,SI,Publicada,/v2/compra-agil/5155-158-COT26
5482-129-COT26,Mobiliario,Sillas ergonomicas,I MUNICIPALIDAD DE NUNOA,2026-09-23 13:34,2026-09-28 10:00,0.7,2500000,0,SI,Publicada,/v2/compra-agil/5482-129-COT26
5178-4810-COT26,Mobiliario, RACK DE AUDIO DE SOBREMESA MURAL / SP 1067929/NG,UNIVERSIDAD DE CHILE,2026-09-22 16:31,2026-09-28 08:00,0.7,100000,3,,Publicada,/v2/compra-agil/5178-4810-COT26
2460-891-COT26,Mobiliario,Mobiliario Infantil para Cafe Lit. Balmaceda. ,I MUNICIPALIDAD DE PROVIDENCIA,2026-09-24 12:35,2026-09-28 10:30,0.8,510000,0,SI,Publicada,/v2/compra-agil/2460-891-COT26
2249-165-COT26,Mobiliario,"Adquisición de pintura, antioxido, sellador, masilla y otros de ferretería para trabajos en restauración de aeronaves del Museo Aeronáutico.",DIRECCION GENERAL DE AERONAUTICA CIVIL,2026-09-17 09:24,2026-09-28 12:00,0.8,1280000,7,,Publicada,/v2/compra-agil/2249-165-COT26
1460278-371-COT26,Mobiliario,Estante vitrina,UNIVERSIDAD DE SANTIAGO DE CHILE,2026-09-11 10:50,2026-09-28 12:00,0.8,1666000,4,,Publicada,/v2/compra-agil/1460278-371-COT26
1274189-447-COT26,Mobiliario,ESTANTE ARMARIO METÁLICO OFICNA 2 PUERTAS BLANCO CON LLAVE  - Dirección de Salud - Solic nro - 0505,CORPORACION DE DESARROLLO SOCIAL DE BUIN,2026-09-25 14:46,2026-09-28 15:00,0.9,392664,0,SI,Publicada,/v2/compra-agil/1274189-447-COT26
2201-380-COT26,Mobiliario,ADQUISICION DE SILLA CAMA DE ACERO PARA ACOMPAÑANTES HOSPITAL AMIGO,INSTITUTO NACIONAL DE REHABILITACION PEDRO AGUIRRE CERDA,2026-09-25 11:47,2026-09-28 13:00,0.9,390000,0,SI,Publicada,/v2/compra-agil/2201-380-COT26
1216071-42-COT26,Mobiliario,MEMO 08/ MOBILIARIO/ CONTROL/ ADM. CENTRAL,CORP MUNICIPAL DE DESARROLLO SOCIAL DE LAMPA,2026-09-16 16:47,2026-09-29 04:03,1.5,150000,2,,Publicada,/v2/compra-agil/1216071-42-COT26
5178-4632-COT26,Mobiliario,CASILLA DE CORREO/ SP 1064788 DS,UNIVERSIDAD DE CHILE,2026-09-04 15:32,2026-09-29 04:46,1.5,381180,2,,Publicada,/v2/compra-agil/5178-4632-COT26
1101892-208-COT26,Mobiliario,Elementos de proteccion pa ser utilizado como manera de prevencion en las aplicaciones fitosanitarias del programa en mejoramiento genetico en uva de mesa,INSTITUTO DE INVESTIGACIONES AGROPECUARIAS,2026-09-25 16:07,2026-09-29 10:00,1.7,400000,0,,Publicada,/v2/compra-agil/1101892-208-COT26
1113403-101-COT26,Mobiliario,SOLICITUD DE COMPRA DE MOBILIARIO NIVEL PREBASICA,SERVICIO LOCAL DE EDUCACION PUBLICA DE GABRIELA MISTRAL,2026-09-25 11:52,2026-09-29 08:00,1.7,3327000,0,,Publicada,/v2/compra-agil/1113403-101-COT26
606-100-COT26,Mobiliario,"Servicio de ordenamiento previo de las bodegas subterráneas ubicadas en Amunátegui Nº139, piso -2, comuna de Santiago, y posterior traslado de cajas, muebles y sillas desde dependencias de Catedral ",SUBSECRETARIA DE TELECOMUNICACIONES,2026-09-24 18:00,2026-09-29 12:00,1.8,600000,0,,Publicada,/v2/compra-agil/606-100-COT26
29-65-COT26,Mobiliario,JBP ADQUISICIÓN DE MUEBLES FORA,FUERZA AEREA DE CHILE COMANDO LOGISTICO,2026-09-23 10:28,2026-09-29 12:00,1.8,589680,0,,Publicada,/v2/compra-agil/29-65-COT26
867990-548-COT26,Mobiliario,"Adquisición de Mobiliario para Laboratorio de Metalografía - Departamento de Ingeniería Metalúrgica, Facultad de Ingeniería (FING), USACH",UNIVERSIDAD DE SANTIAGO DE CHILE,2026-09-22 17:43,2026-09-29 15:00,1.9,2200000,0,,Publicada,/v2/compra-agil/867990-548-COT26
514862-310-COT26,Mobiliario,"10033001 ""ADQUISICION DE MOBILIARIO DE JUEGOS PARA COLEGIOS REDUCA""",CORPORACION MUNICIPAL DE PENALOLEN PARA EL DESARRO,2026-09-25 16:00,2026-09-29 17:00,2.0,5889900,1,,Publicada,/v2/compra-agil/514862-310-COT26
5701-165-COT26,Mobiliario,ADQUISICIÓN DE MOBILIARIO PARA DIGEPER NCU 261064251,Dirección General de Carabineros de Chile,2026-09-24 19:10,2026-09-29 16:00,2.0,1060000,0,,Publicada,/v2/compra-agil/5701-165-COT26
966865-43-COT26,Mobiliario,Solicitud N° 179. Mesa de reuniones para 12 personas. ,FUND TIEMPOS NUEVOS,2026-09-24 17:02,2026-09-29 16:00,2.0,1300000,0,,Publicada,/v2/compra-agil/966865-43-COT26
1293138-320-COT26,Mobiliario,SILLA TIPO COCHE NEUROLÓGICO PARA PRUEBAS,SERVICIO DE SALUD METROPOLITANO OCCIDENTE,2026-09-25 12:08,2026-09-30 10:00,2.7,1579000,0,,Publicada,/v2/compra-agil/1293138-320-COT26
1238534-2-COT26,Mobiliario,Compra de 8 sillas ergonómicas para funcionarios del CPEIP,C. Perfeccionamieno y Experimentaciones Pedagógica,2026-09-25 17:43,2026-09-30 12:00,2.8,1000000,0,,Publicada,/v2/compra-agil/1238534-2-COT26
1867-83-COT26,Mobiliario,"Servicio de retiro, transporte de mobiliario y bienes  inventariables dados de baja.",DIRECCION GENERAL DE MOVILIZACIONN NACIONAL,2026-09-23 16:46,2026-09-30 11:00,2.8,900000,0,,Publicada,/v2/compra-agil/1867-83-COT26
744835-581-COT26,Mobiliario,JUEGOS DE MESA/ DIDÁCTICOS/ ESTUCHES DE LÁPICES,I MUNICIPALIDAD DE LO ESPEJO,2026-09-23 10:51,2026-09-30 11:30,2.8,1000000,0,,Publicada,/v2/compra-agil/744835-581-COT26
5543-45-COT26,Mobiliario,Arriendo Mobiliario Feria Descubriendo Conocimientos 2026,UNIVERSIDAD DE CHILE,2026-09-24 16:29,2026-09-30 15:00,2.9,850000,0,,Publicada,/v2/compra-agil/5543-45-COT26
1549-3961-COT26,Mobiliario,XPP/ EXT /SE REQUIERE VISITA TECNICA DIAGNOSTICO PARA EQUIPOS AUDIOVISUALES Y MOBILIARIO PARA AUDITORIO CENTRAL,SERVICIO DE SALUD METROPOLITANA NORTE HOSPITAL SAN JOSE,2026-09-16 11:37,2026-10-01 12:00,3.8,7172100,0,,Publicada,/v2/compra-agil/1549-3961-COT26
2793-849-COT26,Oficina y Papelería,"BOLSAS DE TELA CREA, PARA AYUDAS TÉCNICAS DEL PROGRAMA OFICINA DE INCLUSIÓN SOCIAL PARA PERSONAS CON DISCAPACIDAD",Iluste Municipalidad de Huechuraba,2026-09-24 13:21,2026-09-27 13:30,-0.1,400000,0,SI,Publicada,/v2/compra-agil/2793-849-COT26
542343-48-COT26,Oficina y Papelería,WD 4746 TONER,UNIVERSIDAD DE CHILE,2026-09-23 10:43,2026-09-27 15:00,-0.1,6000000,0,SI,Publicada,/v2/compra-agil/542343-48-COT26
1274188-617-COT26,Oficina y Papelería,ADQUISICIÓN DE ARTCULOS DE OFICINA/ESCOLARES PARA EL ESTABLECIMIENTO LICEO A-131 SECCION BASICA RBD-10638 SOLICITUD N°310 ,CORPORACION DE DESARROLLO SOCIAL DE BUIN,2026-09-25 11:16,2026-09-27 22:00,0.2,296572,0,SI,Publicada,/v2/compra-agil/1274188-617-COT26
1456837-48-COT26,Oficina y Papelería,Adquisición de Mueble Base para Oficina,SERVICIO LOCAL DE EDUCACIÓN PÚBLICA LA QUEBRADA,2026-09-25 11:00,2026-09-28 06:00,0.6,120000,0,SI,Publicada,/v2/compra-agil/1456837-48-COT26
2765-465-COT26,Oficina y Papelería,Adquisición e instalación de puerta y ventana para oficina de Concejalía La Cisterna,I MUNICIPALIDAD DE LA CISTERNA,2026-09-10 12:10,2026-09-28 07:30,0.6,400000,3,,Publicada,/v2/compra-agil/2765-465-COT26
699360-54-COT26,Oficina y Papelería,"Adquisición de Impresoras Multifuncionales Color Tinta Continua con Dúplex, Escáner y Fax",Dirección General de Carabineros de Chile ,2026-09-26 13:42,2026-09-28 09:00,0.7,5000000,0,SI,Publicada,/v2/compra-agil/699360-54-COT26
5067-2292-COT26,Oficina y Papelería,Adquisición de tintas para impresora,UNIVERSIDAD DE SANTIAGO DE CHILE,2026-09-25 15:30,2026-09-28 10:00,0.7,216000,0,SI,Publicada,/v2/compra-agil/5067-2292-COT26
2371-362-COT26,Oficina y Papelería,"SP-422  EXP. 14997 IMPLEMENTOS DE PROTECCION, OFICINA DE DISCAPACIDAD, DIDECO.",ILUSTRE MUNICIPALIDAD DE CERRO NAVIA,2026-09-25 12:35,2026-09-28 10:00,0.7,7000000,0,SI,Publicada,/v2/compra-agil/2371-362-COT26
975-69-COT26,Oficina y Papelería,Adquisición papel Bond,MINISTERIO DE OBRAS PUBLICAS DIREC CION GRAL DE OO PP DCYF,2026-09-25 10:58,2026-09-28 09:00,0.7,200000,0,SI,Publicada,/v2/compra-agil/975-69-COT26
1493149-53-COT26,Oficina y Papelería,ADQUISICIÓN DE PAPEL BRAILLON PARA THERMOFORM,UNIVERSIDAD METROPOLITANA DE CIENCIAS DE LA EDUCAC,2026-09-25 09:49,2026-09-28 09:00,0.7,238000,0,SI,Publicada,/v2/compra-agil/1493149-53-COT26
766180-22-COT26,Oficina y Papelería,Adquisición de 100 rollos de papel higiénico d/h (50 metros c/rollo),Tribunal de Juicio Oral en lo Penal de Colina,2026-09-25 09:17,2026-09-28 10:00,0.7,75000,0,SI,Publicada,/v2/compra-agil/766180-22-COT26
5196-747-COT26,Oficina y Papelería,SAN42 ARTÍCULOS DE OFICINA,IIª Brigada Aérea,2026-09-25 08:22,2026-09-28 08:20,0.7,2575101,0,SI,Publicada,/v2/compra-agil/5196-747-COT26
2701-676-COT26,Oficina y Papelería,"Capacitación,  para  ""Fortalecimiento de competencias en la intervención con NNA"" (Inst: N°330) solicitado por  Dideco - Oficina Local De Niñez",I MUNICIPALIDAD DE TALAGANTE,2026-09-24 20:16,2026-09-28 08:30,0.7,1600000,0,SI,Publicada,/v2/compra-agil/2701-676-COT26
1057498-2400-COT26,Oficina y Papelería,ARTICULOS OFICINA,SERVICIO DE SALUD SUR HOSPITAL SANATORIO EL PINO,2026-09-24 19:02,2026-09-28 10:00,0.7,500000,11,,Publicada,/v2/compra-agil/1057498-2400-COT26
3658-449-COT26,Oficina y Papelería,COMPRA DE TINTA MULTIFUNCIONAL Y TONER ALTERNATIVO 58A ,I MUNICIPALIDAD DE CALERA DE TANGO,2026-09-24 16:56,2026-09-28 08:30,0.7,200000,0,SI,Publicada,/v2/compra-agil/3658-449-COT26
3658-444-COT26,Oficina y Papelería,"COMPRA DE RESMAS, CORCHETES, CLIPS, ARCHIVADORES, CARPETAS, ETC, SE ADJUNTA ARCHIVO CON LAS CANTIDADES SOLICITADAS, ADJUNTAR COTIZACION DETALLADA DE LOS PRODUCTOS OFRECIDOS. ",I MUNICIPALIDAD DE CALERA DE TANGO,2026-09-24 16:11,2026-09-28 08:30,0.7,1194000,0,SI,Publicada,/v2/compra-agil/3658-444-COT26
5518-94-COT26,Oficina y Papelería,"Provisión de Tóner, según especificaciones.",UNIVERSIDAD DE CHILE,2026-09-24 15:09,2026-09-28 08:00,0.7,3800000,0,SI,Publicada,/v2/compra-agil/5518-94-COT26
1213002-314-COT26,Oficina y Papelería,ADQUISICIÓN DE INSUMOS (RESMAS),CORP MUNICIPAL DE EDUCACION Y SAL,2026-09-24 13:07,2026-09-28 09:00,0.7,55000,0,SI,Publicada,/v2/compra-agil/1213002-314-COT26
1213002-313-COT26,Oficina y Papelería,ADQUISICIÓN DE ARTICULOS DE ESCRITORIO,CORP MUNICIPAL DE EDUCACION Y SAL,2026-09-24 12:49,2026-09-28 09:00,0.7,245400,0,SI,Publicada,/v2/compra-agil/1213002-313-COT26
1389584-121-COT26,Oficina y Papelería,ADQUISICIÓN DE RESMAS DE PAPEL CARTA Y OFICIO – ESCUELA CHOROMBO BAJO,DIRECCION COMUNAL DE EDUCACION - CORP MARIA PINTO ,2026-09-24 12:41,2026-09-28 08:00,0.7,768750,0,SI,Publicada,/v2/compra-agil/1389584-121-COT26
5707-36-COT26,Oficina y Papelería,ARTICULOS DE OFICINA,UNIVERSIDAD DE CHILE,2026-09-24 11:48,2026-09-28 10:00,0.7,350000,0,SI,Publicada,/v2/compra-agil/5707-36-COT26
1447930-411-COT26,Oficina y Papelería,SSP – Solicitud de insumos para Oficina de partes SSP,SUBSECRETARIA DE SEGURIDAD PUBLICA,2026-09-24 10:44,2026-09-28 10:00,0.7,4151160,0,SI,Publicada,/v2/compra-agil/1447930-411-COT26
4642-237-COT26,Oficina y Papelería,"PROVISIÓN E INSTALACIÓN DE CORTINAS ROLLER Y FILM SOLAR, PARA OFICINAS DEL DEPARTAMENTO DE SERVICIOS GENERALES DEL HOSPITAL DE CARABINEROS",FONDO PARA HOSPITALES DE CARABINEROS DE CHILE,2026-09-23 09:09,2026-09-28 09:30,0.7,1384898,0,SI,Publicada,/v2/compra-agil/4642-237-COT26
2793-833-COT26,Oficina y Papelería,ELEMENTOS PARA ACTIVIDADES OFICINA DE INCLUSION Y DIVERSIDAD,Iluste Municipalidad de Huechuraba,2026-09-21 09:12,2026-09-28 09:00,0.7,200000,5,,Publicada,/v2/compra-agil/2793-833-COT26
2961-876-COT26,Oficina y Papelería,MATERIALES DE OFICINA,I MUNICIPALIDAD DE LA GRANJA,2026-09-25 12:48,2026-09-28 12:40,0.8,900000,0,SI,Publicada,/v2/compra-agil/2961-876-COT26
4201-569-COT26,Oficina y Papelería,COMPRA DE MATERIALES DE OFICINA RSH ,I MUNICIPALIDAD DE CURACAVI,2026-09-25 11:23,2026-09-28 11:00,0.8,166000,0,SI,Publicada,/v2/compra-agil/4201-569-COT26
3316-150-COT26,Oficina y Papelería,REQUERIMIENTO DE ADQUISICIÓN DE TÓNER PARA IMPRESORAS BROTHER Y HP DE LA ESCUELA DE SUBOFICIALES DE CARABINEROS DE CHILE,"Dirección de Educación, Doctrina e Historia de Carabineros",2026-09-25 10:10,2026-09-28 11:00,0.8,4600000,0,SI,Publicada,/v2/compra-agil/3316-150-COT26
2082-10-COT26,Oficina y Papelería,Compra artículos de Oficina ,SERVICIO DE IMPUESTOS INTERNOS DIRECCION,2026-09-24 11:01,2026-09-28 12:00,0.8,1500000,0,SI,Publicada,/v2/compra-agil/2082-10-COT26
2082-9-COT26,Oficina y Papelería,Compra toalla mano papel,SERVICIO DE IMPUESTOS INTERNOS DIRECCION,2026-09-24 10:49,2026-09-28 12:00,0.8,1600000,0,SI,Publicada,/v2/compra-agil/2082-9-COT26
5529-109-COT26,Oficina y Papelería,Papel Plotter 24'',UNIVERSIDAD DE CHILE,2026-09-24 09:57,2026-09-28 12:00,0.8,65000,0,SI,Publicada,/v2/compra-agil/5529-109-COT26
1262137-63-COT26,Oficina y Papelería,SOLICITUD DE COTIZACIÓN  - MATERIALES DE OFICINA ,CORPORACION MUNICIPAL DE CULTURA DE TILTIL ,2026-09-23 18:08,2026-09-28 11:00,0.8,500000,0,SI,Publicada,/v2/compra-agil/1262137-63-COT26
5067-2266-COT26,Oficina y Papelería,"Adquisición de Tóner y Tintas patra Impresora - Decanato Facultad de Ciencias Médicas (FACIMED), USACH",UNIVERSIDAD DE SANTIAGO DE CHILE,2026-09-23 17:38,2026-09-28 11:00,0.8,290000,5,,Publicada,/v2/compra-agil/5067-2266-COT26
2403-805-COT26,Oficina y Papelería,Adquisición de materiales de ferretería  para habilitación de oficinas.,I MUNICIPALIDAD DE PENALOLEN,2026-09-25 17:20,2026-09-28 15:00,0.9,7000000,0,SI,Publicada,/v2/compra-agil/2403-805-COT26
5196-751-COT26,Oficina y Papelería,SAN51 CARTUCHO IMPRESORA,IIª Brigada Aérea,2026-09-25 14:29,2026-09-28 14:30,0.9,107100,0,SI,Publicada,/v2/compra-agil/5196-751-COT26
1274189-444-COT26,Oficina y Papelería,Sillas de escritorio y escritorios con cajon (variados) - Dirección de Salud - Solic nro - 0502,CORPORACION DE DESARROLLO SOCIAL DE BUIN,2026-09-25 13:49,2026-09-28 15:00,0.9,810295,0,SI,Publicada,/v2/compra-agil/1274189-444-COT26
2395-925-COT26,Oficina y Papelería,(Sol. de Ped. 919) Compra de materiales de escritorio,I MUNICIPALIDAD PEDRO AGUIRRE CERDA,2026-09-25 13:37,2026-09-28 14:00,0.9,388000,0,SI,Publicada,/v2/compra-agil/2395-925-COT26
2583-772-COT26,Oficina y Papelería,S/P 395 ADQUISICION DE ARTICULOS DE OFICINA / DIDECO-DEP. DE CUIDADO Y PERSONAS MAYORES / SBN,I MUNICIPALIDAD DE MAIPU,2026-09-25 13:22,2026-09-28 13:00,0.9,136850,0,SI,Publicada,/v2/compra-agil/2583-772-COT26
3825-285-COT26,Oficina y Papelería,Compra estantes y sillas de escritorios ( Red Local de Apoyos y Cuidados) ,I MUNICIPALIDAD DE PADRE HURTADO,2026-09-25 12:10,2026-09-28 15:00,0.9,600000,0,SI,Publicada,/v2/compra-agil/3825-285-COT26
3825-284-COT26,Oficina y Papelería,Compra de Escritorios y Sillas de Escritorio (Programa OLN) ,I MUNICIPALIDAD DE PADRE HURTADO,2026-09-25 11:57,2026-09-28 15:00,0.9,2020230,0,SI,Publicada,/v2/compra-agil/3825-284-COT26
1736-618-COT26,Oficina y Papelería,"Adquisición de materiales de oficina de uso terapéutico, para ser destinados al Programa ""Red Local de Apoyos y Cuidados (RLAC)"", según FUSC N°642 de SALUD.",I MUNICIPALIDAD DE LA COMUNA DE EL BOSQUE,2026-09-25 11:57,2026-09-28 13:00,0.9,1126640,0,SI,Publicada,/v2/compra-agil/1736-618-COT26
605-183-COT26,Oficina y Papelería,El Consejo de Defensa del Estado requiere contratar la publicación en formato papel de extracto judicial en un diario de circulación nacional,Consejo de Defensa del Estado,2026-09-25 08:25,2026-09-28 15:00,0.9,500000,0,SI,Publicada,/v2/compra-agil/605-183-COT26
1360-56-COT26,Oficina y Papelería,"Buscapolo, pelacables y cuchillos cartoneros.",Servicio de Registro Civil e Identificacion,2026-09-24 17:37,2026-09-28 15:01,0.9,200000,0,SI,Publicada,/v2/compra-agil/1360-56-COT26
218-533-COT26,Oficina y Papelería,ADQUISICIÓN DE ARTICULOS DE OFICINA PARA EL CORRECTO DESARROLLO DEL PROGRAMA FOMIL 2026/2027                  ,I MUNICIPALIDAD SAN JOAQUIN,2026-09-24 15:42,2026-09-28 13:00,0.9,246184,0,SI,Publicada,/v2/compra-agil/218-533-COT26
805-22-COT26,Oficina y Papelería, MATERIALES DE OFICINA,CORP NACIONAL DE DESARROLLO INDIGENA,2026-09-24 13:40,2026-09-28 14:00,0.9,1054448,0,SI,Publicada,/v2/compra-agil/805-22-COT26
5539-134-COT26,Oficina y Papelería, Alineadores de Papel (Jogger para hojas de papel),UNIVERSIDAD DE CHILE,2026-09-24 11:42,2026-09-28 15:00,0.9,3000000,0,SI,Publicada,/v2/compra-agil/5539-134-COT26
1570-12-COT26,Oficina y Papelería,ARTICULOS DE ESCRITORIO Y OFICINA,Agencia Nacional de Inteligencia,2026-09-25 12:54,2026-09-28 16:30,1.0,2000000,0,,Publicada,/v2/compra-agil/1570-12-COT26
2460-944-COT26,Oficina y Papelería,Adquisición de vasos polipapel y set de cuchillos ,I MUNICIPALIDAD DE PROVIDENCIA,2026-09-24 13:55,2026-09-28 15:30,1.0,80000,0,SI,Publicada,/v2/compra-agil/2460-944-COT26
449-327-COT26,Oficina y Papelería,Panel divisorio oficina DAF,I MUNICIPALIDAD DE LA REINA,2026-09-24 10:23,2026-09-28 16:00,1.0,3000000,0,SI,Publicada,/v2/compra-agil/449-327-COT26
538598-731-COT26,Oficina y Papelería, Hospital Metropolitano: Papel para desfibrilador papel mediana D500 8 x 8 cm,HOSPITAL METROPOLITANO DE SANTIAGO,2026-09-23 18:31,2026-09-28 16:01,1.0,1000000,0,SI,Publicada,/v2/compra-agil/538598-731-COT26
744835-583-COT26,Oficina y Papelería,CARPETAS - CORCHETERAS - LÁPIZ-Y OTROS MATERIALES DE OFICINA ( DIDECO- Desarrollo Económico Local),I MUNICIPALIDAD DE LO ESPEJO,2026-09-23 15:54,2026-09-28 16:00,1.0,463084,0,SI,Publicada,/v2/compra-agil/744835-583-COT26
1480067-71-COT26,Oficina y Papelería,PTR N° S-110/ 1480067-71-COT26 /SUMINISTRO/10 TONER HP 150A NEGRO ORIGINALES NO ALTERNATIVOS.,MUNICIPALIDAD DE VITACURA,2026-09-26 13:51,2026-09-28 18:00,1.1,799900,0,,Publicada,/v2/compra-agil/1480067-71-COT26
1057474-168-COT26,Oficina y Papelería,ADQUISICIÓN DE 03 ESCRITORIOS EN L CON CAJONERA,SERVICIO DE SALUD METROPOLITANO NORTE,2026-08-26 16:59,2026-09-29 02:51,1.4,750000,20,,Publicada,/v2/compra-agil/1057474-168-COT26
2583-677-COT26,Oficina y Papelería,S/P 365 ADQUISICION DE EQUIPAMIENTO E INSUMOS PARA LA OFICINA / DIDECO-DEP. DE NIÑEZ / SBN ,I MUNICIPALIDAD DE MAIPU,2026-08-21 16:20,2026-09-29 04:34,1.5,555265,9,,Publicada,/v2/compra-agil/2583-677-COT26
2583-770-COT26,Oficina y Papelería,S/P398 ADQUISICION DE MATERIALES -ARTICULOS DE OFICINA E INSUMOS DE ALIMENTACION / DIPRESEC / SBN ,I MUNICIPALIDAD DE MAIPU,2026-09-25 10:37,2026-09-29 09:00,1.7,430019,0,,Publicada,/v2/compra-agil/2583-770-COT26
5537-273-COT26,Oficina y Papelería,Apoya Pies Ergonómico para Oficina ,UNIVERSIDAD DE CHILE,2026-09-24 17:30,2026-09-29 10:00,1.7,1000000,0,,Publicada,/v2/compra-agil/5537-273-COT26
1057500-151-COT26,Oficina y Papelería,programacion de escritorio ,SERVICIO DE SALUD METROPOLITANO SUR ORIENTE,2026-09-15 09:39,2026-09-29 10:03,1.7,1000000,1,,Publicada,/v2/compra-agil/1057500-151-COT26
2412-462-COT26,Oficina y Papelería,MATERIALES DE OFICINA (EXP. N°17959 - CIP N°361 – DCP 230),I MUNICIPALIDAD DE LO PRADO,2026-09-23 12:00,2026-09-29 11:00,1.8,226670,2,,Publicada,/v2/compra-agil/2412-462-COT26
1157-169-COT26,Oficina y Papelería,"Adquisición de materiales de oficina para dependencias de oficina sectorial SAG-Aeropuerto,",SERVICIO AGRICOLA Y GANADERO,2026-09-21 15:52,2026-09-29 11:00,1.8,350000,0,,Publicada,/v2/compra-agil/1157-169-COT26
1411-1171-COT26,Oficina y Papelería,Adquisición Tarjeta de Alimentación para la Oficina de Capacitación Regional. ,Dirección Regional de Gendarmeria - Metropolitana,2026-09-16 16:16,2026-09-30 06:05,2.6,200000,2,,Publicada,/v2/compra-agil/1411-1171-COT26
5542-122-COT26,Oficina y Papelería,Silla Oficina Élite Ergonómica Soporte Lumbar Cervical Ajustable,UNIVERSIDAD DE CHILE,2026-09-22 17:04,2026-09-30 10:00,2.7,200000,0,,Publicada,/v2/compra-agil/5542-122-COT26
1075956-135-COT26,Oficina y Papelería,ADQUISICIÓN DE MATERIALES DE OFICINA - SEGÚN REQUERIMIENTOS TECNICOS ADJUNTOS - PRESUPUESTO DISPONIBLE $ 415.885.-,DEPARTAMENTO CONTROL FINANCIERO,2026-09-15 09:55,2026-09-30 10:00,2.7,415885,0,,Publicada,/v2/compra-agil/1075956-135-COT26
599-68-COT26,Oficina y Papelería, ADQUISICIÓN DE MATERIALES DE OFICINA,JUNTA NACIONAL DE JARDINES         INFANTILES,2026-09-25 16:04,2026-09-30 12:00,2.8,1745693,0,,Publicada,/v2/compra-agil/599-68-COT26
599-67-COT26,Oficina y Papelería,ADQUISICIÓN DE MATERIALES DE OFICINA,JUNTA NACIONAL DE JARDINES         INFANTILES,2026-09-25 15:36,2026-09-30 12:00,2.8,1745693,0,,Publicada,/v2/compra-agil/599-67-COT26
3654-145-COT26,Oficina y Papelería,ADQUISICIÓN DE PAPEL FOTOCOPIA OFICIO,INSTITUTO DE INVESTIGACIONES Y CONTROL,2026-09-17 10:49,2026-09-30 11:04,2.8,516698,23,,Publicada,/v2/compra-agil/3654-145-COT26
1037199-15-COT26,Oficina y Papelería,Construcción tabiquería cierre de oficina en el TDLC,TRIBUNAL DE DEFENSA DE LA LIBRE COMPETENCIA,2026-09-21 07:32,2026-09-30 18:00,3.1,500000,0,,Publicada,/v2/compra-agil/1037199-15-COT26
3179-299-COT26,Oficina y Papelería,"ADQUISICION E INSTALACION DE CORTINAJE, DESTINADO A LA OFICINA DE OFICIALES, DEPENDIENTE DEL DEPTO. L.2. ",DIRECCION DE LOGISTICA DE CARABINEROS,2026-09-25 11:42,2026-10-02 15:00,4.9,725238,0,,Publicada,/v2/compra-agil/3179-299-COT26
761-175-COT26,Oficina y Papelería,Impresión de papelería ( Folletos PTRAC) E10394/2026					,SUBSECRETARIA DE DESARROLLO REGIONAL Y ADMINISTRATIVO,2026-09-25 10:22,2026-10-06 12:00,8.8,2500000,0,,Publicada,/v2/compra-agil/761-175-COT26
1057491-574-COT26,Otros / Sin clasificar,D182  SET APLICACION GRANUFOAM CHICO y D325  INFO VAC CANISTER (DESPACHO PARCIAL),SERVICIO DE SALUD ORIENTE HOSPITAL LUIS CALVO MACKENNA,2026-03-12 11:46,2026-03-13 13:13,-198.1,4012680,0,SI,Publicada,/v2/compra-agil/1057491-574-COT26
3328-563-COT26,Otros / Sin clasificar,DNF/METRONIDAZOL (R22),HOSPITAL CLINICO DE LA FUERZA AEREA GRAL DR RAUL YAZIGI JAUREGUI,2026-04-13 14:59,2026-04-14 15:10,-166.1,800000,0,SI,Publicada,/v2/compra-agil/3328-563-COT26
1676-6-COT26,Otros / Sin clasificar,OP_EM: Arriendo de Equipo con Rayos X con Arco C por 3 meses ,HOSPITAL PADRE ALBERTO HURTADO,2026-04-28 11:06,2026-04-29 12:00,-151.2,6000000,0,SI,Publicada,/v2/compra-agil/1676-6-COT26
5153-954-COT26,Otros / Sin clasificar,ADQUISICIÓN DE ACCESORIOS PARA TORRES DE ENDOSCOPIA,UNIVERSIDAD DE CHILE,2026-05-13 09:18,2026-05-14 10:00,-136.3,3000000,0,SI,Publicada,/v2/compra-agil/5153-954-COT26
564162-389-COT26,Otros / Sin clasificar,PASAJE INTERNACIONAL SANTIAGO (CHILE) – VANCOUVER (CANADÁ).,UNIVERSIDAD DE SANTIAGO DE CHILE,2026-05-26 09:29,2026-05-27 10:00,-123.3,1500000,0,SI,Publicada,/v2/compra-agil/564162-389-COT26
1057495-406-COT26,Otros / Sin clasificar, ADQUISICION DE TORULA para vigilancia para pacientes oncohematológicos. para el hdlc,SERVICIO DE SALUD SUR HOSPITAL LUCIO CORDOVA,2026-06-12 12:55,2026-06-13 13:00,-106.1,1,0,SI,Publicada,/v2/compra-agil/1057495-406-COT26
1641-4023-COT26,Otros / Sin clasificar,"03-002-222-140	CONECTOR EN Y LUER 1/4 X 1/4 X 1/4 (presentar ficha técnica, no se acepta cotización a $ 1 y tampoco ficha comercial de la empresa)",SERVICIO DE SALUD OCCIDENTE HOSPITAL SAN JUAN DE DIOS,2026-07-14 08:45,2026-07-21 14:55,-68.1,200000,2,,Publicada,/v2/compra-agil/1641-4023-COT26
1057491-1779-COT26,Otros / Sin clasificar,KIT LAVADO OCULAR DE EMERGENCIA DE 5 LITROS,SERVICIO DE SALUD ORIENTE HOSPITAL LUIS CALVO MACKENNA,2026-09-26 14:42,2026-09-27 15:00,-0.1,2000000,0,SI,Publicada,/v2/compra-agil/1057491-1779-COT26
759-302-COT26,Otros / Sin clasificar,"CURSO TRAMITACIÓN Y FORMACIÓN DE LA LEY EN CHILE, CON ENFOQUE DE GÉNERO",SUBSECRETARIA DEL MINISTERIO DE JUSTICIA,2026-09-25 17:15,2026-09-27 15:00,-0.1,5000000,0,SI,Publicada,/v2/compra-agil/759-302-COT26
800-6925-COT26,Otros / Sin clasificar,660990	 RECARGA P/STAPLER LINEAL CORTANTE 75 MM TI,UNIVERSIDAD DE CHILE,2026-09-25 13:43,2026-09-27 13:46,-0.1,7172100,0,SI,Publicada,/v2/compra-agil/800-6925-COT26
758-476-COT26,Otros / Sin clasificar,SC 25826 SERVICIO DE CAMBIO Y PUESTA EN MARCHA DEL PTO DEL SIMULADOR SISMICO ,SERVICIO NACIONAL DE PREVENCIÓN Y RESPUESTA ANTE DESASTRES,2026-09-23 16:15,2026-09-27 13:44,-0.1,3000000,0,SI,Publicada,/v2/compra-agil/758-476-COT26
2789-368-COT26,Otros / Sin clasificar,SERVICIO DE APLICACIÓN DE EXÁMENES CAMBRIDGE ENGLISH B1 PRELIMINARY Y ACOMPAÑAMIENTO ACADÉMICO - LICEO ENRIQUE BERNSTEIN,I MUNICIPALIDAD DE PAINE,2026-09-23 10:40,2026-09-27 14:19,-0.1,5154604,0,SI,Publicada,/v2/compra-agil/2789-368-COT26
578459-792-COT26,Otros / Sin clasificar, INSUMOS- MEMO 234-89/26-PROGRAMA CECOSF-NICOLE CIFUENTES-CECOSF LA ISLITA,CORP MUNICIPAL DE ISLA DE MAIPO PARA L,2026-09-23 09:33,2026-09-27 14:26,-0.1,453400,0,SI,Publicada,/v2/compra-agil/578459-792-COT26
1057491-1780-COT26,Otros / Sin clasificar,"DESCENSO TROCÁNTER MAYOR DERECHO, OSTEOTOMÍA DE ALINEAMIENTO TIBIA IZQUIERDA (CIRUGIA PACIENTE)",SERVICIO DE SALUD ORIENTE HOSPITAL LUIS CALVO MACKENNA,2026-09-26 15:21,2026-09-27 15:30,-0.0,2400000,0,SI,Publicada,/v2/compra-agil/1057491-1780-COT26
1058078-838-COT26,Otros / Sin clasificar,gabapentina 10mg /100ml,Hospital San José de Melipilla,2026-09-25 17:17,2026-09-27 17:32,0.0,100000,0,SI,Publicada,/v2/compra-agil/1058078-838-COT26
1058078-836-COT26,Otros / Sin clasificar,Insumos de medicina fisica y rehabilitacion,Hospital San José de Melipilla,2026-09-25 16:51,2026-09-27 17:28,0.0,600000,0,SI,Publicada,/v2/compra-agil/1058078-836-COT26
2393-1325-COT26,Otros / Sin clasificar,"Agua mineral, Jugos, Galletas y Otros Sol.N°1528 dideco",I MUNICIPALIDAD PEDRO AGUIRRE CERDA,2026-09-25 12:49,2026-09-27 16:21,-0.0,210000,1,,Publicada,/v2/compra-agil/2393-1325-COT26
1393575-37-COT26,Otros / Sin clasificar,Generador Códigos QR + Analítica,FUNDACION IMAGEN DE CHILE,2026-09-24 17:04,2026-09-27 17:00,0.0,270000,0,SI,Publicada,/v2/compra-agil/1393575-37-COT26
1057503-2489-COT26,Otros / Sin clasificar,"HOJA BISTURI N°11,15 y21 ",HOSPITAL PADRE ALBERTO HURTADO,2026-09-24 12:08,2026-09-27 15:13,-0.0,450000,17,,Publicada,/v2/compra-agil/1057503-2489-COT26
1057491-1781-COT26,Otros / Sin clasificar,CIRUGIA MAXILOFACIAL PACIENTE PEDIATRICO,SERVICIO DE SALUD ORIENTE HOSPITAL LUIS CALVO MACKENNA,2026-09-26 18:11,2026-09-27 18:15,0.1,500000,0,SI,Publicada,/v2/compra-agil/1057491-1781-COT26
1387-43-COT26,Otros / Sin clasificar,AVR REQUIERE ARTICULOS PARA DESARROLLAR JORNADA PARADEPORTIVA,Departamento Provincial de Educación Sur,2026-09-25 17:15,2026-09-27 18:00,0.1,780000,0,SI,Publicada,/v2/compra-agil/1387-43-COT26
721703-117-COT26,Otros / Sin clasificar,Servicio de Enlace de Internet Dedicado 200/100 Mbps,AGENCIA DE CALIDAD DE LA EDUCACION,2026-09-25 12:36,2026-09-27 18:00,0.1,7028550,0,SI,Publicada,/v2/compra-agil/721703-117-COT26
1058097-904-COT26,Otros / Sin clasificar,DOXORRUBICINA PREPARADO MAGISTRAL ONCOLÓGICO,HOSPITAL PADRE ALBERTO HURTADO,2026-09-25 11:30,2026-09-27 18:00,0.1,200000,0,SI,Publicada,/v2/compra-agil/1058097-904-COT26
3970-27-COT26,Otros / Sin clasificar,“Curso de Fraudes Financieros”,Dirección General de Carabineros de Chile,2026-09-22 12:58,2026-09-27 18:47,0.1,6750000,4,,Publicada,/v2/compra-agil/3970-27-COT26
3654-150-COT26,Otros / Sin clasificar,ADQUISICIÓN DE DESOXIOL II BIDÓN DE 22 LITROS,INSTITUTO DE INVESTIGACIONES Y CONTROL,2026-09-17 11:45,2026-09-27 18:07,0.1,299999,2,,Publicada,/v2/compra-agil/3654-150-COT26
3654-148-COT26,Otros / Sin clasificar,ADQUISICIÓN DE BALIZAS AZUL/ÁMBAR APERNADA 12-48V,INSTITUTO DE INVESTIGACIONES Y CONTROL,2026-09-17 11:36,2026-09-27 18:46,0.1,159998,5,,Publicada,/v2/compra-agil/3654-148-COT26
1057491-1782-COT26,Otros / Sin clasificar,INSUMOS PARA CIRUGIAS PABELLON DE CARDIOVASCULAR Y QUIRURGICO,SERVICIO DE SALUD ORIENTE HOSPITAL LUIS CALVO MACKENNA,2026-09-26 21:04,2026-09-27 21:15,0.2,7100000,0,SI,Publicada,/v2/compra-agil/1057491-1782-COT26
1274188-622-COT26,Otros / Sin clasificar,ADQUISICIÓN DE TEXTOS PARA EL ESTABLECIMIENTO ESCUELA ROSALES DEL BAJO RBD-10651 SOLICITUD N°147 		,CORPORACION DE DESARROLLO SOCIAL DE BUIN,2026-09-25 13:14,2026-09-27 22:00,0.2,7021000,0,SI,Publicada,/v2/compra-agil/1274188-622-COT26
1268335-28-COT26,Otros / Sin clasificar, ADQUISICIÓN E INSTALACION DE AIRE ACONDICIONADO PARA CORPORACION DE DESARROLLO SOCIAL DE BUIN SOLICITUD N°8,CORPORACION DE DESARROLLO SOCIAL DE BUIN,2026-09-25 12:54,2026-09-27 22:00,0.2,1071000,0,SI,Publicada,/v2/compra-agil/1268335-28-COT26
1268335-22-COT26,Otros / Sin clasificar,ADQUISICIÓN DE PROTECTOR SOLAR PARA ADMINISTRACION CENTRAL RBD-EFAC SOLICITUD N°11 		,CORPORACION DE DESARROLLO SOCIAL DE BUIN,2026-09-25 11:29,2026-09-27 22:00,0.2,1523676,0,SI,Publicada,/v2/compra-agil/1268335-22-COT26
1274188-626-COT26,Otros / Sin clasificar,ADQUISICIÓN DE ACCESORIOS TALLER BANDA ESCOLAR PARA EL ESTABLECIMIENTO LICEO BICENTENARIO TECNICO PROFESIONAL RBD-25591 SOLICITUD N°192 		,CORPORACION DE DESARROLLO SOCIAL DE BUIN,2026-09-25 11:27,2026-09-27 22:00,0.2,539051,0,SI,Publicada,/v2/compra-agil/1274188-626-COT26
1268335-23-COT26,Otros / Sin clasificar,ADQUISICIÓN DE EXTINTORES PARA ADMINISTRACION CENTRAL RBD-EFAC SOLICITUD N°12		,CORPORACION DE DESARROLLO SOCIAL DE BUIN,2026-09-25 11:22,2026-09-27 22:00,0.2,2174487,0,SI,Publicada,/v2/compra-agil/1268335-23-COT26
2296-523-COT26,Otros / Sin clasificar,ADQUISICIÓN DE POLIZA DE SEGUROS PERSONALES | PROYECTO SB26-RRHH-0005,I MUNICIPALIDAD DE CONCHALI,2026-08-30 01:03,2026-09-27 22:54,0.3,130000,4,,Publicada,/v2/compra-agil/2296-523-COT26
1211839-480-COT26,Otros / Sin clasificar,Antenas para Neuro Puente Alto,CORP MUNIC EDUC SALUD Y ATENCION,2026-09-24 17:36,2026-09-28 02:23,0.4,800000,0,SI,Publicada,/v2/compra-agil/1211839-480-COT26
711841-74-COT26,Otros / Sin clasificar,E63963/2026 Activación EVS: Caminata con adultos mayores,SUBSECRETARIA DE SERVICIOS SOCIALES,2026-09-22 15:54,2026-09-28 02:05,0.4,7172100,0,SI,Publicada,/v2/compra-agil/711841-74-COT26
1298354-413-COT26,Otros / Sin clasificar,CONTRATACIÓN DEL “SERVICIO DE ENTRADAS A CENTRO EDUCATIVO Y DE ENTRETENCIÓN INFANTIL”												,DIRECCION DE EDUCACION,2026-09-25 15:34,2026-09-28 03:43,0.5,5554760,1,,Publicada,/v2/compra-agil/1298354-413-COT26
1057499-272-COT26,Otros / Sin clasificar,Adquisición de Sets para Cesfam Haydee Lopez ,SERVICIO DE SALUD SUR UNIDAD HOSPITALARI,2026-09-09 16:56,2026-09-28 04:21,0.5,696000,2,,Publicada,/v2/compra-agil/1057499-272-COT26
1973-830-COT26,Otros / Sin clasificar,MONITOR SIGNO VITALES (DINAMAP),CENTRO DE REFERENCIA DE SALUD DE PENALOLEN CORDILLERA ORIENTE,2026-09-25 11:09,2026-09-28 06:00,0.6,452200,0,SI,Publicada,/v2/compra-agil/1973-830-COT26
5610-549-COT26,Otros / Sin clasificar,Trajes ,UNIVERSIDAD DE CHILE,2026-09-25 10:21,2026-09-28 07:00,0.6,300000,0,SI,Publicada,/v2/compra-agil/5610-549-COT26
761391-858-COT26,Otros / Sin clasificar,"BAEB-GBA/ALIM/KVR/135/2026/ADQ. ARTICULOS DESECHABLES, FOMENTO PCP OESTE.",Comando de Personal,2026-09-24 13:30,2026-09-28 07:00,0.6,1000000,0,SI,Publicada,/v2/compra-agil/761391-858-COT26
761391-857-COT26,Otros / Sin clasificar,"BAEB-GBA/ALIM/KVR/133/2026/ADQ. ARTÍCULOS DESECHABLES, FOMENTO CASINO OFICIALES.",Comando de Personal,2026-09-24 12:24,2026-09-28 07:00,0.6,500000,0,SI,Publicada,/v2/compra-agil/761391-857-COT26
1293138-317-COT26,Otros / Sin clasificar,MOCHILA DE EMERGENCIA,SERVICIO DE SALUD METROPOLITANO OCCIDENTE,2026-09-21 11:41,2026-09-28 07:30,0.6,1300000,3,,Publicada,/v2/compra-agil/1293138-317-COT26
813-618-COT26,Otros / Sin clasificar,(E1O2RT9) SBS 636; Reactivos marca SIEMENS para Pruebas Biológicas,INSTITUTO DE SALUD PUBLICA DE CHILE,2026-09-21 09:52,2026-09-28 07:00,0.6,7172100,1,,Publicada,/v2/compra-agil/813-618-COT26
2395-937-COT26,Otros / Sin clasificar,DROGUERIA// MAGNESIO SULFATO 25%5ML AMPOLLAS// //VITAMINA B6 AMPOLLAS// ESCOPOLAMINA 20MG AMPOLLAS,I MUNICIPALIDAD PEDRO AGUIRRE CERDA,2026-09-26 12:55,2026-09-28 09:00,0.7,600000,0,SI,Publicada,/v2/compra-agil/2395-937-COT26
2395-936-COT26,Otros / Sin clasificar,DROGUERIA// SOLUCION PEROXIDO DE HIDROGENO SPRY 45 ML 0.03,I MUNICIPALIDAD PEDRO AGUIRRE CERDA,2026-09-26 12:46,2026-09-28 09:00,0.7,500000,0,SI,Publicada,/v2/compra-agil/2395-936-COT26
2395-935-COT26,Otros / Sin clasificar,DROGUERIA // CIPROFLOXACINO +HIDROCORTISONA 0.2%/0.1% (SUSPENSION OTICA 5ML),I MUNICIPALIDAD PEDRO AGUIRRE CERDA,2026-09-26 12:43,2026-09-28 09:00,0.7,300000,0,SI,Publicada,/v2/compra-agil/2395-935-COT26
2395-934-COT26,Otros / Sin clasificar,DROGUERIA// SODIO CLORURO 0.9%SOLUCION NASAL 30ML ,I MUNICIPALIDAD PEDRO AGUIRRE CERDA,2026-09-26 12:40,2026-09-28 09:00,0.7,500000,0,SI,Publicada,/v2/compra-agil/2395-934-COT26
2395-933-COT26,Otros / Sin clasificar,DROGUERIA //MEBENDAZOL SUSPENSION VIALORAL 100MG/5ML ,I MUNICIPALIDAD PEDRO AGUIRRE CERDA,2026-09-26 12:35,2026-09-28 09:00,0.7,400000,0,SI,Publicada,/v2/compra-agil/2395-933-COT26
2395-932-COT26,Otros / Sin clasificar,DROGUERIA //MODAFINILO 100MG COMPRIMIDOS ,I MUNICIPALIDAD PEDRO AGUIRRE CERDA,2026-09-26 12:32,2026-09-28 09:00,0.7,400000,0,SI,Publicada,/v2/compra-agil/2395-932-COT26
2395-931-COT26,Otros / Sin clasificar,DROGUERIA /ONDASENTRON 8MG/4ML AMPOLLAS ,I MUNICIPALIDAD PEDRO AGUIRRE CERDA,2026-09-26 12:16,2026-09-28 09:00,0.7,300000,0,SI,Publicada,/v2/compra-agil/2395-931-COT26
2395-930-COT26,Otros / Sin clasificar,DROGUERIA /CETIRIZINA SOLUCION ORAL 5MG/5ML ,I MUNICIPALIDAD PEDRO AGUIRRE CERDA,2026-09-26 12:09,2026-09-28 09:00,0.7,800000,0,SI,Publicada,/v2/compra-agil/2395-930-COT26
2296-592-COT26,Otros / Sin clasificar,ADQUISICION DE DOMINO DE ESPUMA DIDACTICO FORMATO GIGANTE DE 28 PIEZAS ,I MUNICIPALIDAD DE CONCHALI,2026-09-26 10:24,2026-09-28 08:30,0.7,280000,0,SI,Publicada,/v2/compra-agil/2296-592-COT26
2296-590-COT26,Otros / Sin clasificar,ADQUISICION DE 1 SET DE TANGRAMA - PROYECTO SB25-VE-0003,I MUNICIPALIDAD DE CONCHALI,2026-09-26 10:01,2026-09-28 08:30,0.7,99000,0,SI,Publicada,/v2/compra-agil/2296-590-COT26
2296-588-COT26,Otros / Sin clasificar,ADQUISICION DE BOLSAS DE BASURA - LIMPIADOR DE PISOS Y TRAPEROS HUMEDOS - DIRECCION DIMAO ,I MUNICIPALIDAD DE CONCHALI,2026-09-26 09:33,2026-09-28 08:30,0.7,500000,0,SI,Publicada,/v2/compra-agil/2296-588-COT26
1422039-267-COT26,Otros / Sin clasificar,SC016 SERVICIO DE CÓCTEL PARA 150 PERSONAS - CELEBRA SANTIAGO,CORPORACION DE DESARROLLO TERRITORIAL Y TURISMO DE LA REGION METROPOLITANA,2026-09-25 21:38,2026-09-28 08:00,0.7,1500000,0,SI,Publicada,/v2/compra-agil/1422039-267-COT26
886182-205-COT26,Otros / Sin clasificar,Servicio alojamiento y alimentación para estudiantes Universidad de Aysén_2219 en Santiago,UNIVERSIDAD DE AYSEN,2026-09-25 18:34,2026-09-28 08:30,0.7,850000,0,SI,Publicada,/v2/compra-agil/886182-205-COT26
5484-97-COT26,Otros / Sin clasificar,"“ADQUISICIÓN DE TELESCOPIO, PARA INVESTIGADOR ASTRONOMO DEL IAI-UTA”",UNIVERSIDAD DE TARAPACA,2026-09-25 17:26,2026-09-28 10:00,0.7,1500000,0,SI,Publicada,/v2/compra-agil/5484-97-COT26
1431841-1125-COT26,Otros / Sin clasificar,MUNICIPALIDAD/Pendrives/SECPLA-Gest de Ejec y Control Presup,MUNICIPALIDAD DE RECOLETA,2026-09-25 17:09,2026-09-28 10:00,0.7,180000,0,SI,Publicada,/v2/compra-agil/1431841-1125-COT26
1238132-113-COT26,Otros / Sin clasificar,Renovación infografía,CORPORACION MUNICIPAL CLUB DE LA REINA SOCIAL DEPO,2026-09-25 16:49,2026-09-28 09:00,0.7,1170000,0,SI,Publicada,/v2/compra-agil/1238132-113-COT26
1080286-173-COT26,Otros / Sin clasificar,ADQUISICIÓN DE TOTEM INTERACTIVO PUBLICITARIO TOUCH 43 PULGADAS PARA CENCO,SECCIÓN COMPRAS ZONA METROPOLITANA,2026-09-25 16:31,2026-09-28 08:00,0.7,5200000,0,SI,Publicada,/v2/compra-agil/1080286-173-COT26
5609-153-COT26,Otros / Sin clasificar,Pasajes aéreos premiación Concurso de Ensayos Programa SUR–ADICA 2026,UNIVERSIDAD DE CHILE,2026-09-25 16:24,2026-09-28 09:00,0.7,850000,0,SI,Publicada,/v2/compra-agil/5609-153-COT26
2680-244-COT26,Otros / Sin clasificar,"ORD 217/216/215, ADQUSICION ENTRADAS, SALIDA PEDAGOGICA, PTTO SEP, PARA LICEO SAN FRANCISCO DE QUITO,",I MUNICIPALIDAD DE INDEPENDENCIA,2026-09-25 16:22,2026-09-28 09:00,0.7,4746200,0,SI,Publicada,/v2/compra-agil/2680-244-COT26
1057501-3333-COT26,Otros / Sin clasificar,20-224-700-233-00 Aguja Aspiracion Transbronquial Desechable 21g X 13mm,COMPLEJO ASISTENCIAL DR. SOTERO DEL RIO,2026-09-25 16:16,2026-09-28 08:00,0.7,7172100,0,SI,Publicada,/v2/compra-agil/1057501-3333-COT26
1461-38-COT26,Otros / Sin clasificar,RIEL Y MARCO VENTANA SALA DE CAMARAS DPP,DELEGACIÓN PRESIDENCIAL PROVINCIAL DE MAIPO,2026-09-25 16:14,2026-09-28 09:00,0.7,400000,0,SI,Publicada,/v2/compra-agil/1461-38-COT26
1057501-3332-COT26,Otros / Sin clasificar,20-224-700-020-00 Aguja Desechable 27g X 1/2,COMPLEJO ASISTENCIAL DR. SOTERO DEL RIO,2026-09-25 16:08,2026-09-28 08:00,0.7,7172100,0,SI,Publicada,/v2/compra-agil/1057501-3332-COT26
777304-3212-COT26,Otros / Sin clasificar,CUCHARA- REVOLVEDOR DE CAFE- SERVILLETA- PLATO DESECHABLE - TENEDOR DESECHABLE,HOSPITAL CLINICO METROPOLITANO DE LA FLORIDA DOCTORA ELOISA DIAZ,2026-09-25 16:05,2026-09-28 08:30,0.7,700000,0,SI,Publicada,/v2/compra-agil/777304-3212-COT26
1057501-3331-COT26,Otros / Sin clasificar, 20-224-500-095-00 Sutura Absorbible Trenzada Monofilamento Violeta 3/0 S/A 12 X 45cm,COMPLEJO ASISTENCIAL DR. SOTERO DEL RIO,2026-09-25 16:05,2026-09-28 08:00,0.7,7172100,0,SI,Publicada,/v2/compra-agil/1057501-3331-COT26
757-410-COT26,Otros / Sin clasificar,DIPOL. ADQUISICIÓN DE POLERAS CON MENSAJE EDUCATIVO PARA FOMENTAR ACTIVIDAD FÍSICA ,SUBSECRETARIA DE SALUD PUBLICA,2026-09-25 16:04,2026-09-28 09:00,0.7,1000000,0,SI,Publicada,/v2/compra-agil/757-410-COT26
1057501-3330-COT26,Otros / Sin clasificar,20-224-450-004-00 Sutura Monofilamento No Absorbible Nylon  3-0 Negro 45 Cm. Aguja 3/8 Prime Reverso Cortante 24 Mm,COMPLEJO ASISTENCIAL DR. SOTERO DEL RIO,2026-09-25 16:03,2026-09-28 08:00,0.7,7172100,0,SI,Publicada,/v2/compra-agil/1057501-3330-COT26
2733-499-COT26,Otros / Sin clasificar,SC N°42456-ADQUISICIÓN DE GALVANOS Y MEDALLA PARA JORNADA DE RECONOCIMIENTOS A DOCENTES Y ASISTENTES DE LA EDUCACIÓN. ,I MUNICIPALIDAD DE PENAFLOR,2026-09-25 16:03,2026-09-28 10:00,0.7,1058000,0,SI,Publicada,/v2/compra-agil/2733-499-COT26
1057501-3329-COT26,Otros / Sin clasificar,20-224-400-016-00 Sutura No Absorbible Polipropileno Azul 2/0 1/2 Circ. Ahusada 22mm Hebra 75mm,COMPLEJO ASISTENCIAL DR. SOTERO DEL RIO,2026-09-25 16:02,2026-09-28 08:00,0.7,7172100,0,SI,Publicada,/v2/compra-agil/1057501-3329-COT26
1057501-3328-COT26,Otros / Sin clasificar,20-224-300-016-00 Sutura Monofilamento No Absorbible Nylon 2-0 Negro 45 Cm. Aguja 3/8 Reverso Cortante,COMPLEJO ASISTENCIAL DR. SOTERO DEL RIO,2026-09-25 15:59,2026-09-28 08:00,0.7,7172100,0,SI,Publicada,/v2/compra-agil/1057501-3328-COT26
1057501-3327-COT26,Otros / Sin clasificar,20-224-200-001-00 Sutura No Absorbible Trenzada De Seda Negra 1 C/A Cortante 35mm,COMPLEJO ASISTENCIAL DR. SOTERO DEL RIO,2026-09-25 15:58,2026-09-28 08:00,0.7,7172100,0,SI,Publicada,/v2/compra-agil/1057501-3327-COT26
2395-926-COT26,Otros / Sin clasificar,DROGUERIA/ACICLOVIR COMPRIMIDOS 400MG ,I MUNICIPALIDAD PEDRO AGUIRRE CERDA,2026-09-25 15:58,2026-09-28 09:00,0.7,300000,2,,Publicada,/v2/compra-agil/2395-926-COT26
2412-470-COT26,Otros / Sin clasificar,TE-GALLETAS-JUGOS (EXP. N°17.466 - CIP N°881 – DCP 247),I MUNICIPALIDAD DE LO PRADO,2026-09-25 15:55,2026-09-28 10:00,0.7,85087,0,SI,Publicada,/v2/compra-agil/2412-470-COT26
1393495-904-COT26,Otros / Sin clasificar,SC-56183/9883-3/SEP/ADQ. MEDALLAS ACRILICAS/JFM,Educación,2026-09-25 15:37,2026-09-28 09:00,0.7,810000,0,SI,Publicada,/v2/compra-agil/1393495-904-COT26
2686-448-COT26,Otros / Sin clasificar,ADQUISICIÓN DOMINIOS PARA LA MUNICIPALIDAD DE COLINA ,I MUNICIPALIDAD DE COLINA,2026-09-25 15:30,2026-09-28 10:00,0.7,2000000,0,SI,Publicada,/v2/compra-agil/2686-448-COT26
1058090-200-COT26,Otros / Sin clasificar,LURASIDONA 60 MG CM,SERVICIO DE SALUD SUR HOSPITAL EXEQUIEL,2026-09-25 15:04,2026-09-28 09:30,0.7,250000,0,SI,Publicada,/v2/compra-agil/1058090-200-COT26
2484-231-COT26,Otros / Sin clasificar,"""ADQUISICIÓN DE BOLSAS PARA LECHE MATERNA Y PECHO DE GOMA (FANTOMA MAMARIO) """,I MUNICIPALIDAD DE QUILICURA,2026-09-25 15:00,2026-09-28 10:00,0.7,120740,0,SI,Publicada,/v2/compra-agil/2484-231-COT26
1238132-112-COT26,Otros / Sin clasificar,Malla Raschel bicolor verde-negro,CORPORACION MUNICIPAL CLUB DE LA REINA SOCIAL DEPO,2026-09-25 14:29,2026-09-28 09:30,0.7,115000,0,SI,Publicada,/v2/compra-agil/1238132-112-COT26
634-345-COT26,Otros / Sin clasificar,EXP. N° 512 ADQUISICIÓN DE TELEVISOR PARA REQUERIMIENTOS CON SOPORTE AÉREO.,DIRECCION GENERAL DE GENDARMERIA DE CHIL,2026-09-25 13:37,2026-09-28 10:00,0.7,238000,0,SI,Publicada,/v2/compra-agil/634-345-COT26
3658-463-COT26,Otros / Sin clasificar,"COMPRA DE DUPLICADO PLACA PATENTE CARRO DE ARRASTRE RNK835, LOS PROVEEDORES DEBEN CUMPLIR CON LOS SIGUIENTES REQUISITOS, ISO:9001,14001,14298,27001,45001, MODELO DE PREVENCION DEL DELITO (LEY 20.393)",I MUNICIPALIDAD DE CALERA DE TANGO,2026-09-25 13:36,2026-09-28 09:00,0.7,26500,0,SI,Publicada,/v2/compra-agil/3658-463-COT26
2345-266-COT26,Otros / Sin clasificar, ADQUISICIÓN DE ARTICULOS ELECTRODOMÉSTICOS,I MUNICIPALIDAD DE LAS CONDES,2026-09-25 13:16,2026-09-28 09:00,0.7,4400000,0,SI,Publicada,/v2/compra-agil/2345-266-COT26
4703-253-COT26,Otros / Sin clasificar,"compra de parkas, calcetines y zapatillas/escuela republica de honduras/ley sep",I MUNICIPALIDAD DE EL MONTE,2026-09-25 13:13,2026-09-28 10:00,0.7,4000000,0,SI,Publicada,/v2/compra-agil/4703-253-COT26
5504-325-COT26,Otros / Sin clasificar,Servicio de Hosting - Desarrollo Pagina WEB ,UNIVERSIDAD DE CHILE,2026-09-25 13:11,2026-09-28 10:00,0.7,3200000,0,SI,Publicada,/v2/compra-agil/5504-325-COT26
3877-489-COT26,Otros / Sin clasificar,ADQUISICION DE CATRES CLINICOS SOLICITADO POR DIDESO,I MUNICIPALIDAD DE LAMPA,2026-09-25 12:58,2026-09-28 08:30,0.7,7127820,0,SI,Publicada,/v2/compra-agil/3877-489-COT26
4499-140-COT26,Otros / Sin clasificar,Adquisición de Kit de Teclados Alámbricos e Inalámbricos,I MUNICIPALIDAD DE SAN PEDRO,2026-09-25 12:41,2026-09-28 08:45,0.7,625000,0,SI,Publicada,/v2/compra-agil/4499-140-COT26
2403-803-COT26,Otros / Sin clasificar,Suministro de Arena Gruesa Natural,I MUNICIPALIDAD DE PENALOLEN,2026-09-25 12:38,2026-09-28 09:00,0.7,3900000,0,SI,Publicada,/v2/compra-agil/2403-803-COT26
4703-254-COT26,Otros / Sin clasificar,COMPRA DE BOLSOS DEPORTIVOS UNISEX/ LICEO LUIS HUMBERTO ACOSTA/ PRO-RETENCION 2020,I MUNICIPALIDAD DE EL MONTE,2026-09-25 12:36,2026-09-28 10:00,0.7,1738200,0,SI,Publicada,/v2/compra-agil/4703-254-COT26
5155-159-COT26,Otros / Sin clasificar,"Adquisición de Pasajes Aéreos Internacional y seguro de viaje, para un (1) pasajero, desde SANTIAGO DE CHILE a BRASILIA, BRASIL, Ida y vuelta.",SERVICIO ELECTORAL,2026-09-25 12:36,2026-09-28 09:00,0.7,750000,0,SI,Publicada,/v2/compra-agil/5155-159-COT26
5178-4862-COT26,Otros / Sin clasificar,FRIGOBAR FROST / SP 1069316/NG,UNIVERSIDAD DE CHILE,2026-09-25 12:23,2026-09-28 08:00,0.7,170000,0,SI,Publicada,/v2/compra-agil/5178-4862-COT26
5548-146-COT26,Otros / Sin clasificar,ADQUISICIÓN DE EQUIPAMIENTO PARA CONTROL REMOTO DE CONSOLA DE AUDIO ,UNIVERSIDAD DE CHILE,2026-09-25 12:18,2026-09-28 08:00,0.7,500000,0,SI,Publicada,/v2/compra-agil/5548-146-COT26
2721-456-COT26,Otros / Sin clasificar,Servico de Banquetería para Malon de Integración del Programa Vinculos 2024 B,I MUNICIPALIDAD DE BUIN,2026-09-25 12:16,2026-09-28 10:00,0.7,655000,0,SI,Publicada,/v2/compra-agil/2721-456-COT26
5520-765-COT26,Otros / Sin clasificar,"Adquisición de Equipo DustMate, Dongle Bluetooth y Tablet Preconfigurad",UNIVERSIDAD DE CHILE,2026-09-25 12:13,2026-09-28 10:15,0.7,7000000,0,SI,Publicada,/v2/compra-agil/5520-765-COT26
5504-324-COT26,Otros / Sin clasificar,COMPRA DE LIBRERO TIPO ESQUINERO,UNIVERSIDAD DE CHILE,2026-09-25 12:10,2026-09-28 10:10,0.7,400000,0,SI,Publicada,/v2/compra-agil/5504-324-COT26
1532-297-COT26,Otros / Sin clasificar,"REQ 628, ROSUVASTATINA 20 MG.",CENTRO REFERENCIAL DE SALUD DR SALVADOR ALLENDE GOSSENS,2026-09-25 12:09,2026-09-28 09:30,0.7,3800000,1,,Publicada,/v2/compra-agil/1532-297-COT26
1111089-112-COT26,Otros / Sin clasificar,AUDÍFONOS INALÁMBRICOS,Agencia Nacional de Investigación y Desarrollo (ANID),2026-09-25 12:03,2026-09-28 08:00,0.7,6700000,0,SI,Publicada,/v2/compra-agil/1111089-112-COT26
2484-230-COT26,Otros / Sin clasificar,"""ADQUISICIÓN DE CÁMARAS, INSUMOS Y EQUIPAMIENTO DE SEGURIDAD EN PARA SAPU IRENE FREI""",I MUNICIPALIDAD DE QUILICURA,2026-09-25 12:02,2026-09-28 09:00,0.7,1140000,0,SI,Publicada,/v2/compra-agil/2484-230-COT26
5178-4860-COT26,Otros / Sin clasificar,ARREGLO FLORAL/SP 1070736/JL,UNIVERSIDAD DE CHILE,2026-09-25 11:54,2026-09-28 09:00,0.7,70000,0,SI,Publicada,/v2/compra-agil/5178-4860-COT26
777304-3211-COT26,Otros / Sin clasificar,IMPRESION DE FORMULARIOS RECETA BLANCA MOF000040	BLOCK RECETAS  HOSPITALIZADOS,HOSPITAL CLINICO METROPOLITANO DE LA FLORIDA DOCTORA ELOISA DIAZ,2026-09-25 11:53,2026-09-28 08:00,0.7,300000,0,SI,Publicada,/v2/compra-agil/777304-3211-COT26
1214102-1240-COT26,Otros / Sin clasificar,(DGC) INSUMOS VARIOS ,CORP MUNICIPAL DE DESARROLLO SOCIAL DE PUDAHUEL,2026-09-25 11:49,2026-09-28 09:00,0.7,700000,0,SI,Publicada,/v2/compra-agil/1214102-1240-COT26
1549-4079-COT26,Otros / Sin clasificar, EXT: Bajada controlada y posterior recuperación del campo magnético resonador SIEMENS,SERVICIO DE SALUD METROPOLITANA NORTE HOSPITAL SAN JOSE,2026-09-25 11:42,2026-09-28 10:00,0.7,6200000,0,SI,Publicada,/v2/compra-agil/1549-4079-COT26
1214102-1238-COT26,Otros / Sin clasificar,(DGC) IMPRESIONES ,CORP MUNICIPAL DE DESARROLLO SOCIAL DE PUDAHUEL,2026-09-25 11:41,2026-09-28 09:00,0.7,2000000,0,SI,Publicada,/v2/compra-agil/1214102-1238-COT26
5520-764-COT26,Otros / Sin clasificar,Adquisición de Accesorios para Cámara Insta360 X4,UNIVERSIDAD DE CHILE,2026-09-25 11:40,2026-09-28 10:00,0.7,400000,0,SI,Publicada,/v2/compra-agil/5520-764-COT26
1298355-1072-COT26,Otros / Sin clasificar, ADQUISICIÓN DE RECETARIOS Y FORMULARIOS PARA SERVICIO DE URGENCIA - SAR,DIRECCION DE SALUD,2026-09-25 11:15,2026-09-28 08:00,0.7,554540,0,SI,Publicada,/v2/compra-agil/1298355-1072-COT26
3173-74-COT26,Otros / Sin clasificar,ADQ. BALIZA INTERIOR ROJO/ROJO,DIRECCION DE LOGISTICA DE CARABINEROS,2026-09-25 11:14,2026-09-28 10:00,0.7,1200000,0,SI,Publicada,/v2/compra-agil/3173-74-COT26
5520-763-COT26,Otros / Sin clasificar,Servicio de Arriendo de Radios Portátiles y Accesorios,UNIVERSIDAD DE CHILE,2026-09-25 11:10,2026-09-28 08:00,0.7,7000000,0,SI,Publicada,/v2/compra-agil/5520-763-COT26
711841-77-COT26,Otros / Sin clasificar,E60292 Curso Claude,SUBSECRETARIA DE SERVICIOS SOCIALES,2026-09-25 11:06,2026-09-28 09:00,0.7,4200000,0,SI,Publicada,/v2/compra-agil/711841-77-COT26
2735-1179-COT26,Otros / Sin clasificar,ADQUISICIÓN DE: 3 UNIDADES DE ALICATE CIZALLA DISTAL CON SEGURO #11081#.,I MUNICIPALIDAD LO BARNECHEA,2026-09-25 10:58,2026-09-28 09:30,0.7,500000,0,SI,Publicada,/v2/compra-agil/2735-1179-COT26
2279-655-COT26,Otros / Sin clasificar,SEGUNDO ENCUENTRO DEPORTIVO INCLUSIVO INTERCOMUNAL DE PERSONAS EN SITUACIÓN DE DISCAPACIDAD,ILUSTRE MUNICIPALIDAD DE PUDAHUEL,2026-09-25 10:56,2026-09-28 10:00,0.7,4500000,0,SI,Publicada,/v2/compra-agil/2279-655-COT26
1214102-1237-COT26,Otros / Sin clasificar, (RML) ACTUADOR DE ACOPLE DIRECTO CON INSTALACIÓN Y PUESTA EN MARCHA,CORP MUNICIPAL DE DESARROLLO SOCIAL DE PUDAHUEL,2026-09-25 10:53,2026-09-28 09:00,0.7,400000,0,SI,Publicada,/v2/compra-agil/1214102-1237-COT26
2733-496-COT26,Otros / Sin clasificar,SC 42411 - ESC. N°666 - ADQUISICIÓN DE INCENTIVOS PLAN LECTOR 2026 PARA ESCUELA TERESA DE CALCUTA.,I MUNICIPALIDAD DE PENAFLOR,2026-09-25 10:52,2026-09-28 10:00,0.7,340000,0,SI,Publicada,/v2/compra-agil/2733-496-COT26
812261-410-COT26,Otros / Sin clasificar,ARRIENDO DE EQUIPO PLATAFORMA ULTRASONICA - CUSA ,HOSPITAL CLINICO METROPOLITANO DE LA FLORIDA DOCTORA ELOISA DIAZ,2026-09-25 10:35,2026-09-28 09:00,0.7,7100000,0,SI,Publicada,/v2/compra-agil/812261-410-COT26
1540667-139-COT26,Otros / Sin clasificar, ADQUISICIÓN DE INSTRUMENTAL DE TRAUMATOLOGÍA PARA PRESERVACIÓN DE CADERA,Universidad de Chile ,2026-09-25 10:25,2026-09-28 08:30,0.7,7172000,0,SI,Publicada,/v2/compra-agil/1540667-139-COT26
1106245-173-COT26,Otros / Sin clasificar,CARROS PARA PICKING,CENTRO DE FORMACION TECNICA DE LA REGION METROPOLITANA DE SANTIAGO,2026-09-25 10:19,2026-09-28 08:30,0.7,360000,0,SI,Publicada,/v2/compra-agil/1106245-173-COT26
1493149-54-COT26,Otros / Sin clasificar,"ADQUISICIÓN DE BEBIDAS, JUGOS, CAFÉ, TÉ, VASOS, REVOLVEDORES",UNIVERSIDAD METROPOLITANA DE CIENCIAS DE LA EDUCAC,2026-09-25 10:17,2026-09-28 10:00,0.7,278376,0,SI,Publicada,/v2/compra-agil/1493149-54-COT26
1106245-172-COT26,Otros / Sin clasificar,CAJAS LOGÍSTICAS Y ORGANIZADORAS,CENTRO DE FORMACION TECNICA DE LA REGION METROPOLITANA DE SANTIAGO,2026-09-25 10:10,2026-09-28 08:30,0.7,225000,0,SI,Publicada,/v2/compra-agil/1106245-172-COT26
4703-252-COT26,Otros / Sin clasificar,COMPRA DE INSUMOS COMPUTACIONALES /COLEGIO JAVIERA CARRERA/ CON CARGO A LEY SEP ,I MUNICIPALIDAD DE EL MONTE,2026-09-25 10:03,2026-09-28 10:00,0.7,450000,0,SI,Publicada,/v2/compra-agil/4703-252-COT26
1106245-170-COT26,Otros / Sin clasificar,RACKS METÁLICOS SENCE,CENTRO DE FORMACION TECNICA DE LA REGION METROPOLITANA DE SANTIAGO,2026-09-25 10:03,2026-09-28 08:30,0.7,600000,0,SI,Publicada,/v2/compra-agil/1106245-170-COT26
1973-828-COT26,Otros / Sin clasificar, Emtricitabina 200 mg Tenofovir Disoproxil Fumarato 300 (TENARTA ),CENTRO DE REFERENCIA DE SALUD DE PENALOLEN CORDILLERA ORIENTE,2026-09-25 10:02,2026-09-28 10:00,0.7,101745,0,SI,Publicada,/v2/compra-agil/1973-828-COT26
1147293-173-COT26,Otros / Sin clasificar,ADQUISICIÓN DE APOYAPIÉS Y SOPORTES PARA MONITORES,Fundación para la Innovación Agraria,2026-09-25 09:56,2026-09-28 10:00,0.7,600000,0,SI,Publicada,/v2/compra-agil/1147293-173-COT26
3665-611-COT26,Otros / Sin clasificar,IMPRESION DE EJEMPLARES DE REGALEMENTO. ALCALDIA ,I MUNICIPALIDAD DE TIL TIL,2026-09-25 09:53,2026-09-28 10:00,0.7,877500,0,SI,Publicada,/v2/compra-agil/3665-611-COT26
2733-495-COT26,Otros / Sin clasificar,SC 42444 - ESC. N°678 -  ADQUISICIÓN DE RECONOCIMIENTOS PARA USO ESCUELA MANDATARIO EDUARDO FREI MONTALVA.,I MUNICIPALIDAD DE PENAFLOR,2026-09-25 09:53,2026-09-28 10:00,0.7,690000,0,SI,Publicada,/v2/compra-agil/2733-495-COT26
1439285-185-COT26,Otros / Sin clasificar,N°164  EDUCACION CONTINUA ,CORPORACIÓN MUNICIPAL DE DESARROLLO SOCIAL DE TIL TIL,2026-09-25 09:50,2026-09-28 10:00,0.7,719100,0,SI,Publicada,/v2/compra-agil/1439285-185-COT26
858-188-COT26,Otros / Sin clasificar,Adquisición de Kit de insumos con Agujas de punción seca y Electrolisis,INSTITUTO NACIONAL DE DEPORTES DE CHILE,2026-09-25 09:49,2026-09-28 10:00,0.7,1100000,0,SI,Publicada,/v2/compra-agil/858-188-COT26
4703-251-COT26,Otros / Sin clasificar,COMPRA DE BATERIAS PARA BUSES DAEM/MOVILIZACION ,I MUNICIPALIDAD DE EL MONTE,2026-09-25 09:47,2026-09-28 10:00,0.7,750000,0,SI,Publicada,/v2/compra-agil/4703-251-COT26
619-118-COT26,Otros / Sin clasificar,Servicios de coffe break,SUBSECRETARIA DEL MINISTERIO DE HACIENDA,2026-09-25 09:46,2026-09-28 10:00,0.7,1800000,0,SI,Publicada,/v2/compra-agil/619-118-COT26
697224-72-COT26,Otros / Sin clasificar,ADQUISICIÓN DE PISO MODULAR PARA USO TIPO GIMNASIO,MINISTERIO PUBLICO,2026-09-25 09:43,2026-09-28 08:00,0.7,300000,0,SI,Publicada,/v2/compra-agil/697224-72-COT26
5178-4858-COT26,Otros / Sin clasificar,REACTIVO/ SP 1069773 DS,UNIVERSIDAD DE CHILE,2026-09-25 09:42,2026-09-28 09:00,0.7,591430,0,SI,Publicada,/v2/compra-agil/5178-4858-COT26
1480090-54-COT26,Otros / Sin clasificar,PTR N°E-164 - ADQUISICION DE 9 LATOP  CHROOMEBOOK -,MUNICIPALIDAD DE VITACURA,2026-09-25 09:41,2026-09-28 10:00,0.7,1900000,2,,Publicada,/v2/compra-agil/1480090-54-COT26
5178-4857-COT26,Otros / Sin clasificar,TUBOS LEUCOSEP/ SP 1069970 DS,UNIVERSIDAD DE CHILE,2026-09-25 09:40,2026-09-28 09:00,0.7,272160,1,,Publicada,/v2/compra-agil/5178-4857-COT26
2686-447-COT26,Otros / Sin clasificar,ADQUISICIÓN DE RACK ,I MUNICIPALIDAD DE COLINA,2026-09-25 09:39,2026-09-28 09:00,0.7,1200000,0,SI,Publicada,/v2/compra-agil/2686-447-COT26
3665-610-COT26,Otros / Sin clasificar,FORMULARIOS ORDEN DE INGRESO. TESORERIA ,I MUNICIPALIDAD DE TIL TIL,2026-09-25 09:37,2026-09-28 09:30,0.7,300000,0,SI,Publicada,/v2/compra-agil/3665-610-COT26
697224-71-COT26,Otros / Sin clasificar,ADQUISICIÓN DE MALLAS TRIANGULARES PARA PRIVACIDAD VISUAL,MINISTERIO PUBLICO,2026-09-25 09:37,2026-09-28 08:00,0.7,500000,0,SI,Publicada,/v2/compra-agil/697224-71-COT26
777304-3210-COT26,Otros / Sin clasificar,INS001970 TIP DE SUCCIÓN OIDO 19 G,HOSPITAL CLINICO METROPOLITANO DE LA FLORIDA DOCTORA ELOISA DIAZ,2026-09-25 09:33,2026-09-28 08:20,0.7,7170000,0,SI,Publicada,/v2/compra-agil/777304-3210-COT26
1439285-184-COT26,Otros / Sin clasificar,N°163 EDUCACION CONTINUA ,CORPORACIÓN MUNICIPAL DE DESARROLLO SOCIAL DE TIL TIL,2026-09-25 09:32,2026-09-28 10:00,0.7,440000,0,SI,Publicada,/v2/compra-agil/1439285-184-COT26
3665-609-COT26,Otros / Sin clasificar,SET DE ROTULADORES MARCADORES. BIBLIOTECA ,I MUNICIPALIDAD DE TIL TIL,2026-09-25 09:32,2026-09-28 09:30,0.7,100000,0,SI,Publicada,/v2/compra-agil/3665-609-COT26
1439285-183-COT26,Otros / Sin clasificar,N°162 EDUCACION CONTINUA ,CORPORACIÓN MUNICIPAL DE DESARROLLO SOCIAL DE TIL TIL,2026-09-25 09:28,2026-09-28 10:00,0.7,950000,0,SI,Publicada,/v2/compra-agil/1439285-183-COT26
1588-74-COT26,Otros / Sin clasificar,Provisión e instalación de cubiertas de trabajo y estación de trabajo.,SERVICIO DE EVALUACION AMBIENTAL,2026-09-25 09:25,2026-09-28 10:00,0.7,1650000,0,SI,Publicada,/v2/compra-agil/1588-74-COT26
2216-156-COT26,Otros / Sin clasificar,TERMINO DE REFERENCIA DE CABEZAL HP 729 PARA EL PLOTTER HP DESIGNJET T730 ,MINISTERIO DE OBRAS PUBLICAS DIREC CION GRAL DE OO PP DCYF,2026-09-25 09:16,2026-09-28 09:00,0.7,600000,0,SI,Publicada,/v2/compra-agil/2216-156-COT26
2376-664-COT26,Otros / Sin clasificar,SERVICIO DE CUANTIFICACIÓN DE IMPACTOS POR CAMBIO DE SENTIDO DE TRÁNSITO_TRANSITO,I MUNICIPALIDAD DE NUNOA,2026-09-25 09:03,2026-09-28 09:00,0.7,6000000,0,SI,Publicada,/v2/compra-agil/2376-664-COT26
3316-148-COT26,Otros / Sin clasificar,REQUERIMIENTO DE SERVICIO DE INSTALACION DE ALFOMBRA PARA EL AULA MAGNA DE LA ESCUELA DE SUBOFICIALES DE CARABINEROS DE CHILE,"Dirección de Educación, Doctrina e Historia de Carabineros",2026-09-25 09:02,2026-09-28 09:00,0.7,1470000,0,SI,Publicada,/v2/compra-agil/3316-148-COT26
2735-1178-COT26,Otros / Sin clasificar,ADQUISICIÓN DE: TIRA NERVIOS. INSUMO DENTAL,I MUNICIPALIDAD LO BARNECHEA,2026-09-25 09:00,2026-09-28 09:30,0.7,300000,0,SI,Publicada,/v2/compra-agil/2735-1178-COT26
812030-974-COT26,Otros / Sin clasificar,FAAA06004	SODIO FOSFATO ENEMA ADULTOS FRASCO 133 ML,HOSPITAL CLINICO METROPOLITANO DE LA FLORIDA DOCTORA ELOISA DIAZ,2026-09-25 09:00,2026-09-28 10:00,0.7,7000000,1,,Publicada,/v2/compra-agil/812030-974-COT26
1736-614-COT26,Otros / Sin clasificar,ARRIENDO DE BUSES ,I MUNICIPALIDAD DE LA COMUNA DE EL BOSQUE,2026-09-25 08:57,2026-09-28 10:00,0.7,1250000,0,SI,Publicada,/v2/compra-agil/1736-614-COT26
5196-749-COT26,Otros / Sin clasificar,SAN CAMILLA ELECTRICA FIJA PREMIUM,IIª Brigada Aérea,2026-09-25 08:44,2026-09-28 09:00,0.7,2142000,0,SI,Publicada,/v2/compra-agil/5196-749-COT26
5196-748-COT26,Otros / Sin clasificar,SAN43 ZAPATILLAS,IIª Brigada Aérea,2026-09-25 08:27,2026-09-28 09:00,0.7,612580,0,SI,Publicada,/v2/compra-agil/5196-748-COT26
800-6912-COT26,Otros / Sin clasificar,REACTIVOS LABORATORIO GASTROENTEROLOGIA,UNIVERSIDAD DE CHILE,2026-09-25 07:58,2026-09-28 09:00,0.7,5000000,0,SI,Publicada,/v2/compra-agil/800-6912-COT26
777304-3209-COT26,Otros / Sin clasificar, INS110743 LÍNEA PARA CAPNÓGRAFO NUEVO ET/CO2 ADUL (COMPATIBLE CON MONITOR DE SIGNOS VITALES MARCA  DRÄGER MODELO INFINITY KAPPA),HOSPITAL CLINICO METROPOLITANO DE LA FLORIDA DOCTORA ELOISA DIAZ,2026-09-25 07:56,2026-09-28 08:00,0.7,7172100,0,SI,Publicada,/v2/compra-agil/777304-3209-COT26
2460-932-COT26,Otros / Sin clasificar,"Confección a medida de sillón con almacenamiento,  cojín",I MUNICIPALIDAD DE PROVIDENCIA,2026-09-24 19:46,2026-09-28 10:00,0.7,1000000,0,SI,Publicada,/v2/compra-agil/2460-932-COT26
5429-89-COT26,Otros / Sin clasificar,Servicio de Interpretación Simultánea - Semana Internacional UCHILE,UNIVERSIDAD DE CHILE,2026-09-24 18:03,2026-09-28 10:00,0.7,850000,0,SI,Publicada,/v2/compra-agil/5429-89-COT26
5429-88-COT26,Otros / Sin clasificar,Servicio de Producción Integral - Semana Internacional,UNIVERSIDAD DE CHILE,2026-09-24 18:03,2026-09-28 10:00,0.7,4000000,0,SI,Publicada,/v2/compra-agil/5429-88-COT26
1393495-901-COT26,Otros / Sin clasificar,SC-56481/9892-2/SEP/ADQ. GALVANOS/DMG,Educación,2026-09-24 17:58,2026-09-28 08:00,0.7,139930,0,SI,Publicada,/v2/compra-agil/1393495-901-COT26
2735-1177-COT26,Otros / Sin clasificar,ADQUISICIÓN DE 800 POMO/FRASCO 30– 50 G  DE SALICILATO DE METILO 5-10% (BENGUE).,I MUNICIPALIDAD LO BARNECHEA,2026-09-24 17:57,2026-09-28 09:30,0.7,1500000,0,SI,Publicada,/v2/compra-agil/2735-1177-COT26
1393495-900-COT26,Otros / Sin clasificar,SC-56497/9892-2/SEP/ADQ. PREMIACIONES - RECONOCIMIENTO E INCENTIVOS/DMG,Educación,2026-09-24 17:55,2026-09-28 08:00,0.7,900000,0,SI,Publicada,/v2/compra-agil/1393495-900-COT26
5441-444-COT26,Otros / Sin clasificar,JHV-OI 47180-CAJAS ARCHIVO ESTANDAR,UNIVERSIDAD DE CHILE,2026-09-24 17:50,2026-09-28 09:05,0.7,1250000,0,SI,Publicada,/v2/compra-agil/5441-444-COT26
5067-2289-COT26,Otros / Sin clasificar,"Adquisición de Cuadernos y Bolsas impresas - Decanato Facultad de Ciencias Médicas (FACIMED), USACH",UNIVERSIDAD DE SANTIAGO DE CHILE,2026-09-24 17:39,2026-09-28 10:00,0.7,200900,0,SI,Publicada,/v2/compra-agil/5067-2289-COT26
5434-423-COT26,Otros / Sin clasificar,INSUMOS PARA LABORATORIO DIRDEX SC-26-35,UNIVERSIDAD DE CHILE,2026-09-24 17:34,2026-09-28 09:00,0.7,1500000,0,SI,Publicada,/v2/compra-agil/5434-423-COT26
1306643-253-COT26,Otros / Sin clasificar,Adquisición de insumos Programa de Refuerzo AIDIA 2026,I. MUNICIPALIDAD DE CERRO NAVIA,2026-09-24 17:31,2026-09-28 08:30,0.7,1865170,0,SI,Publicada,/v2/compra-agil/1306643-253-COT26
3658-457-COT26,Otros / Sin clasificar,COMPRA DE PAÑALES PARA BEBE TALLA XXG Y SABANILLAS,I MUNICIPALIDAD DE CALERA DE TANGO,2026-09-24 17:31,2026-09-28 08:30,0.7,250000,0,SI,Publicada,/v2/compra-agil/3658-457-COT26
5178-4855-COT26,Otros / Sin clasificar,REACTIVO/SP 1070222/GP,UNIVERSIDAD DE CHILE,2026-09-24 17:26,2026-09-28 10:00,0.7,215870,0,SI,Publicada,/v2/compra-agil/5178-4855-COT26
3658-456-COT26,Otros / Sin clasificar,"COMPRA DE PLANCHAS DE ZINC ACANALADO DE 0,3X3MTS Y OSB 11M",I MUNICIPALIDAD DE CALERA DE TANGO,2026-09-24 17:22,2026-09-28 08:30,0.7,250000,0,SI,Publicada,/v2/compra-agil/3658-456-COT26
3658-455-COT26,Otros / Sin clasificar,COMPRA DE COLCHON ANTIESCARA CON MOTOR ,I MUNICIPALIDAD DE CALERA DE TANGO,2026-09-24 17:20,2026-09-28 08:30,0.7,120000,0,SI,Publicada,/v2/compra-agil/3658-455-COT26
1439285-182-COT26,Otros / Sin clasificar,N° 161 EDUCACION CONTINUA ,CORPORACIÓN MUNICIPAL DE DESARROLLO SOCIAL DE TIL TIL,2026-09-24 17:19,2026-09-28 10:00,0.7,890000,0,SI,Publicada,/v2/compra-agil/1439285-182-COT26
3658-454-COT26,Otros / Sin clasificar,COMPRA DE COLCHON ESPUMA DE 1 PLAZA,I MUNICIPALIDAD DE CALERA DE TANGO,2026-09-24 17:15,2026-09-28 08:30,0.7,240000,0,SI,Publicada,/v2/compra-agil/3658-454-COT26
3658-453-COT26,Otros / Sin clasificar,COMPRA DE CINTA ANTIDESLIZANTE 5 METROS DE LARGO,I MUNICIPALIDAD DE CALERA DE TANGO,2026-09-24 17:14,2026-09-28 08:30,0.7,250000,0,SI,Publicada,/v2/compra-agil/3658-453-COT26
1058078-832-COT26,Otros / Sin clasificar,"Emdogain, 015cc pack 5 straumann prefgel",Hospital San José de Melipilla,2026-09-24 17:13,2026-09-28 10:00,0.7,2000000,3,,Publicada,/v2/compra-agil/1058078-832-COT26
3658-452-COT26,Otros / Sin clasificar,COMPRA DE GORRO LEGIONARIO TIPO PESCADOR CON CUBRE NUCA,I MUNICIPALIDAD DE CALERA DE TANGO,2026-09-24 17:09,2026-09-28 08:30,0.7,250000,0,SI,Publicada,/v2/compra-agil/3658-452-COT26
1532-296-COT26,Otros / Sin clasificar,"REQ 576, VILDAGLIPTINA 50 MG CM/ CM REC.",CENTRO REFERENCIAL DE SALUD DR SALVADOR ALLENDE GOSSENS,2026-09-24 17:08,2026-09-28 09:00,0.7,380000,0,SI,Publicada,/v2/compra-agil/1532-296-COT26
2701-674-COT26,Otros / Sin clasificar,"COMPRA DE ALIMNTOS PARA PACIENTES, SOLICTADO POR DIDECO- PROGRAMA RED LOCAL DE APOYOS Y CUIDADOS ",I MUNICIPALIDAD DE TALAGANTE,2026-09-24 17:06,2026-09-28 09:30,0.7,1963000,0,SI,Publicada,/v2/compra-agil/2701-674-COT26
355-303-COT26,Otros / Sin clasificar,DILATADOR ENDOCERVICAL DESECHABLE,Servicio de Salud Metropolitano Oriente,2026-09-24 17:04,2026-09-28 10:00,0.7,150000,0,SI,Publicada,/v2/compra-agil/355-303-COT26
3658-451-COT26,Otros / Sin clasificar,COMPRA DE MASCARA RESPIRADOR POLVO GAS DOBLE FILTRO + FILTRO DE REPUESTOS,I MUNICIPALIDAD DE CALERA DE TANGO,2026-09-24 17:03,2026-09-28 08:30,0.7,250000,0,SI,Publicada,/v2/compra-agil/3658-451-COT26
3658-450-COT26,Otros / Sin clasificar,COMPRA DE CATRE CLINICO MANUEL 2 POSICIONES,I MUNICIPALIDAD DE CALERA DE TANGO,2026-09-24 17:02,2026-09-28 08:30,0.7,1100000,0,SI,Publicada,/v2/compra-agil/3658-450-COT26
5178-4854-COT26,Otros / Sin clasificar,ADAPTADOR DE CORRIENTE PARA CAMARAS/SP 1070181/GP,UNIVERSIDAD DE CHILE,2026-09-24 17:01,2026-09-28 10:00,0.7,290000,0,SI,Publicada,/v2/compra-agil/5178-4854-COT26
1211839-479-COT26,Otros / Sin clasificar,Conos de gutapercha,CORP MUNIC EDUC SALUD Y ATENCION,2026-09-24 17:00,2026-09-28 10:00,0.7,3000000,0,SI,Publicada,/v2/compra-agil/1211839-479-COT26
1306643-250-COT26,Otros / Sin clasificar,Adquisición de insumos Programa de Refuerzo AIDIA 2026,I. MUNICIPALIDAD DE CERRO NAVIA,2026-09-24 16:58,2026-09-28 08:30,0.7,834700,0,SI,Publicada,/v2/compra-agil/1306643-250-COT26
1439285-180-COT26,Otros / Sin clasificar,N°160 EDUCACION CONTINUA ,CORPORACIÓN MUNICIPAL DE DESARROLLO SOCIAL DE TIL TIL,2026-09-24 16:46,2026-09-28 10:00,0.7,700000,0,SI,Publicada,/v2/compra-agil/1439285-180-COT26
607-240-COT26,Otros / Sin clasificar,Adquisición de Mosquetón,PARQUE METROPOLITANO DE SANTIAGO,2026-09-24 16:45,2026-09-28 08:00,0.7,120000,0,SI,Publicada,/v2/compra-agil/607-240-COT26
1058090-199-COT26,Otros / Sin clasificar,IFOSFAMIDA 1 GR FA,SERVICIO DE SALUD SUR HOSPITAL EXEQUIEL,2026-09-24 16:45,2026-09-28 08:00,0.7,1100000,4,,Publicada,/v2/compra-agil/1058090-199-COT26
3658-448-COT26,Otros / Sin clasificar,COMPRA DE BLOQUEADOR SOLAR FORMATO DE 1 LT FACTOR 50,I MUNICIPALIDAD DE CALERA DE TANGO,2026-09-24 16:44,2026-09-28 08:30,0.7,250000,0,SI,Publicada,/v2/compra-agil/3658-448-COT26
530885-35-COT26,Otros / Sin clasificar,WD 4801 Suscripción La Tercera,UNIVERSIDAD DE CHILE,2026-09-24 16:41,2026-09-28 10:00,0.7,100000,0,SI,Publicada,/v2/compra-agil/530885-35-COT26
3658-447-COT26,Otros / Sin clasificar,"COMPRA DE, NOTAS ADHESIVAS, SEPARADOR, BOLIGRAFOS, CUADERNOS, ETC, SE ADJUNTA LISTADO CON LAS CANTIDADES, ADJUNTAR COTIZACION DETALLADA DE LOS PRODUCTOS OFRECIDOS",I MUNICIPALIDAD DE CALERA DE TANGO,2026-09-24 16:39,2026-09-28 08:30,0.7,300000,0,SI,Publicada,/v2/compra-agil/3658-447-COT26
3658-446-COT26,Otros / Sin clasificar,COMPRA DE LENTES ANTIPARARRAS OSCURAS,I MUNICIPALIDAD DE CALERA DE TANGO,2026-09-24 16:36,2026-09-28 08:30,0.7,250000,0,SI,Publicada,/v2/compra-agil/3658-446-COT26
1439285-179-COT26,Otros / Sin clasificar,N° 159 EDUCACION CONTINUA ,CORPORACIÓN MUNICIPAL DE DESARROLLO SOCIAL DE TIL TIL,2026-09-24 16:33,2026-09-28 10:00,0.7,1980000,0,SI,Publicada,/v2/compra-agil/1439285-179-COT26
1439285-176-COT26,Otros / Sin clasificar,N°133 REHABILITACION INTEGRAL ,CORPORACIÓN MUNICIPAL DE DESARROLLO SOCIAL DE TIL TIL,2026-09-24 16:27,2026-09-28 10:00,0.7,600000,0,SI,Publicada,/v2/compra-agil/1439285-176-COT26
1251183-180-COT26,Otros / Sin clasificar,CABLE DE ELECTROCARDIOGRAFO CESFAM CALERA DE TANGO ,Corporación Municipal de Des.Social C de Tango,2026-09-24 16:22,2026-09-28 09:00,0.7,70000,0,SI,Publicada,/v2/compra-agil/1251183-180-COT26
5194-447-COT26,Otros / Sin clasificar,"FF.RAFTING, C.D.P. PUENTE ALTO",Servicio de Bienestar Social,2026-09-24 16:20,2026-09-28 10:00,0.7,2714000,0,SI,Publicada,/v2/compra-agil/5194-447-COT26
5178-4852-COT26,Otros / Sin clasificar,MOCHILA INSTITUCIONAL AZUL CON LOGO / SP 1070454/ NG ,UNIVERSIDAD DE CHILE,2026-09-24 16:05,2026-09-28 08:00,0.7,340000,0,SI,Publicada,/v2/compra-agil/5178-4852-COT26
1079713-279-COT26,Otros / Sin clasificar,"ADQUISICION DE VAJILLA Y MANTELERIA 10 COMISARIA LA CISTERNA, PREFECTURA SUR",SECCIÓN COMPRAS ZONA SANTIAGO ESTE ,2026-09-24 16:04,2026-09-28 09:00,0.7,272257,0,SI,Publicada,/v2/compra-agil/1079713-279-COT26
625-326-COT26,Otros / Sin clasificar,304_177202/2026_SVC DESRATIZACIÓN,FUERZA AEREA DE CHILE COMANDO LOGISTICO,2026-09-24 15:57,2026-09-28 08:00,0.7,606900,0,SI,Publicada,/v2/compra-agil/625-326-COT26
797305-52-COT26,Otros / Sin clasificar,ADQUISICIÓN WINDOWS SERVER 2025 STANDARD									,SUPERINTENDENCIA DE INSOLVENCIA Y REEMPRENDIMIENTO,2026-09-24 15:39,2026-09-28 10:00,0.7,4000000,0,SI,Publicada,/v2/compra-agil/797305-52-COT26
1425525-38-COT26,Otros / Sin clasificar,ADQUISICION DE DOS TELEVISORES DE 55 PULGADAS Y UN REFRIGERADOR,AGENCIA NACIONAL DE CIBERSEGURIDAD,2026-09-24 15:27,2026-09-28 09:00,0.7,1600000,0,SI,Publicada,/v2/compra-agil/1425525-38-COT26
1439285-175-COT26,Otros / Sin clasificar,N°158 EDUCACION CONTNUA ,CORPORACIÓN MUNICIPAL DE DESARROLLO SOCIAL DE TIL TIL,2026-09-24 15:17,2026-09-28 10:00,0.7,1000000,0,SI,Publicada,/v2/compra-agil/1439285-175-COT26
1425525-37-COT26,Otros / Sin clasificar,ADQUISICION DE TELEFONO MOVIL MAS PLAN DE DATOS Y VOZ,AGENCIA NACIONAL DE CIBERSEGURIDAD,2026-09-24 15:15,2026-09-28 09:00,0.7,1300000,0,SI,Publicada,/v2/compra-agil/1425525-37-COT26
2090-123-COT26,Otros / Sin clasificar,PASAJES AEREOS SANTIAGO- SHANGHAI ( China ) -SANTIAGO,DIRECCION GENERAL DE AERONAUTICA CIVIL,2026-09-24 14:43,2026-09-28 10:00,0.7,6000000,0,SI,Publicada,/v2/compra-agil/2090-123-COT26
2296-587-COT26,Otros / Sin clasificar, ADQUISICIÓN DE TALONARIOS DE CITACIONES | DOM,I MUNICIPALIDAD DE CONCHALI,2026-09-24 14:29,2026-09-28 08:30,0.7,200000,0,SI,Publicada,/v2/compra-agil/2296-587-COT26
1439285-174-COT26,Otros / Sin clasificar,N°126 MAIS CESFAM ,CORPORACIÓN MUNICIPAL DE DESARROLLO SOCIAL DE TIL TIL,2026-09-24 13:55,2026-09-28 10:00,0.7,2380000,0,SI,Publicada,/v2/compra-agil/1439285-174-COT26
800-6897-COT26,Otros / Sin clasificar,GTH_ MM 729 Mezcla maestra para PCR en tiempo real (qPCR) mediante tecnología TaqMan para genotipificación,UNIVERSIDAD DE CHILE,2026-09-24 13:39,2026-09-28 08:00,0.7,1420000,0,SI,Publicada,/v2/compra-agil/800-6897-COT26
1213002-315-COT26,Otros / Sin clasificar,ADQUISICIÓN DE INSUMOS PARA COFFE PARA TALLERES,CORP MUNICIPAL DE EDUCACION Y SAL,2026-09-24 13:37,2026-09-28 09:00,0.7,95000,0,SI,Publicada,/v2/compra-agil/1213002-315-COT26
1293138-319-COT26,Otros / Sin clasificar,CAJA Regeneración ósea			,SERVICIO DE SALUD METROPOLITANO OCCIDENTE,2026-09-24 13:33,2026-09-28 08:00,0.7,300000,0,SI,Publicada,/v2/compra-agil/1293138-319-COT26
1642-549-COT26,Otros / Sin clasificar,MICROMOTORES PROFESIONALES INALAMBRICOS PARA EL HOSPITAL DE CURACAVI,SERVICIO DE SALUD METROPOLITANO OCCIDENTE HOSPITAL DE CURACAVI,2026-09-24 13:12,2026-09-28 08:00,0.7,300000,0,SI,Publicada,/v2/compra-agil/1642-549-COT26
1101892-207-COT26,Otros / Sin clasificar,"Insumos para formulación y fungibles ( puntas , placas plásticas )",INSTITUTO DE INVESTIGACIONES AGROPECUARIAS,2026-09-24 13:02,2026-09-28 10:00,0.7,1500000,0,SI,Publicada,/v2/compra-agil/1101892-207-COT26
5403-32-COT26,Otros / Sin clasificar,ADQUISICIÓN DE PORTACREDENCIALES Y ACCESORIOS PARA LA COMISIÓN NACIONAL DE ACREDITACIÓN (CNA),COMISION NACIONAL DE ACREDITACION,2026-09-24 13:01,2026-09-28 10:00,0.7,250000,0,SI,Publicada,/v2/compra-agil/5403-32-COT26
1642-548-COT26,Otros / Sin clasificar, REGULADORES DE OXIGENO CON FLUJOMETRO PARA USO MEDICINAL ,SERVICIO DE SALUD METROPOLITANO OCCIDENTE HOSPITAL DE CURACAVI,2026-09-24 13:00,2026-09-28 08:00,0.7,5800000,0,SI,Publicada,/v2/compra-agil/1642-548-COT26
1389585-168-COT26,Otros / Sin clasificar,COMPRA DE INSUMOS Y EQUIPAMIENTOS DE PRIMEROS AUXILIOS EN EL MARCO DE RED COMUNAL DE ESCUELAS SEGURAS,DIRECCION COMUNAL DE SALUD- CORP MARIA PINTO ,2026-09-24 12:55,2026-09-28 08:00,0.7,5661853,0,SI,Publicada,/v2/compra-agil/1389585-168-COT26
800-6893-COT26,Otros / Sin clasificar,9.0419 AGUJA HIPODERMICA 32G-4MM,UNIVERSIDAD DE CHILE,2026-09-24 12:23,2026-09-28 10:00,0.7,7172100,4,,Publicada,/v2/compra-agil/800-6893-COT26
564162-923-COT26,Otros / Sin clasificar,INTERVENCIÓN REPARATIVA,UNIVERSIDAD DE SANTIAGO DE CHILE,2026-09-24 12:23,2026-09-28 09:30,0.7,499800,0,SI,Publicada,/v2/compra-agil/564162-923-COT26
5003-45-COT26,Otros / Sin clasificar,"SERVICIO DE DESINSTALACIÓN, PROVISION E INSTALACION DE DOS (2) MAMPARAS DE VIDRIO ",Ejercito de Chile,2026-09-24 12:00,2026-09-28 09:30,0.7,1300000,0,SI,Publicada,/v2/compra-agil/5003-45-COT26
1057501-3317-COT26,Otros / Sin clasificar,REACTIVOS ANATOMIA PATOLOGICA COMPATIBLES CON EQUIPAMIENTO ACTUALMENTE EN USO IV,COMPLEJO ASISTENCIAL DR. SOTERO DEL RIO,2026-09-24 11:58,2026-09-28 10:00,0.7,7100000,0,SI,Publicada,/v2/compra-agil/1057501-3317-COT26
1057501-3316-COT26,Otros / Sin clasificar,REACTIVOS ANATOMIA PATOLOGICA COMPATIBLES CON EQUIPAMIENTO ACTUALMENTE EN USO III,COMPLEJO ASISTENCIAL DR. SOTERO DEL RIO,2026-09-24 11:55,2026-09-28 10:00,0.7,7100000,0,SI,Publicada,/v2/compra-agil/1057501-3316-COT26
1057501-3314-COT26,Otros / Sin clasificar,REACTIVOS ANATOMIA PATOLOGICA COMPATIBLES CON EQUIPAMIENTO ACTUALMENTE EN USO II,COMPLEJO ASISTENCIAL DR. SOTERO DEL RIO,2026-09-24 11:52,2026-09-28 10:00,0.7,7100000,0,SI,Publicada,/v2/compra-agil/1057501-3314-COT26
1057501-3313-COT26,Otros / Sin clasificar,REACTIVOS ANATOMIA PATOLOGICA COMPATIBLES CON EQUIPAMIENTO ACTUALMENTE EN USO,COMPLEJO ASISTENCIAL DR. SOTERO DEL RIO,2026-09-24 11:44,2026-09-28 10:00,0.7,7100000,1,,Publicada,/v2/compra-agil/1057501-3313-COT26
3436-367-COT26,Otros / Sin clasificar,Adquisición de Drones de ayudas de instrucción par curso de combate II y IV para los alumnos de la Escuela de Suboficiales CC 1100065012 SIC 353511,Ejercito de Chile,2026-09-24 11:42,2026-09-28 10:00,0.7,2573970,0,SI,Publicada,/v2/compra-agil/3436-367-COT26
1642-546-COT26,Otros / Sin clasificar,ESPEJOS DE PARED PARA EL HOSPITAL DE CURACAVI,SERVICIO DE SALUD METROPOLITANO OCCIDENTE HOSPITAL DE CURACAVI,2026-09-24 11:28,2026-09-28 08:00,0.7,110000,0,SI,Publicada,/v2/compra-agil/1642-546-COT26
1606-175-COT26,Otros / Sin clasificar,E102RT9 SIC 15/190/2026 SERVICIOS DE INTERPRETACIÓN SIMULTÁNEA BIDIRECCIONAL INGLÉS-ESPAÑOL E INGLÉS-ESPAÑOL PARA ACTIVIDADES PRESENCIALES DEL PROYECTO PMI-CHILE,AGENCIA CHILENA DE COOPERACION INTERNACIONAL PARA EL DESARROLLO,2026-09-24 11:11,2026-09-28 08:30,0.7,1927500,0,SI,Publicada,/v2/compra-agil/1606-175-COT26
1439285-172-COT26,Otros / Sin clasificar,N°134 CPU ,CORPORACIÓN MUNICIPAL DE DESARROLLO SOCIAL DE TIL TIL,2026-09-24 10:36,2026-09-28 10:00,0.7,1800000,0,SI,Publicada,/v2/compra-agil/1439285-172-COT26
1213002-312-COT26,Otros / Sin clasificar,ADQUISICIÓN DE INSUMOS PARA PROGRAMA MAS AMA,CORP MUNICIPAL DE EDUCACION Y SAL,2026-09-24 10:23,2026-09-28 09:00,0.7,380000,0,SI,Publicada,/v2/compra-agil/1213002-312-COT26
1515304-232-COT26,Otros / Sin clasificar," ADQUISICIÓN DE COJÍN ERGONÓMICO Y  RESPALDO LUMBAR, PARA EL  DEPARTAMENTO SERVICIOS DE FRONTERAS  O.S.3. ",Carabineros de Chile,2026-09-24 10:18,2026-09-28 10:00,0.7,1000000,0,SI,Publicada,/v2/compra-agil/1515304-232-COT26
1439285-171-COT26,Otros / Sin clasificar,N°122 MAS ADULTO MAYOR ,CORPORACIÓN MUNICIPAL DE DESARROLLO SOCIAL DE TIL TIL,2026-09-24 10:14,2026-09-28 10:00,0.7,200000,0,SI,Publicada,/v2/compra-agil/1439285-171-COT26
5541-113-COT26,Otros / Sin clasificar,Unidades de concentración,UNIVERSIDAD DE CHILE,2026-09-24 10:12,2026-09-28 09:00,0.7,480000,0,SI,Publicada,/v2/compra-agil/5541-113-COT26
5541-112-COT26,Otros / Sin clasificar,Unidades de filtración,UNIVERSIDAD DE CHILE,2026-09-24 10:10,2026-09-28 10:00,0.7,480000,0,SI,Publicada,/v2/compra-agil/5541-112-COT26
1306643-248-COT26,Otros / Sin clasificar,ADQUISICIÓN DE INSUMOS PRAPS AIDIA,I. MUNICIPALIDAD DE CERRO NAVIA,2026-09-24 09:59,2026-09-28 08:30,0.7,3396470,0,SI,Publicada,/v2/compra-agil/1306643-248-COT26
1057501-3309-COT26,Otros / Sin clasificar,HEP-2 KIT (120T) 220472,COMPLEJO ASISTENCIAL DR. SOTERO DEL RIO,2026-09-24 09:52,2026-09-28 10:00,0.7,7100000,0,SI,Publicada,/v2/compra-agil/1057501-3309-COT26
1057501-3308-COT26,Otros / Sin clasificar,GURR BUFFER TABLETS EQUIVALENTE A GIBCO,COMPLEJO ASISTENCIAL DR. SOTERO DEL RIO,2026-09-24 09:47,2026-09-28 10:00,0.7,250000,0,SI,Publicada,/v2/compra-agil/1057501-3308-COT26
1057501-3307-COT26,Otros / Sin clasificar,"FLEX MAB A HU CD10, CL 56C6, RTU COMPATIBLE EQUIPO OMNIS",COMPLEJO ASISTENCIAL DR. SOTERO DEL RIO,2026-09-24 09:45,2026-09-28 10:00,0.7,7100000,0,SI,Publicada,/v2/compra-agil/1057501-3307-COT26
2792-843-COT26,Otros / Sin clasificar,RENOVACION E INSTALACION DE PUERTAS DE ACERO Y MEJORAMIENTO DE PUERTAS EXISTENTES,Iluste Municipalidad de Huechuraba,2026-09-24 09:45,2026-09-28 10:00,0.7,6910000,0,SI,Publicada,/v2/compra-agil/2792-843-COT26
1642-545-COT26,Otros / Sin clasificar, SOBRE ALUMINIO + COLD PACK,SERVICIO DE SALUD METROPOLITANO OCCIDENTE HOSPITAL DE CURACAVI,2026-09-24 08:57,2026-09-28 08:00,0.7,700000,0,SI,Publicada,/v2/compra-agil/1642-545-COT26
883-181-COT26,Otros / Sin clasificar,ADQ. DE DOS MALETAS DE PRUEBAS PARA EL AP. AMB. ,DIRECCION GENERAL DE AERONAUTICA CIVIL,2026-09-24 08:31,2026-09-28 10:00,0.7,6975000,0,SI,Publicada,/v2/compra-agil/883-181-COT26
5196-744-COT26,Otros / Sin clasificar,ALI010 PAPAS RELLENAS DE PINO/QUESO,IIª Brigada Aérea,2026-09-24 08:29,2026-09-28 08:00,0.7,1800000,0,SI,Publicada,/v2/compra-agil/5196-744-COT26
625-324-COT26,Otros / Sin clasificar,301_ ADQ. DE COLCHONES,FUERZA AEREA DE CHILE COMANDO LOGISTICO,2026-09-24 08:05,2026-09-28 09:00,0.7,200000,0,SI,Publicada,/v2/compra-agil/625-324-COT26
5209-1896-COT26,Otros / Sin clasificar, MICOFENOLATO 500 MG,UNIVERSIDAD DE CHILE,2026-09-24 08:01,2026-09-28 09:00,0.7,7172100,7,,Publicada,/v2/compra-agil/5209-1896-COT26
1562-92-COT26,Otros / Sin clasificar, 1 COMPROBADOR DE CABLEADO Y RED,SERVICIO NACIONAL DE GEOLOGIA Y MINERIA,2026-09-23 17:55,2026-09-28 10:00,0.7,6250000,0,SI,Publicada,/v2/compra-agil/1562-92-COT26
1431841-1115-COT26,Otros / Sin clasificar,SM  46545   DIDACTICOS  LUDICOS ,MUNICIPALIDAD DE RECOLETA,2026-09-23 17:19,2026-09-28 10:00,0.7,500000,0,SI,Publicada,/v2/compra-agil/1431841-1115-COT26
1493149-50-COT26,Otros / Sin clasificar,"ADQUISICIÓN DE MARCAPAGÍNAS, DÍPTICOS Y POSTER AFICHE CON LOGOS ",UNIVERSIDAD METROPOLITANA DE CIENCIAS DE LA EDUCAC,2026-09-23 16:54,2026-09-28 09:00,0.7,285000,0,SI,Publicada,/v2/compra-agil/1493149-50-COT26
1431841-1113-COT26,Otros / Sin clasificar,SM 6958 ADQUISICION E INSTALACION DE SISTEMA DE CAMARAS,MUNICIPALIDAD DE RECOLETA,2026-09-23 16:47,2026-09-28 10:00,0.7,2593080,0,SI,Publicada,/v2/compra-agil/1431841-1113-COT26
2793-844-COT26,Otros / Sin clasificar,ADQUISICION DE  BOTINES  DE SEGURIDAD,Iluste Municipalidad de Huechuraba,2026-09-23 16:33,2026-09-28 09:30,0.7,500000,0,SI,Publicada,/v2/compra-agil/2793-844-COT26
744835-585-COT26,Otros / Sin clasificar,MASCARA DE SOLDAR FOTOSENSIBLE - SOPLETE - CARRETE DE MANGUERA - OTROS,I MUNICIPALIDAD DE LO ESPEJO,2026-09-23 16:23,2026-09-28 09:00,0.7,2770000,0,SI,Publicada,/v2/compra-agil/744835-585-COT26
607-231-COT26,Otros / Sin clasificar,Botas de agua de seguridad,PARQUE METROPOLITANO DE SANTIAGO,2026-09-23 16:14,2026-09-28 10:00,0.7,480000,0,SI,Publicada,/v2/compra-agil/607-231-COT26
2766-210-COT26,Otros / Sin clasificar,Bolsas TNT Programa SETB,I MUNICIPALIDAD DE LA CISTERNA,2026-09-23 16:13,2026-09-28 10:00,0.7,300000,0,SI,Publicada,/v2/compra-agil/2766-210-COT26
1274277-129-COT26,Otros / Sin clasificar,VACUNAS PARA MASCOTAS ( CORPORACION DE FOMENTO LA GRANJA ) ,CORPORACION DE FOMENTO DE DESARROLLO COMUNAL Y PRODUCTIVO,2026-09-23 16:09,2026-09-28 10:00,0.7,500000,0,SI,Publicada,/v2/compra-agil/1274277-129-COT26
1057499-283-COT26,Otros / Sin clasificar,Adquisición de equipamiento clínico y otros para Cesfam Haydee Lopez,SERVICIO DE SALUD SUR UNIDAD HOSPITALARI,2026-09-23 15:50,2026-09-28 09:30,0.7,6370000,0,SI,Publicada,/v2/compra-agil/1057499-283-COT26
800-6860-COT26,Otros / Sin clasificar,"CALIBRADORES, CONTROLES Y ACCESORIOS ",UNIVERSIDAD DE CHILE,2026-09-23 15:33,2026-09-28 10:00,0.7,7172100,0,SI,Publicada,/v2/compra-agil/800-6860-COT26
5178-4834-COT26,Otros / Sin clasificar,REACTIVOS/SP 1069943/EG,UNIVERSIDAD DE CHILE,2026-09-23 15:26,2026-09-28 10:00,0.7,1750000,1,,Publicada,/v2/compra-agil/5178-4834-COT26
1301883-52-COT26,Otros / Sin clasificar,Curso de Compras Públicas,SERVICIO NACIONAL DE REINSERCION SOCIAL JUVENIL,2026-09-23 14:59,2026-09-28 09:00,0.7,7172100,0,SI,Publicada,/v2/compra-agil/1301883-52-COT26
5067-2263-COT26,Otros / Sin clasificar,Adquisición de pendrive,UNIVERSIDAD DE SANTIAGO DE CHILE,2026-09-23 13:47,2026-09-28 10:00,0.7,750000,7,,Publicada,/v2/compra-agil/5067-2263-COT26
2109-663-COT26,Otros / Sin clasificar, Medio Cromogènico cribado ESBL.Entero bacteria productora B lactamasa.,SERVICIO DE SALUD OCCIDENTE INSTITUTO TRAUMATOLOGICO DE SANTIAGO,2026-09-23 13:20,2026-09-28 09:00,0.7,300000,1,,Publicada,/v2/compra-agil/2109-663-COT26
1562-91-COT26,Otros / Sin clasificar,450 UNIDADES DE BOTELLAS DE POLIETILENO DE ALTA DENSIDAD PARA MUESTRAS DE AGUA,SERVICIO NACIONAL DE GEOLOGIA Y MINERIA,2026-09-23 12:50,2026-09-28 09:00,0.7,900000,0,SI,Publicada,/v2/compra-agil/1562-91-COT26
2021-259-COT26,Otros / Sin clasificar,CECOPAC N°10000/643 ADQ. DE ELEMENTOS DE PROTECCION PERSONAL,ESTADO MAYOR CONJUNTO,2026-09-23 12:44,2026-09-28 10:00,0.7,99978,0,SI,Publicada,/v2/compra-agil/2021-259-COT26
552975-319-COT26,Otros / Sin clasificar,INSUMOS DE KINESIOLOGIA PARA TRABAJOS DE REHABILITACION,CORP DE DESARROLLO SOCIAL DE PROVIDENCIA,2026-09-23 12:22,2026-09-28 09:00,0.7,3900000,0,SI,Publicada,/v2/compra-agil/552975-319-COT26
5520-753-COT26,Otros / Sin clasificar,Servicio de Ensayo de Aptitud para Máquina de Ensayo Uniaxial,UNIVERSIDAD DE CHILE,2026-09-23 11:43,2026-09-28 10:00,0.7,500000,0,SI,Publicada,/v2/compra-agil/5520-753-COT26
2686-440-COT26,Otros / Sin clasificar,CONTRATACIÓN DE AUTOCUIDADO,I MUNICIPALIDAD DE COLINA,2026-09-23 11:37,2026-09-28 09:30,0.7,600000,1,,Publicada,/v2/compra-agil/2686-440-COT26
918434-253-COT26,Otros / Sin clasificar,D4808 Servicio de arquitectura para inspección técnica de obras Dependencias MMEG,MINISTERIO DE LA MUJER Y LA EQUIDAD DE GÉNERO,2026-09-23 11:27,2026-09-28 10:05,0.7,4200000,0,SI,Publicada,/v2/compra-agil/918434-253-COT26
4642-239-COT26,Otros / Sin clasificar,"ADQUISICION DE REPUESTO PARA SECADORAS Y LAVADORAS, PERTENECIENTES A LA SECCIÓN DE LAVANDERIA DEL DPTO DE SERVICIOS GENERALES DEL HOSPITAL DE CARABINEROS",FONDO PARA HOSPITALES DE CARABINEROS DE CHILE,2026-09-23 11:15,2026-09-28 09:00,0.7,1518320,0,SI,Publicada,/v2/compra-agil/4642-239-COT26
1057498-2377-COT26,Otros / Sin clasificar,1057498-2268-COT26,SERVICIO DE SALUD SUR HOSPITAL SANATORIO EL PINO,2026-09-23 10:54,2026-09-28 10:00,0.7,110670,2,,Publicada,/v2/compra-agil/1057498-2377-COT26
3173-72-COT26,Otros / Sin clasificar,Botiquin de emergencia,DIRECCION DE LOGISTICA DE CARABINEROS,2026-09-23 10:11,2026-09-28 10:00,0.7,1200000,0,SI,Publicada,/v2/compra-agil/3173-72-COT26
2462-184-COT26,Otros / Sin clasificar,CLORO GRANULADO PISCINAS,I MUNICIPALIDAD DE PROVIDENCIA,2026-09-23 09:56,2026-09-28 10:00,0.7,2745000,0,SI,Publicada,/v2/compra-agil/2462-184-COT26
2462-183-COT26,Otros / Sin clasificar,JORNADA AUTOCUIDADO LAZOS 2026,I MUNICIPALIDAD DE PROVIDENCIA,2026-09-23 09:35,2026-09-28 10:00,0.7,312000,0,SI,Publicada,/v2/compra-agil/2462-183-COT26
1499-579-COT26,Otros / Sin clasificar,PTF TRAMPA DE HUMEDAD D-FEND OHMEDA O EQUIVALENTE,INSTITUTO NACIONAL DEL TORAX,2026-09-22 19:07,2026-09-28 08:30,0.7,1000000,6,,Publicada,/v2/compra-agil/1499-579-COT26
2460-909-COT26,Otros / Sin clasificar, Adquisición de cintas protectoras y reparadoras de libros,I MUNICIPALIDAD DE PROVIDENCIA,2026-09-22 18:10,2026-09-28 09:00,0.7,700000,1,,Publicada,/v2/compra-agil/2460-909-COT26
1227338-145-COT26,Otros / Sin clasificar,Impresión Libros formato 21x21,CORPORACION CULTURAL DE PENALOLEN,2026-09-22 17:38,2026-09-28 10:00,0.7,1200000,0,SI,Publicada,/v2/compra-agil/1227338-145-COT26
5178-4813-COT26,Otros / Sin clasificar,REMOVEDOR AMONIACADO / SP 1067100/NG,UNIVERSIDAD DE CHILE,2026-09-22 17:01,2026-09-28 08:00,0.7,24000,1,,Publicada,/v2/compra-agil/5178-4813-COT26
5067-2253-COT26,Otros / Sin clasificar,Adquisición de Estacion de carga con pantalla,UNIVERSIDAD DE SANTIAGO DE CHILE,2026-09-22 16:01,2026-09-28 10:00,0.7,5000000,2,,Publicada,/v2/compra-agil/5067-2253-COT26
2020-185-COT26,Otros / Sin clasificar,SERIVCIO DE ALOJAMIENTO EN SANTIAGO CENTRO.,Biblioteca del Congreso Nacional,2026-09-22 15:25,2026-09-28 10:00,0.7,240000,0,SI,Publicada,/v2/compra-agil/2020-185-COT26
1274189-422-COT26,Otros / Sin clasificar,INSUMOS FITOTERAPIA - COCINILLA Y GAS ,CORPORACION DE DESARROLLO SOCIAL DE BUIN,2026-09-22 13:50,2026-09-28 08:30,0.7,115918,2,,Publicada,/v2/compra-agil/1274189-422-COT26
867990-544-COT26,Otros / Sin clasificar,Adquisición de Viscosímetro Laboratorio,UNIVERSIDAD DE SANTIAGO DE CHILE,2026-09-22 13:23,2026-09-28 10:00,0.7,5672700,3,,Publicada,/v2/compra-agil/867990-544-COT26
1271178-191-COT26,Otros / Sin clasificar,MEMORANDUM Nº 03429/2026 Solicitud de compra insumos sala de rehabilitación infantojuvenil,CORPORACION MUNICIPAL DE DESARROLLO SOCIAL DE MACUL,2026-09-22 13:14,2026-09-28 09:00,0.7,1600000,0,SI,Publicada,/v2/compra-agil/1271178-191-COT26
1561-75-COT26,Otros / Sin clasificar,"ADQUISICIÓN, INSTALACIÓN Y PUESTA EN SERVICIO DE SISTEMAS DE ACTIVACIÓN DE ALARMA PARA EVACUACIÓN DE CENTROS DE TRABAJO",DIRECCION GENERAL DEL CREDITO PRENDARIO,2026-09-22 11:42,2026-09-28 10:00,0.7,3500000,0,SI,Publicada,/v2/compra-agil/1561-75-COT26
1298355-1052-COT26,Otros / Sin clasificar,ADQUISICIÓN DE MALETA DE NICKEL  - CECOSF DEMETRIO BRAVO,DIRECCION DE SALUD,2026-09-22 11:29,2026-09-28 08:00,0.7,119990,2,,Publicada,/v2/compra-agil/1298355-1052-COT26
824773-158-COT26,Otros / Sin clasificar,REACTIVOS,Universidad de Chile,2026-09-22 10:56,2026-09-28 10:00,0.7,400000,0,SI,Publicada,/v2/compra-agil/824773-158-COT26
629373-307-COT26,Otros / Sin clasificar,ADQUISICIÓN ARTÍCULOS MERCHANDISING,CORP MUNICIPAL DE SAN MIGUEL,2026-09-22 10:44,2026-09-28 10:00,0.7,7000000,6,,Publicada,/v2/compra-agil/629373-307-COT26
5178-4771-COT26,Otros / Sin clasificar,REPOSICION VIDRIO LAMINADO/ SP 1067854 / NG ,UNIVERSIDAD DE CHILE,2026-09-22 10:07,2026-09-28 08:00,0.7,84999,2,,Publicada,/v2/compra-agil/5178-4771-COT26
2980-447-COT26,Otros / Sin clasificar,FOSSAP 2 SA. N° 342/2026 LORLATINIB 100 MG.,Comando de Personal-CEAFOSS,2026-09-21 16:28,2026-09-28 10:00,0.7,3520000,1,,Publicada,/v2/compra-agil/2980-447-COT26
5178-4758-COT26,Otros / Sin clasificar,PIPETAS SEROLOGICAS ESTERILES 10 ML / SP 1070027/NG ,UNIVERSIDAD DE CHILE,2026-09-21 16:04,2026-09-28 08:00,0.7,186000,8,,Publicada,/v2/compra-agil/5178-4758-COT26
5178-4755-COT26,Otros / Sin clasificar,REACTIVO/ SP 1069355/NG ,UNIVERSIDAD DE CHILE,2026-09-21 15:56,2026-09-28 08:00,0.7,154100,1,,Publicada,/v2/compra-agil/5178-4755-COT26
5178-4753-COT26,Otros / Sin clasificar,INSUMO DE LABORATORIO / SP 1068874 / NG ,UNIVERSIDAD DE CHILE,2026-09-21 15:49,2026-09-28 08:00,0.7,103670,0,SI,Publicada,/v2/compra-agil/5178-4753-COT26
5520-743-COT26,Otros / Sin clasificar,Registro Red Negocios de la Cámara de comercio de Santiago,UNIVERSIDAD DE CHILE,2026-09-21 12:04,2026-09-28 09:00,0.7,800000,1,,Publicada,/v2/compra-agil/5520-743-COT26
514862-301-COT26,Otros / Sin clasificar,10032974 VENTILACION EXTRACTOR DE AIRE SSHH ESCUELA ESPECIAL P JUAN PABLO II,CORPORACION MUNICIPAL DE PENALOLEN PARA EL DESARRO,2026-09-21 11:47,2026-09-28 10:00,0.7,2326300,0,SI,Publicada,/v2/compra-agil/514862-301-COT26
1559-543-COT26,Otros / Sin clasificar,ATAVACUONA 250/100 MG CM,SERVICIO SALUD OCCIDENTE HOSPITAL DR FELIX BULNES CERDA,2026-09-21 11:29,2026-09-28 10:00,0.7,7000000,1,,Publicada,/v2/compra-agil/1559-543-COT26
1641-5318-COT26,Otros / Sin clasificar,OSIMERTINIB 40 MG,SERVICIO DE SALUD OCCIDENTE HOSPITAL SAN JUAN DE DIOS,2026-09-17 07:57,2026-09-28 08:45,0.7,5000000,2,,Publicada,/v2/compra-agil/1641-5318-COT26
1642-535-COT26,Otros / Sin clasificar,PULSIOXIMETRO + SENSOR NEONATAL,SERVICIO DE SALUD METROPOLITANO OCCIDENTE HOSPITAL DE CURACAVI,2026-09-16 13:08,2026-09-28 08:00,0.7,1500000,4,,Publicada,/v2/compra-agil/1642-535-COT26
758-460-COT26,Otros / Sin clasificar,"SC 25932 ADQUISICIÓN CAJAS PLASTICAS, TERMOLAMINDROA Y LANYARDS, CURSOS BÁSICO SCI",SERVICIO NACIONAL DE PREVENCIÓN Y RESPUESTA ANTE DESASTRES,2026-09-16 10:36,2026-09-28 10:00,0.7,250000,0,SI,Publicada,/v2/compra-agil/758-460-COT26
5520-739-COT26,Otros / Sin clasificar,Servicio de Calibración de Equipo MOHO-TROMINO,UNIVERSIDAD DE CHILE,2026-09-15 13:07,2026-09-28 09:00,0.7,400000,0,SI,Publicada,/v2/compra-agil/5520-739-COT26
2735-1139-COT26,Otros / Sin clasificar,ADQUISICIÓN DE:  SEPARADOR Y LIGADURAS,I MUNICIPALIDAD LO BARNECHEA,2026-09-14 16:47,2026-09-28 09:30,0.7,300000,5,,Publicada,/v2/compra-agil/2735-1139-COT26
813-601-COT26,Otros / Sin clasificar,(E1O2RT9) Adquisición de reactivo FTA-ABS AC. FLUORESCENTES SIFILIS,INSTITUTO DE SALUD PUBLICA DE CHILE,2026-09-14 14:21,2026-09-28 10:00,0.7,591969,1,,Publicada,/v2/compra-agil/813-601-COT26
1016414-60-COT26,Otros / Sin clasificar,Curso Looker Studio,CONSEJO NACIONAL DE TELEVISION,2026-09-11 09:12,2026-09-28 09:00,0.7,1950000,9,,Publicada,/v2/compra-agil/1016414-60-COT26
2735-1118-COT26,Otros / Sin clasificar,Insumos Dentales,I MUNICIPALIDAD LO BARNECHEA,2026-09-09 18:19,2026-09-28 09:00,0.7,200000,4,,Publicada,/v2/compra-agil/2735-1118-COT26
2735-1117-COT26,Otros / Sin clasificar,CURSO DE EMPLEABILIDAD JUVENIL.,I MUNICIPALIDAD LO BARNECHEA,2026-09-09 16:25,2026-09-28 09:30,0.7,6860000,8,,Publicada,/v2/compra-agil/2735-1117-COT26
5178-4726-COT26,Otros / Sin clasificar,TITULO NEUROCIENCIA/SP  1069138/BA ,UNIVERSIDAD DE CHILE,2026-09-09 16:05,2026-09-28 08:30,0.7,870000,1,,Publicada,/v2/compra-agil/5178-4726-COT26
1058095-386-COT26,Otros / Sin clasificar,"INDIGO CARMIN 0,4% ML",COMPLEJO ASISTENCIAL DR. SOTERO DEL RIO,2026-09-08 16:01,2026-09-28 10:00,0.7,7172100,2,,Publicada,/v2/compra-agil/1058095-386-COT26
5684-369-COT26,Otros / Sin clasificar,Equipo Computacional,UNIVERSIDAD DE CHILE,2026-09-27 11:32,2026-09-28 12:00,0.8,380000,0,SI,Publicada,/v2/compra-agil/5684-369-COT26
5504-330-COT26,Otros / Sin clasificar,Servicio de Alojamiento ,UNIVERSIDAD DE CHILE,2026-09-25 23:46,2026-09-28 12:30,0.8,850000,0,SI,Publicada,/v2/compra-agil/5504-330-COT26
5504-329-COT26,Otros / Sin clasificar,Pasajes Aéreos Lima - Santiago de Chile - Lima ,UNIVERSIDAD DE CHILE,2026-09-25 22:20,2026-09-28 12:30,0.8,350000,0,SI,Publicada,/v2/compra-agil/5504-329-COT26
5504-328-COT26,Otros / Sin clasificar,Pasajes Aéreos Ciudad de Panamá - Santiago de Chile - Ciudad de Panamá ,UNIVERSIDAD DE CHILE,2026-09-25 21:51,2026-09-28 12:30,0.8,900000,0,SI,Publicada,/v2/compra-agil/5504-328-COT26
5434-429-COT26,Otros / Sin clasificar,Microondas para sala estudiantes  - Quimica,UNIVERSIDAD DE CHILE,2026-09-25 18:14,2026-09-28 12:00,0.8,70000,0,SI,Publicada,/v2/compra-agil/5434-429-COT26
1057495-642-COT26,Otros / Sin clasificar, ADQUISICIÓN DE PAN ROSITA Y HALLULLA SIN SAL PARA EL HOSPITAL DR. LUCIO CÓRDOVA,SERVICIO DE SALUD SUR HOSPITAL LUCIO CORDOVA,2026-09-25 18:13,2026-09-28 12:00,0.8,4200000,0,SI,Publicada,/v2/compra-agil/1057495-642-COT26
634-346-COT26,Otros / Sin clasificar,EXP. N° 662 ADQUISICIÓN DE IMPLEMENTOS DE PRIMEROS AUXILIOS PARA ESCOLTAS MINJU.,DIRECCION GENERAL DE GENDARMERIA DE CHIL,2026-09-25 17:38,2026-09-28 12:00,0.8,161460,0,SI,Publicada,/v2/compra-agil/634-346-COT26
1411-1218-COT26,Otros / Sin clasificar,COLINA I COMPRA PARA PROGRAMA PPL,Dirección Regional de Gendarmeria - Metropolitana,2026-09-25 17:35,2026-09-28 11:20,0.8,420000,0,SI,Publicada,/v2/compra-agil/1411-1218-COT26
1493149-56-COT26,Otros / Sin clasificar,Servicios de Alojamiento y Alimentación para diferentes Ciudades del País.,UNIVERSIDAD METROPOLITANA DE CIENCIAS DE LA EDUCAC,2026-09-25 17:11,2026-09-28 12:00,0.8,7172100,0,SI,Publicada,/v2/compra-agil/1493149-56-COT26
634-347-COT26,Otros / Sin clasificar,EXP. N° 677 ADQUISICIÓN DE LEVETIRACETAM.,DIRECCION GENERAL DE GENDARMERIA DE CHIL,2026-09-25 16:42,2026-09-28 12:00,0.8,4998000,0,SI,Publicada,/v2/compra-agil/634-347-COT26
2734-621-COT26,Otros / Sin clasificar, PRAPS AIDEA TEA / IMPLEMENTACIÓN SALA KINESIOLOGÍA,I MUNICIPALIDAD DE PENAFLOR,2026-09-25 15:55,2026-09-28 10:30,0.8,240000,0,SI,Publicada,/v2/compra-agil/2734-621-COT26
1230750-202-COT26,Otros / Sin clasificar,FOCOS ESTANCOS LED Y TUBOS LED,Corporación Municipal De Cultura y Deportes de Recoleta,2026-09-25 15:40,2026-09-28 11:00,0.8,700000,0,SI,Publicada,/v2/compra-agil/1230750-202-COT26
3377-146-COT26,Otros / Sin clasificar,SOLICITUD DE COTIZACIÓN DE FUNDAS PARA COJINES DEL QUINCHO DEL CASINO DE OFICIALES DEL REGIMIENTO ,Ejercito de Chile,2026-09-25 15:19,2026-09-28 11:00,0.8,250000,0,SI,Publicada,/v2/compra-agil/3377-146-COT26
5178-4865-COT26,Otros / Sin clasificar,INSUMOS DE LABORATORIO/SP10702026/CM,UNIVERSIDAD DE CHILE,2026-09-25 15:09,2026-09-28 12:00,0.8,190000,0,SI,Publicada,/v2/compra-agil/5178-4865-COT26
800-6928-COT26,Otros / Sin clasificar,REACTIVOS LABORATORIO GENETICA,UNIVERSIDAD DE CHILE,2026-09-25 15:05,2026-09-28 11:00,0.8,2000000,0,SI,Publicada,/v2/compra-agil/800-6928-COT26
1549-4086-COT26,Otros / Sin clasificar,107-4802 MANTAS TERMICAS P/TEMPERATURA CUERPO COMPLETO,SERVICIO DE SALUD METROPOLITANA NORTE HOSPITAL SAN JOSE,2026-09-25 14:57,2026-09-28 12:00,0.8,6020000,0,SI,Publicada,/v2/compra-agil/1549-4086-COT26
5178-4864-COT26,Otros / Sin clasificar,KIT ESMERIL ANGULAR/SP1070344/CM,UNIVERSIDAD DE CHILE,2026-09-25 14:50,2026-09-28 12:00,0.8,520000,0,SI,Publicada,/v2/compra-agil/5178-4864-COT26
1549-4085-COT26,Otros / Sin clasificar,107-4800 MANTAS TERMICAS P/TEMPERATURA SUPERIOR,SERVICIO DE SALUD METROPOLITANA NORTE HOSPITAL SAN JOSE,2026-09-25 14:40,2026-09-28 12:00,0.8,6020000,1,,Publicada,/v2/compra-agil/1549-4085-COT26
1298354-412-COT26,Otros / Sin clasificar,Contratación del servicio de charlas motivacionales.,DIRECCION DE EDUCACION,2026-09-25 14:06,2026-09-28 11:00,0.8,4800000,0,SI,Publicada,/v2/compra-agil/1298354-412-COT26
1499887-113-COT26,Otros / Sin clasificar,Piscina para IP IRC Santiago,Servicio Nacional de Reinserción Social Juvenil,2026-09-25 13:44,2026-09-28 12:30,0.8,550000,0,SI,Publicada,/v2/compra-agil/1499887-113-COT26
1499887-111-COT26,Otros / Sin clasificar,Literas para IP IRC Santiago,Servicio Nacional de Reinserción Social Juvenil,2026-09-25 13:40,2026-09-28 12:00,0.8,600000,0,SI,Publicada,/v2/compra-agil/1499887-111-COT26
1057503-2499-COT26,Otros / Sin clasificar,PEDIÁTRICO CIRCUITO RESPIRATORIO DESECHABLE PARA LA REANIMACIÓN (VENTSTAR RESUSCITAIRE) adjuntar Ficha Imagen,HOSPITAL PADRE ALBERTO HURTADO,2026-09-25 13:26,2026-09-28 12:00,0.8,600000,0,SI,Publicada,/v2/compra-agil/1057503-2499-COT26
630-141-COT26,Otros / Sin clasificar,ADQUISICIÓN DE INSUMOS ERGONOMÉTRICOS,SUBSECRETARIA DEL TRABAJO,2026-09-25 13:20,2026-09-28 12:00,0.8,2500000,0,SI,Publicada,/v2/compra-agil/630-141-COT26
1386073-120-COT26,Otros / Sin clasificar,RENOVACIÓN SUSCRIPCIÓN DIARIO EL MERCURIO Y LA SEGUNDA,CORP CULTURAL DE LAS CONDES,2026-09-25 13:04,2026-09-28 10:30,0.8,700000,0,SI,Publicada,/v2/compra-agil/1386073-120-COT26
4703-255-COT26,Otros / Sin clasificar,COMPRA DE ESTANDARTE INSTITUCIONAL/ LICEO LUIS HUMBERTO ACOSTA GAY/ PRO-RETENCION 2021,I MUNICIPALIDAD DE EL MONTE,2026-09-25 13:00,2026-09-28 12:00,0.8,1000000,0,SI,Publicada,/v2/compra-agil/4703-255-COT26
1947-945-COT26,Otros / Sin clasificar,OBINUTUZUMAB 1000MG/40ML,SERVICIO DE SALUD NORTE HOSPITAL ROBERTO DEL RIO,2026-09-25 12:27,2026-09-28 11:00,0.8,2600000,1,,Publicada,/v2/compra-agil/1947-945-COT26
609-102-COT26,Otros / Sin clasificar,"Adquisición de 67 mochilas destinadas a ser entregadas como reconocimiento a  funcionarios y funcionarias, en el marco del Programa de Reconocimiento 2026. ",INSTITUTO DE DESARROLLO AGROPECUARIO,2026-09-25 12:23,2026-09-28 12:30,0.8,2500000,0,SI,Publicada,/v2/compra-agil/609-102-COT26
1301883-53-COT26,Otros / Sin clasificar,ADQUISICIÓN DE INSUMOS PARA CREDENCIALES,SERVICIO NACIONAL DE REINSERCION SOCIAL JUVENIL,2026-09-25 12:12,2026-09-28 12:30,0.8,2700000,0,SI,Publicada,/v2/compra-agil/1301883-53-COT26
2961-875-COT26,Otros / Sin clasificar,GIFT-CARD,I MUNICIPALIDAD DE LA GRANJA,2026-09-25 12:08,2026-09-28 12:00,0.8,1100000,0,SI,Publicada,/v2/compra-agil/2961-875-COT26
978-51-COT26,Otros / Sin clasificar, Adquisición de traje de buceo ver anexo obligatorio,MINISTERIO DE OBRAS PUBLICAS DIREC CION GRAL DE OO PP DCYF,2026-09-25 11:59,2026-09-28 12:00,0.8,660000,0,SI,Publicada,/v2/compra-agil/978-51-COT26
1736-617-COT26,Otros / Sin clasificar,SERVICIO DE ARRIENDO DE ENCARPADO. - FORMULARIO ÚNICO DE SOLICITUD DE COMPRA N° 649,I MUNICIPALIDAD DE LA COMUNA DE EL BOSQUE,2026-09-25 11:54,2026-09-28 11:59,0.8,1547000,0,SI,Publicada,/v2/compra-agil/1736-617-COT26
2961-874-COT26,Otros / Sin clasificar,SEGURO LABORAL ,I MUNICIPALIDAD DE LA GRANJA,2026-09-25 11:53,2026-09-28 12:00,0.8,540000,0,SI,Publicada,/v2/compra-agil/2961-874-COT26
2201-379-COT26,Otros / Sin clasificar,ADQUISICION DE PECHERAS SIN MANGAS DESECHABLES ,INSTITUTO NACIONAL DE REHABILITACION PEDRO AGUIRRE CERDA,2026-09-25 11:27,2026-09-28 12:00,0.8,250000,0,SI,Publicada,/v2/compra-agil/2201-379-COT26
2961-872-COT26,Otros / Sin clasificar,SACOS DE ASERRIN ,I MUNICIPALIDAD DE LA GRANJA,2026-09-25 11:19,2026-09-28 11:20,0.8,4000000,0,SI,Publicada,/v2/compra-agil/2961-872-COT26
3330-26-COT26,Otros / Sin clasificar,Juego de terraza,I MUNICIPALIDAD DE VITACURA,2026-09-25 11:19,2026-09-28 12:00,0.8,900000,0,SI,Publicada,/v2/compra-agil/3330-26-COT26
2453-484-COT26,Otros / Sin clasificar,"PM N°806 OC N°806 DEPTO. HIGIENE AMBIENTAL (COMPRA DE 150 KILOS DE RODENTICIDA, PRESENTACION PELLETS EN SACHET DE 10 GRS. C/U,SEGUN ESPECIFICACIONES EN ARCHIVO ADJUNTO)",ILUSTRE MUNICIPALIDAD DE QUINTA NORMAL,2026-09-25 11:18,2026-09-28 11:30,0.8,1343400,0,SI,Publicada,/v2/compra-agil/2453-484-COT26
2111-1226-COT26,Otros / Sin clasificar,MR 2255598000 CAMPO QUIR. ADH. ESTERIL 60 X 45 CM (1050),HOSPITAL DE URGENCIA ASISTENCIA PUBLICA DR ALEJANDRO DEL RIO,2026-09-25 11:14,2026-09-28 11:30,0.8,3100000,0,SI,Publicada,/v2/compra-agil/2111-1226-COT26
4205-238-COT26,Otros / Sin clasificar,ADQUISICION DE BATERIA DEA PARA ESCUELA VALLE DE PUANGUE,I MUNICIPALIDAD DE CURACAVI,2026-09-25 11:13,2026-09-28 12:00,0.8,500000,0,SI,Publicada,/v2/compra-agil/4205-238-COT26
2961-871-COT26,Otros / Sin clasificar,ARTICULOS VARIOS ,I MUNICIPALIDAD DE LA GRANJA,2026-09-25 11:11,2026-09-28 11:00,0.8,820000,0,SI,Publicada,/v2/compra-agil/2961-871-COT26
1173446-41-COT26,Otros / Sin clasificar,BOTAS DE AGUA DE MUJER COLOR BLANCA,Centro Educación y Trabajo Femenino Semiabierto St,2026-09-25 11:06,2026-09-28 11:00,0.8,400000,0,SI,Publicada,/v2/compra-agil/1173446-41-COT26
634-344-COT26,Otros / Sin clasificar,EXP N° 637 ADQUISICIÓN DE TIMBRES,DIRECCION GENERAL DE GENDARMERIA DE CHIL,2026-09-25 10:56,2026-09-28 11:30,0.8,149997,0,SI,Publicada,/v2/compra-agil/634-344-COT26
654478-67-COT26,Otros / Sin clasificar,Adquisición de 20 chaquetas cortaviento institucionales,SUBSECRETARIA DE PREVENCION DEL DELITO,2026-09-25 10:47,2026-09-28 11:00,0.8,600000,0,SI,Publicada,/v2/compra-agil/654478-67-COT26
1493149-55-COT26,Otros / Sin clasificar,ADQUISICIÓN DE TABLE Y MICROFONOS DE SOLAPA,UNIVERSIDAD METROPOLITANA DE CIENCIAS DE LA EDUCAC,2026-09-25 10:44,2026-09-28 10:30,0.8,430170,0,SI,Publicada,/v2/compra-agil/1493149-55-COT26
978-50-COT26,Otros / Sin clasificar, Adquisición de vestimenta de protección ver anexo obligatorio,MINISTERIO DE OBRAS PUBLICAS DIREC CION GRAL DE OO PP DCYF,2026-09-25 10:33,2026-09-28 12:00,0.8,266000,0,SI,Publicada,/v2/compra-agil/978-50-COT26
2111-1225-COT26,Otros / Sin clasificar,Normalización Sistema de gestión de energía SIACE,HOSPITAL DE URGENCIA ASISTENCIA PUBLICA DR ALEJANDRO DEL RIO,2026-09-25 10:31,2026-09-28 10:32,0.8,6500000,0,SI,Publicada,/v2/compra-agil/2111-1225-COT26
3328-1520-COT26,Otros / Sin clasificar, RAM/ARTICULOS DEPORTIVOS/REQ. Nº110825/ C. SANTIAGO CENTRO,HOSPITAL CLINICO DE LA FUERZA AEREA GRAL DR RAUL YAZIGI JAUREGUI,2026-09-25 10:19,2026-09-28 12:00,0.8,985000,0,SI,Publicada,/v2/compra-agil/3328-1520-COT26
1212413-99-COT26,Otros / Sin clasificar,MAMPARA,MUSEO NACIONAL DE HISTORIA NATURAL ,2026-09-25 10:18,2026-09-28 11:00,0.8,170000,0,SI,Publicada,/v2/compra-agil/1212413-99-COT26
1549-4074-COT26,Otros / Sin clasificar, 238-1111 VENDA COBAN ESTERIL ESTERIL 10 CM X 4.5 MT,SERVICIO DE SALUD METROPOLITANA NORTE HOSPITAL SAN JOSE,2026-09-25 10:18,2026-09-28 11:00,0.8,6000000,0,SI,Publicada,/v2/compra-agil/1549-4074-COT26
1480090-55-COT26,Otros / Sin clasificar,PTR N°E-165 - SERVICIO DE BANQUETERIA PARA 50 PERSONAS - ,MUNICIPALIDAD DE VITACURA,2026-09-25 10:06,2026-09-28 10:30,0.8,360000,0,SI,Publicada,/v2/compra-agil/1480090-55-COT26
978-49-COT26,Otros / Sin clasificar, Adquisición de Parkas y cortavientos (VER ANEXO TECNICO ADJUNTO Y LISTADO DE TALLAS),MINISTERIO DE OBRAS PUBLICAS DIREC CION GRAL DE OO PP DCYF,2026-09-25 10:05,2026-09-28 12:00,0.8,1005000,0,SI,Publicada,/v2/compra-agil/978-49-COT26
3330-25-COT26,Otros / Sin clasificar,Paneles de aprendizaje MAE,I MUNICIPALIDAD DE VITACURA,2026-09-25 10:02,2026-09-28 10:30,0.8,1140000,0,SI,Publicada,/v2/compra-agil/3330-25-COT26
5148-169-COT26,Otros / Sin clasificar,SERVICIO DE IMPRESIÓN DE LANYARD INSTITUCIONAL,MINISTERIO PUBLICO,2026-09-25 09:49,2026-09-28 12:00,0.8,600000,0,SI,Publicada,/v2/compra-agil/5148-169-COT26
5769-135-COT26,Otros / Sin clasificar,WD 4819: Pocillo rectangular de loza para Dirección de Pregrado,UNIVERSIDAD DE CHILE,2026-09-25 09:44,2026-09-28 11:00,0.8,70000,0,SI,Publicada,/v2/compra-agil/5769-135-COT26
2916-34-COT26,Otros / Sin clasificar,ADQUISICIÓN CURSO COACHING HABILIDADES DIRECTIVAS,UNIDAD OPERATIVA DE CONTROL DE TRANSITO,2026-09-25 09:25,2026-09-28 10:30,0.8,2000000,0,SI,Publicada,/v2/compra-agil/2916-34-COT26
3373-111-COT26,Otros / Sin clasificar,ADQUISICION DE ELEMENTOS DE AMPLIFICACION,Ejercito de Chile,2026-09-25 09:15,2026-09-28 11:00,0.8,191201,0,SI,Publicada,/v2/compra-agil/3373-111-COT26
2432-722-COT26,Otros / Sin clasificar,SOL664-OPERACIONES Y PROTECCION CIVIL-BOTIQUIN PRIMEROS AUXILIOS.,I MUNICIPALIDAD ESTACION CENTRAL,2026-09-25 09:08,2026-09-28 11:00,0.8,1190000,0,SI,Publicada,/v2/compra-agil/2432-722-COT26
2395-923-COT26,Otros / Sin clasificar, ADQUISICION DE INSUMOS COMPUTACIONALES / DESDE EL RIEL LVN / SOL. 895.,I MUNICIPALIDAD PEDRO AGUIRRE CERDA,2026-09-25 08:46,2026-09-28 12:00,0.8,110000,0,SI,Publicada,/v2/compra-agil/2395-923-COT26
1171234-90-COT26,Otros / Sin clasificar,Bibliografía especializada en arte y humanidades,MUSEO NACIONAL DE BELLAS ARTES,2026-09-24 19:18,2026-09-28 11:00,0.8,450000,0,SI,Publicada,/v2/compra-agil/1171234-90-COT26
1421874-140-COT26,Otros / Sin clasificar,Arriendo de sistemas de monitoreo in-ear - Área de Producción Técnica,FUNDACION CENTRO CULTURAL DE LO PRADO,2026-09-24 18:19,2026-09-28 12:00,0.8,500000,0,SI,Publicada,/v2/compra-agil/1421874-140-COT26
1018-55-COT26,Otros / Sin clasificar,COMPRA DE LAMPISTERIA,MINISTERIO DE OBRAS PUBLICAS DIREC CION GRAL DE OO PP DCYF,2026-09-24 18:01,2026-09-28 12:00,0.8,800000,0,SI,Publicada,/v2/compra-agil/1018-55-COT26
5434-424-COT26,Otros / Sin clasificar,INSUMOS PARA LABORATOTIO DIRDEX SC-26-30,UNIVERSIDAD DE CHILE,2026-09-24 17:51,2026-09-28 12:00,0.8,550000,0,SI,Publicada,/v2/compra-agil/5434-424-COT26
5431-78-COT26,Otros / Sin clasificar,Café en grano molido,UNIVERSIDAD DE CHILE,2026-09-24 17:30,2026-09-28 11:30,0.8,200000,0,SI,Publicada,/v2/compra-agil/5431-78-COT26
324-536-COT26,Otros / Sin clasificar,Dpto. Servicios Generales / andamio,I MUNICIPALIDAD DE CERRILLOS,2026-09-24 17:18,2026-09-28 10:45,0.8,2000000,0,SI,Publicada,/v2/compra-agil/324-536-COT26
2583-769-COT26,Otros / Sin clasificar,S/P 399 ADQUISICION DE SOLERAS Y COMPLEMENTOS PARA OBRAS DE PAVIMENTACION / SECPLA / SBN ,I MUNICIPALIDAD DE MAIPU,2026-09-24 17:08,2026-09-28 12:00,0.8,5964450,0,SI,Publicada,/v2/compra-agil/2583-769-COT26
14-35-COT26,Otros / Sin clasificar,ADQUISICIÓN DE PEGAMENTO PARA PISO VINILICO,INSTITUTO NACIONAL DE ESTADISTICAS,2026-09-24 16:52,2026-09-28 12:00,0.8,2000000,0,SI,Publicada,/v2/compra-agil/14-35-COT26
800-6909-COT26,Otros / Sin clasificar,INSUMOS CIRUGIA TRAUMATOLOGICA DE RODILLA,UNIVERSIDAD DE CHILE,2026-09-24 16:42,2026-09-28 12:00,0.8,3800000,0,SI,Publicada,/v2/compra-agil/800-6909-COT26
2395-908-COT26,Otros / Sin clasificar,( Sol. de Ped. 916) Compra de Equipamiento Deportivo,I MUNICIPALIDAD PEDRO AGUIRRE CERDA,2026-09-24 16:32,2026-09-28 11:00,0.8,430000,0,SI,Publicada,/v2/compra-agil/2395-908-COT26
1005498-64-COT26,Otros / Sin clasificar,Servicio Coffe Break,COMISION PARA EL MERCADO FINANCIERO,2026-09-24 16:25,2026-09-28 12:00,0.8,300000,0,SI,Publicada,/v2/compra-agil/1005498-64-COT26
1211839-478-COT26,Otros / Sin clasificar,PRESENTACIÓN Y PROYECCIÓN JORNADA COMPLETA PLANETARIO MÓVIL,CORP MUNIC EDUC SALUD Y ATENCION,2026-09-24 16:20,2026-09-28 11:00,0.8,950000,0,SI,Publicada,/v2/compra-agil/1211839-478-COT26
546437-243-COT26,Otros / Sin clasificar,Clarinete Buffet Bb E13 (J. Arrué),FUND NACIONAL DE ORQUESTAS JUVENILES E INFANTILES DE CHILE,2026-09-24 16:18,2026-09-28 12:00,0.8,2000000,0,SI,Publicada,/v2/compra-agil/546437-243-COT26
2927-338-COT26,Otros / Sin clasificar,SERVICIO DE INSCRIPCION / DIDEL / MICROEMPRESA,I MUNICIPALIDAD DE QUELLON,2026-09-24 15:51,2026-09-28 12:00,0.8,1500000,0,SI,Publicada,/v2/compra-agil/2927-338-COT26
1655-154-COT26,Otros / Sin clasificar,FOLIO 252 - SUBT. 29 MEL - LRP,SERVICIO DE SALUD METROPOLI CENTRAL DIRECCION DE ATENCION PRIMARIA,2026-09-24 15:47,2026-09-28 12:00,0.8,7100000,0,SI,Publicada,/v2/compra-agil/1655-154-COT26
799595-79-COT26,Otros / Sin clasificar,"""ADQUISICIÓN DE ALZAPIÉS ERGONÓMICOS Y ALZAS PARA MONITOR"".",SUBSECRETARIA DEL DEPORTE,2026-09-24 15:46,2026-09-28 12:00,0.8,4000000,0,SI,Publicada,/v2/compra-agil/799595-79-COT26
520149-104-COT26,Otros / Sin clasificar,COTIZACIÓN POR AL MENOS 25 VACANTES PARA “TALLER DE CÓNSULES GENERALES Y SEGUNDOS DE MISIÓN”,SUBSECRETARIA DE RELACIONES EXTERIORES,2026-09-24 15:40,2026-09-28 11:00,0.8,5000000,0,SI,Publicada,/v2/compra-agil/520149-104-COT26
800-6904-COT26,Otros / Sin clasificar,INSUMOS ARTROSCOPIA DE RODILLA,UNIVERSIDAD DE CHILE,2026-09-24 15:32,2026-09-28 12:00,0.8,1000000,1,,Publicada,/v2/compra-agil/800-6904-COT26
1058078-831-COT26,Otros / Sin clasificar,216-4055	FLUOROMETALONA 0.1% SUSPENSION OFTALMICA,Hospital San José de Melipilla,2026-09-24 15:20,2026-09-28 12:00,0.8,1000000,4,,Publicada,/v2/compra-agil/1058078-831-COT26
730377-17-COT26,Otros / Sin clasificar,Servicio de Radio Taxi,2 Juzgado de Familia de San Miguel,2026-09-24 14:20,2026-09-28 12:00,0.8,280000,0,SI,Publicada,/v2/compra-agil/730377-17-COT26
937232-263-COT26,Otros / Sin clasificar,SERVICIO PUNTUAL DE DIAGNOSTICO Y MANT. CORRECTIVO PARA CALENTADOR DE COMPRESAS DEL CRS HPC,CENTRO DE REFERENCIA DE SALUD HOSPITAL PROVINCIA CORDILLERA,2026-09-24 14:07,2026-09-28 11:30,0.8,217500,0,SI,Publicada,/v2/compra-agil/937232-263-COT26
937232-262-COT26,Otros / Sin clasificar,SERVICIO PUNTUAL DE DIAGNOSTICO Y MANT. CORRECTIVO PARA  MICROMOTOR CON CABLE PARA MOTOR IMPLANTMED DEL CRS HPC,CENTRO DE REFERENCIA DE SALUD HOSPITAL PROVINCIA CORDILLERA,2026-09-24 13:59,2026-09-28 11:25,0.8,185700,0,SI,Publicada,/v2/compra-agil/937232-262-COT26
937232-261-COT26,Otros / Sin clasificar,SERVICIO PUNTUAL DE DIAGNOSTICO Y MANT. CORRECTIVO PARA TORRE DE ENDOSCOPIA DE ORL PARA EL CRS HPC,CENTRO DE REFERENCIA DE SALUD HOSPITAL PROVINCIA CORDILLERA,2026-09-24 13:39,2026-09-28 11:20,0.8,238000,0,SI,Publicada,/v2/compra-agil/937232-261-COT26
2460-948-COT26,Otros / Sin clasificar,Adquisición de Lona para toldo 3x3 Dir. Personas. SBC 992,I MUNICIPALIDAD DE PROVIDENCIA,2026-09-24 13:23,2026-09-28 12:30,0.8,25000,0,SI,Publicada,/v2/compra-agil/2460-948-COT26
937232-260-COT26,Otros / Sin clasificar,SERVICIO PUNTUAL DE DIAGNOSTICO Y MANT. CORRECTIVO PARA UNIDAD DENTAL PORTÁTIL PARA EL CRS HPC,CENTRO DE REFERENCIA DE SALUD HOSPITAL PROVINCIA CORDILLERA,2026-09-24 13:23,2026-09-28 11:30,0.8,83500,0,SI,Publicada,/v2/compra-agil/937232-260-COT26
1262137-65-COT26,Otros / Sin clasificar,IMPRESIÓNES FOTOGRAFICAS PARA EXPOSICIÓN ,CORPORACION MUNICIPAL DE CULTURA DE TILTIL ,2026-09-24 13:21,2026-09-28 11:30,0.8,550000,0,SI,Publicada,/v2/compra-agil/1262137-65-COT26
948356-192-COT26,Otros / Sin clasificar,PANEL RESPIRATORIO (30 PANELES) HOSDIP HI8748,FONDO HOSPITAL DE LA DIRECCION DE PREVISION DE CARABINEROS DE CHILE,2026-09-24 12:42,2026-09-28 12:00,0.8,7100000,0,SI,Publicada,/v2/compra-agil/948356-192-COT26
2345-263-COT26,Otros / Sin clasificar,ADQUISICION DE BOTIQUINES DE PRIMEROS AUXILIOS,I MUNICIPALIDAD DE LAS CONDES,2026-09-24 12:37,2026-09-28 11:00,0.8,737540,3,,Publicada,/v2/compra-agil/2345-263-COT26
937232-259-COT26,Otros / Sin clasificar,TIMBRE SHINY PARA TI DEL CRS HPC,CENTRO DE REFERENCIA DE SALUD HOSPITAL PROVINCIA CORDILLERA,2026-09-24 12:36,2026-09-28 12:00,0.8,42759,0,SI,Publicada,/v2/compra-agil/937232-259-COT26
1058094-1398-COT26,Otros / Sin clasificar,PENICLINA,SERVICIO DE SALUD SUR HOSPITAL SANATORIO EL PINO,2026-09-24 12:35,2026-09-28 11:00,0.8,1500000,1,,Publicada,/v2/compra-agil/1058094-1398-COT26
1606-176-COT26,Otros / Sin clasificar,E102RT9 SIC 15/190/2026 SERVICIOS DE PRODUCCIÓN STAND PROYECTO PMI-CHILE,AGENCIA CHILENA DE COOPERACION INTERNACIONAL PARA EL DESARROLLO,2026-09-24 11:46,2026-09-28 10:30,0.8,481875,0,SI,Publicada,/v2/compra-agil/1606-176-COT26
1515304-233-COT26,Otros / Sin clasificar," SERVICIO DE DESCARGA DE CILINDROS DE AIRBAG DE AVIÓN C-60, PARA LA PREFECTURA AÉREA.",Carabineros de Chile,2026-09-24 11:43,2026-09-28 12:00,0.8,1232636,0,SI,Publicada,/v2/compra-agil/1515304-233-COT26
5014-29-COT26,Otros / Sin clasificar,Adquisición de Podium y porta estandarte ,CENTRO MEDICO MILITAR CORDILLERA,2026-09-24 11:42,2026-09-28 12:00,0.8,1000000,0,SI,Publicada,/v2/compra-agil/5014-29-COT26
1057501-3312-COT26,Otros / Sin clasificar,REACTIVOS INMUNOLOGÍA SEROLOGÍA INFECCIONA Y AUTOINMUNIDAD II,COMPLEJO ASISTENCIAL DR. SOTERO DEL RIO,2026-09-24 11:30,2026-09-28 11:00,0.8,7100000,0,SI,Publicada,/v2/compra-agil/1057501-3312-COT26
1057501-3311-COT26,Otros / Sin clasificar,REACTIVOS INMUNOLOGÍA SEROLOGÍA INFECCIONA Y AUTOINMUNIDAD,COMPLEJO ASISTENCIAL DR. SOTERO DEL RIO,2026-09-24 11:27,2026-09-28 11:00,0.8,7100000,1,,Publicada,/v2/compra-agil/1057501-3311-COT26
2981-366-COT26,Otros / Sin clasificar,ADQUISICION E INSTALACION DE SEPARADORES- JENAMTE,POLICIA DE INVESTIGACIONES DE CHILE,2026-09-24 11:11,2026-09-28 12:00,0.8,7000000,0,SI,Publicada,/v2/compra-agil/2981-366-COT26
2934-89-COT26,Otros / Sin clasificar,AUDÍFONOS PARA PACIENTES PROGRAMA RESOLUTIVIDAD,I MUNICIPALIDAD DE ALHUE,2026-09-24 10:30,2026-09-28 11:00,0.8,2250000,0,SI,Publicada,/v2/compra-agil/2934-89-COT26
2791-131-COT26,Otros / Sin clasificar,Carro de carga eléctrica para Chromebook,Iluste Municipalidad de Huechuraba,2026-09-24 10:25,2026-09-28 11:00,0.8,1750000,0,SI,Publicada,/v2/compra-agil/2791-131-COT26
2279-651-COT26,Otros / Sin clasificar,Solicitud de pedido N° 783 Servicios Generales ,ILUSTRE MUNICIPALIDAD DE PUDAHUEL,2026-09-24 10:25,2026-09-28 11:00,0.8,2000000,0,SI,Publicada,/v2/compra-agil/2279-651-COT26
3378-1393-COT26,Otros / Sin clasificar,"ADQUISICIÓN DE FÁRMACO CLORURO DE SODIO 0,9%/3000ML FLEXIBLE SOLUCION INYECTABLE",EJERCITO DE CHILE HOSPITAL MILITAR DE SANTIAGO,2026-09-24 10:21,2026-09-28 11:00,0.8,1925230,6,,Publicada,/v2/compra-agil/3378-1393-COT26
5541-116-COT26,Otros / Sin clasificar,Concentradores,UNIVERSIDAD DE CHILE,2026-09-24 10:14,2026-09-28 10:30,0.8,480000,0,SI,Publicada,/v2/compra-agil/5541-116-COT26
577290-100-COT26,Otros / Sin clasificar,ADQUISICIÓN CURSO PYTHON NIVELES BÁSICO E INTERMEDIO,Subsecretaria de Transportes ,2026-09-24 10:10,2026-09-28 10:30,0.8,1650000,0,SI,Publicada,/v2/compra-agil/577290-100-COT26
732476-9-COT26,Otros / Sin clasificar,"RETIRO, SUMINISTRO E INSTALACIÓN DE NARIZ DE GRADA PARA EL TOP DE SAN BERNARDO",Tribunal de Juicio Oral en lo Pena de San Bernardo,2026-09-24 10:09,2026-09-28 12:00,0.8,100000,0,SI,Publicada,/v2/compra-agil/732476-9-COT26
5209-1903-COT26,Otros / Sin clasificar,PIPERACILINA - TAZOBACTAM 4.5 GR,UNIVERSIDAD DE CHILE,2026-09-24 09:57,2026-09-28 12:00,0.8,7172100,6,,Publicada,/v2/compra-agil/5209-1903-COT26
5209-1899-COT26,Otros / Sin clasificar,"METOTREXATO 10 MG/0,2 ML JERINGA PRELLENADA",UNIVERSIDAD DE CHILE,2026-09-24 09:48,2026-09-28 12:00,0.8,7172100,3,,Publicada,/v2/compra-agil/5209-1899-COT26
1262137-64-COT26,Otros / Sin clasificar,SOLICITUD DE COTIZACIÓN - ARTICULOS DE CAFETERIA ,CORPORACION MUNICIPAL DE CULTURA DE TILTIL ,2026-09-23 18:31,2026-09-28 11:30,0.8,550000,0,SI,Publicada,/v2/compra-agil/1262137-64-COT26
1421874-139-COT26,Otros / Sin clasificar,Fabricación de barandas y mallas de protección de puentes  Teatro Joan Jara - Área Técnica,FUNDACION CENTRO CULTURAL DE LO PRADO,2026-09-23 18:15,2026-09-28 12:00,0.8,2837600,0,SI,Publicada,/v2/compra-agil/1421874-139-COT26
727865-76-COT26,Otros / Sin clasificar,adquisición de kit de actualización computacional para el CEDOC,Jefatura Adm. y Log. Campo Militar La Reina,2026-09-23 17:08,2026-09-28 11:50,0.8,1392000,0,SI,Publicada,/v2/compra-agil/727865-76-COT26
1057486-143-COT26,Otros / Sin clasificar,"Servicio conversatorio de transversalización del enfoque intercultural PPOO. (Apoyo logístico, cafeteria e insumos para 50 personas )",DIRECCION SERVICIO SALUD METROPOLITANO O,2026-09-23 16:33,2026-09-28 11:00,0.8,860000,0,SI,Publicada,/v2/compra-agil/1057486-143-COT26
1491850-26-COT26,Otros / Sin clasificar,"ADQUISICIÓN DE TABLERO MDF, MÁSCARA DE GAS Y SOPLETE A GAS",UNIVERSIDAD METROPOLITANA DE CIENCIAS DE LA EDUCAC,2026-09-23 16:08,2026-09-28 12:00,0.8,280000,0,SI,Publicada,/v2/compra-agil/1491850-26-COT26
2376-658-COT26,Otros / Sin clasificar,SERVICIO CERTIFICACION ANUAL ASCENSORES_OPERACIONES,I MUNICIPALIDAD DE NUNOA,2026-09-23 13:45,2026-09-28 12:00,0.8,600000,0,SI,Publicada,/v2/compra-agil/2376-658-COT26
5541-114-COT26,Otros / Sin clasificar,TUBO SIN SOLDADURA DE AC - PARA EL PROYECTO DFG220012 - FCFM - CC 3792.,UNIVERSIDAD DE CHILE,2026-09-23 11:35,2026-09-28 12:00,0.8,230000,0,SI,Publicada,/v2/compra-agil/5541-114-COT26
3173-69-COT26,Otros / Sin clasificar,CUPULA PARA MAXUS T60,DIRECCION DE LOGISTICA DE CARABINEROS,2026-09-22 16:04,2026-09-28 10:45,0.8,1400000,1,,Publicada,/v2/compra-agil/3173-69-COT26
4629-50-COT26,Otros / Sin clasificar,Suscripción medios de prensa digital Diario La Tercera para la Dirección del Trabajo.,DIRECCION DEL TRABAJO,2026-09-22 15:50,2026-09-28 12:09,0.8,380000,0,SI,Publicada,/v2/compra-agil/4629-50-COT26
5760-26-COT26,Otros / Sin clasificar,SUMINISTRO E INSTALACIÓN CERRADURA INTELIGENTE,UNIVERSIDAD DE CHILE,2026-09-22 15:44,2026-09-28 11:00,0.8,540000,0,SI,Publicada,/v2/compra-agil/5760-26-COT26
324-530-COT26,Otros / Sin clasificar,Seguridad Pública/Senda Previene ,I MUNICIPALIDAD DE CERRILLOS,2026-09-22 14:01,2026-09-28 10:47,0.8,300000,2,,Publicada,/v2/compra-agil/324-530-COT26
1058097-897-COT26,Otros / Sin clasificar,"CARBACOL 0,01% SOL.INTRAOCULAR FRA 1,5ML",HOSPITAL PADRE ALBERTO HURTADO,2026-09-22 13:58,2026-09-28 12:00,0.8,1800000,1,,Publicada,/v2/compra-agil/1058097-897-COT26
1238534-1-COT26,Otros / Sin clasificar,"Compra de insumos de seguridad para casino institucional del Centro de Perfeccionamiento, Experimentación e Investigaciones Pedagógicas. ",C. Perfeccionamieno y Experimentaciones Pedagógica,2026-09-22 13:16,2026-09-28 11:00,0.8,300000,0,SI,Publicada,/v2/compra-agil/1238534-1-COT26
1293138-318-COT26,Otros / Sin clasificar,CAJA PERIODONCIA,SERVICIO DE SALUD METROPOLITANO OCCIDENTE,2026-09-22 13:00,2026-09-28 12:00,0.8,150000,0,SI,Publicada,/v2/compra-agil/1293138-318-COT26
979-108-COT26,Otros / Sin clasificar,RENOVACIÓN DE SERVICIO DE SELECCIÓN DE PERSONAS A TRAVES DE PLATAFORMA DE LA DIRECCIÓN DE VIALIDAD,MINISTERIO DE OBRAS PUBLICAS DIREC CION GRAL DE OO PP DCYF,2026-09-22 12:41,2026-09-28 12:30,0.8,5659640,0,SI,Publicada,/v2/compra-agil/979-108-COT26
761391-850-COT26,Otros / Sin clasificar,CP-DAF/24/GUB/SERVICIO DE INTERNET,Comando de Personal,2026-09-22 12:04,2026-09-28 11:22,0.8,500000,2,,Publicada,/v2/compra-agil/761391-850-COT26
5153-1829-COT26,Otros / Sin clasificar,GFB_Folio 1149 (MMN°499)_Provisión e Instalación Campana Extracción de Gases Sala Macroscópica,UNIVERSIDAD DE CHILE,2026-09-22 11:20,2026-09-28 12:00,0.8,7100000,0,SI,Publicada,/v2/compra-agil/5153-1829-COT26
5215-740-COT26,Otros / Sin clasificar,MESONES,I MUNICIPALIDAD DE LA GRANJA,2026-09-22 11:10,2026-09-28 12:00,0.8,800000,0,SI,Publicada,/v2/compra-agil/5215-740-COT26
1002772-2585-COT26,Otros / Sin clasificar,MASCARA LARINGEA SUPREME N° 1.5,SERVICIO SALUD OCCIDENTE HOSPITAL DR FELIX BULNES CERDA,2026-09-22 11:09,2026-09-28 12:00,0.8,140000,8,,Publicada,/v2/compra-agil/1002772-2585-COT26
1002772-2583-COT26,Otros / Sin clasificar,MANGUITO PRESION ARTERIAL N°4 COMPATIBLE CON MONITOR SPACELABS,SERVICIO SALUD OCCIDENTE HOSPITAL DR FELIX BULNES CERDA,2026-09-22 11:03,2026-09-28 12:00,0.8,100000,1,,Publicada,/v2/compra-agil/1002772-2583-COT26
1262137-62-COT26,Otros / Sin clasificar,Servicio de Ingeniería y Gestión para Postulación a Concesión de Radio Comunitaria Tiltil – Concurso público SUBTEL 2026,CORPORACION MUNICIPAL DE CULTURA DE TILTIL ,2026-09-22 11:03,2026-09-28 11:00,0.8,1215000,0,SI,Publicada,/v2/compra-agil/1262137-62-COT26
324-528-COT26,Otros / Sin clasificar,Secplan/ Estudio Levantamiento Topográfico,I MUNICIPALIDAD DE CERRILLOS,2026-09-22 09:38,2026-09-28 11:00,0.8,4850000,0,SI,Publicada,/v2/compra-agil/324-528-COT26
1057501-3278-COT26,Otros / Sin clasificar, COMPRA  EXTRA  ACCESORIOS DE SEGURIDAD SEPT   2026  SCE  428005,COMPLEJO ASISTENCIAL DR. SOTERO DEL RIO,2026-09-22 09:02,2026-09-28 12:00,0.8,2000000,6,,Publicada,/v2/compra-agil/1057501-3278-COT26
1153624-45-COT26,Otros / Sin clasificar,SERVICIO DE INTERPRETACION SIMULTÁNEA,SUBSECRETARIA DE RELACIONES ECONOMICAS INTERNACIONALES,2026-09-21 11:39,2026-09-28 12:00,0.8,450000,0,SI,Publicada,/v2/compra-agil/1153624-45-COT26
1057501-3253-COT26,Otros / Sin clasificar,MEJORAMIENTO BAÑO SEGUNDO PISO CENTRO DIAGNÓSTICO TERAPÉUTICO (C.D.T.),COMPLEJO ASISTENCIAL DR. SOTERO DEL RIO,2026-09-21 10:57,2026-09-28 12:00,0.8,6585002,0,SI,Publicada,/v2/compra-agil/1057501-3253-COT26
1455288-175-COT26,Otros / Sin clasificar,(CCOQ) ADQUISICIÓN CAFÉ DE GRANO (495/2026),DIVISIÓN DE BIENESTAR SOCIAL,2026-09-17 11:20,2026-09-28 11:49,0.8,681156,8,,Publicada,/v2/compra-agil/1455288-175-COT26
2721-433-COT26,Otros / Sin clasificar,INSUMOS PARA MALON DE INTEGRACION A USUARIOS DEL PROGRAMA VINCULOS 2025-B,I MUNICIPALIDAD DE BUIN,2026-09-16 17:42,2026-09-28 11:29,0.8,463000,2,,Publicada,/v2/compra-agil/2721-433-COT26
761-170-COT26,Otros / Sin clasificar,Servicio para la toma de examenes de control de consumo de sustancias E7841/2026,SUBSECRETARIA DE DESARROLLO REGIONAL Y ADMINISTRATIVO,2026-09-16 16:07,2026-09-28 10:51,0.8,4900000,1,,Publicada,/v2/compra-agil/761-170-COT26
1002772-2533-COT26,Otros / Sin clasificar,AGUJA DE ANESTESIA ESPINAL 27G X 5,SERVICIO SALUD OCCIDENTE HOSPITAL DR FELIX BULNES CERDA,2026-09-16 11:54,2026-09-28 11:00,0.8,2300000,7,,Publicada,/v2/compra-agil/1002772-2533-COT26
1002772-2519-COT26,Otros / Sin clasificar,AGUJA BIOPSIA 18 G X 15 BIOPINCE,SERVICIO SALUD OCCIDENTE HOSPITAL DR FELIX BULNES CERDA,2026-09-15 15:54,2026-09-28 11:00,0.8,5000000,8,,Publicada,/v2/compra-agil/1002772-2519-COT26
5684-368-COT26,Otros / Sin clasificar,EQUIPO COMPUTACIONAL ALTO RENDIMIENTO,UNIVERSIDAD DE CHILE,2026-09-27 11:00,2026-09-28 15:00,0.9,7100000,0,SI,Publicada,/v2/compra-agil/5684-368-COT26
800-6948-COT26,Otros / Sin clasificar,19.0194 INTR.ARTERIAL TRANSRADIAL HIDROF.6FR/13CMS. / Equivalente a INTRODUCTOR ARTERIAL RADIAL RADIFOCUS® INTRODUCER II TRANSRADIAL KIT,UNIVERSIDAD DE CHILE,2026-09-26 13:10,2026-09-28 13:15,0.9,1172100,0,SI,Publicada,/v2/compra-agil/800-6948-COT26
1057503-2504-COT26,Otros / Sin clasificar,"FILTRO VENA CAVA 6 FR (TIPO TRAPEAC), INCLUYE FILTRO+GUIA+AGUJA",HOSPITAL PADRE ALBERTO HURTADO,2026-09-26 12:31,2026-09-28 15:00,0.9,1200000,0,SI,Publicada,/v2/compra-agil/1057503-2504-COT26
1057503-2503-COT26,Otros / Sin clasificar,"FILTRO BACTERIANO RAMA ESPIRATORIA P/VENTILADOR MECANICO MAQUET, Dimensiones Longitud = 110 mm, diámetro máximo = 78 mm, Volumen interno 170 ml Presión Máx. 30 kPa",HOSPITAL PADRE ALBERTO HURTADO,2026-09-26 12:20,2026-09-28 15:00,0.9,350000,0,SI,Publicada,/v2/compra-agil/1057503-2503-COT26
1057503-2502-COT26,Otros / Sin clasificar,CLORO TRADICIONAL BOTELLA 1 LITRO,HOSPITAL PADRE ALBERTO HURTADO,2026-09-26 11:57,2026-09-28 15:00,0.9,40000,0,SI,Publicada,/v2/compra-agil/1057503-2502-COT26
1057503-2501-COT26,Otros / Sin clasificar,CLIP P/LAPAROSCOPIA M-L (VERDE) CARTRIDGE 6 UD,HOSPITAL PADRE ALBERTO HURTADO,2026-09-26 11:43,2026-09-28 15:00,0.9,300000,0,SI,Publicada,/v2/compra-agil/1057503-2501-COT26
1057503-2500-COT26,Otros / Sin clasificar,CINTAS SILICONA MAXI y MINI P/OCLUSION/IDENTIFICACION VASCULAR (SOBRE POR 2 UNIDADES),HOSPITAL PADRE ALBERTO HURTADO,2026-09-26 11:26,2026-09-28 15:00,0.9,300000,0,SI,Publicada,/v2/compra-agil/1057503-2500-COT26
2674-783-COT26,Otros / Sin clasificar,"Producción para el ""Acto y Desfile Cívico en Conmemoración del Aniversario N°284 de la fundación de nuestra ciudad"".",ILUSTRE MUNICIPALIDAD DE MELIPILLA,2026-09-26 11:09,2026-09-28 15:00,0.9,7000000,0,SI,Publicada,/v2/compra-agil/2674-783-COT26
858-189-COT26,Otros / Sin clasificar,Servicio de Arriendo de Equipamiento Audiovisual y Soporte Técnico para el Lanzamiento de la Política de Gestión para las Personas,INSTITUTO NACIONAL DE DEPORTES DE CHILE,2026-09-25 18:37,2026-09-28 13:00,0.9,600000,0,SI,Publicada,/v2/compra-agil/858-189-COT26
5153-1847-COT26,Otros / Sin clasificar,PPE_ ADQUISICION LOZA DESECHABLE (OCTUBRE 2026),UNIVERSIDAD DE CHILE,2026-09-25 17:53,2026-09-28 13:00,0.9,7100000,0,SI,Publicada,/v2/compra-agil/5153-1847-COT26
2153-452-COT26,Otros / Sin clasificar,EQUIPAMIENTO PROYECTO MEL 2026 SMART TV ,Hospital Sanatorio San José de Maipo,2026-09-25 16:06,2026-09-28 13:30,0.9,1500000,0,SI,Publicada,/v2/compra-agil/2153-452-COT26
2412-469-COT26,Otros / Sin clasificar,"MULCH COLOR ROJO, AMARILLO Y VERDE (CIP N°843 – CDP N°217 – EXP. N°14811)",I MUNICIPALIDAD DE LO PRADO,2026-09-25 16:00,2026-09-28 15:10,0.9,1285200,0,SI,Publicada,/v2/compra-agil/2412-469-COT26
5153-1846-COT26,Otros / Sin clasificar,PPE_ LOZA DESECHABLE PARA DISTRIBUCIÓN DE RACIONES ALIMENTARIAS OCTUBRE 2026 ,UNIVERSIDAD DE CHILE,2026-09-25 15:49,2026-09-28 13:00,0.9,7100000,0,SI,Publicada,/v2/compra-agil/5153-1846-COT26
1057492-888-COT26,Otros / Sin clasificar,"ADQUISICIÓN DE SERVICIO DE ARRIENDO DE CARPA, PARA “FERIA SEGURIDAD DEL PACIENTE”",HOSPITAL ORIENTE DR LUIS TISNE BROUSSE,2026-09-25 15:40,2026-09-28 15:00,0.9,980000,0,SI,Publicada,/v2/compra-agil/1057492-888-COT26
5251-986-COT26,Otros / Sin clasificar,Monitor 27” IPS 100 Hz,UNIVERSIDAD TECNOLOGICA METROPOLITANA,2026-09-25 15:33,2026-09-28 13:00,0.9,390000,0,SI,Publicada,/v2/compra-agil/5251-986-COT26
1947-946-COT26,Otros / Sin clasificar,241-0061 Cámara recuento Neubauer línea brillante,SERVICIO DE SALUD NORTE HOSPITAL ROBERTO DEL RIO,2026-09-25 15:31,2026-09-28 13:00,0.9,500000,0,SI,Publicada,/v2/compra-agil/1947-946-COT26
5539-137-COT26,Otros / Sin clasificar,Suministro Confección e Instalación Cubiertas Textiles Tensadas para Sombra,UNIVERSIDAD DE CHILE,2026-09-25 15:24,2026-09-28 15:00,0.9,600000,0,SI,Publicada,/v2/compra-agil/5539-137-COT26
761391-866-COT26,Otros / Sin clasificar,BAEB-PAB.SOL.PCP./PLF/157/2026/ADQ. BOMBA RECIRCULADORA DE CALEFACCIÓN.,Comando de Personal,2026-09-25 15:00,2026-09-28 13:00,0.9,600000,1,,Publicada,/v2/compra-agil/761391-866-COT26
3384-157-COT26,Otros / Sin clasificar,Confección de clisés para grabado en relieve de lomos a empastes del DPGR ,INSTITUTO GEOGRAFICO MILITAR,2026-09-25 14:43,2026-09-28 15:00,0.9,249900,0,SI,Publicada,/v2/compra-agil/3384-157-COT26
761391-865-COT26,Otros / Sin clasificar, EPS/GUB/09/DAS/ADQ. DE CABLE PREENSAMBLADO,Comando de Personal,2026-09-25 14:29,2026-09-28 15:00,0.9,642600,0,SI,Publicada,/v2/compra-agil/761391-865-COT26
625-328-COT26,Otros / Sin clasificar,304_177198/2026_PRODUCTOS PISCINA,FUERZA AEREA DE CHILE COMANDO LOGISTICO,2026-09-25 14:27,2026-09-28 14:00,0.9,1768320,0,SI,Publicada,/v2/compra-agil/625-328-COT26
2483-447-COT26,Otros / Sin clasificar,ADQUISICION E INSTALACION DE SISTEMA SOLAR FOTOVOLTAICO PARA DEPENDENCIA MUNICIPAL ,I MUNICIPALIDAD DE QUILICURA,2026-09-25 13:31,2026-09-28 14:00,0.9,4000000,0,SI,Publicada,/v2/compra-agil/2483-447-COT26
2111-1232-COT26,Otros / Sin clasificar,DV - 2142140042 LAMOTRIGINA 50 MG. COMPRIMIDOS DISPERSABLES/MASTICABLES,HOSPITAL DE URGENCIA ASISTENCIA PUBLICA DR ALEJANDRO DEL RIO,2026-09-25 13:29,2026-09-28 13:00,0.9,200000,0,SI,Publicada,/v2/compra-agil/2111-1232-COT26
2111-1231-COT26,Otros / Sin clasificar,DV - LABETALOL 100 MG/ 20 ML E.V.,HOSPITAL DE URGENCIA ASISTENCIA PUBLICA DR ALEJANDRO DEL RIO,2026-09-25 13:21,2026-09-28 13:00,0.9,700000,1,,Publicada,/v2/compra-agil/2111-1231-COT26
2111-1230-COT26,Otros / Sin clasificar,DV - 2130000036 COTRIMOXAZOL 400/80 MG,HOSPITAL DE URGENCIA ASISTENCIA PUBLICA DR ALEJANDRO DEL RIO,2026-09-25 13:14,2026-09-28 12:50,0.9,600000,1,,Publicada,/v2/compra-agil/2111-1230-COT26
1973-831-COT26,Otros / Sin clasificar,LÁGRIMAS ARTIFICIALES GEL OFTALMICO,CENTRO DE REFERENCIA DE SALUD DE PENALOLEN CORDILLERA ORIENTE,2026-09-25 12:57,2026-09-28 13:20,0.9,89250,0,SI,Publicada,/v2/compra-agil/1973-831-COT26
630-140-COT26,Otros / Sin clasificar,SERVICIO DE DESARROLLO Y DISEÑO DE PÁGINA WEB ,SUBSECRETARIA DEL TRABAJO,2026-09-25 12:41,2026-09-28 15:00,0.9,3300000,0,SI,Publicada,/v2/compra-agil/630-140-COT26
1806-37-COT26,Otros / Sin clasificar,Adquisición de 60 unidades de alargadores  certificados con 6 tomas y corta corriente,JUNTA NACIONAL DE AUXILIO ESCOLAR Y BECA,2026-09-25 12:36,2026-09-28 13:00,0.9,1260000,0,SI,Publicada,/v2/compra-agil/1806-37-COT26
1430396-94-COT26,Otros / Sin clasificar,Servicio de atención a personas por coctelería ,CORPORACIÓN CULTURAL DE ÑUÑOA,2026-09-25 12:32,2026-09-28 15:00,0.9,1100000,0,SI,Publicada,/v2/compra-agil/1430396-94-COT26
5429-93-COT26,Otros / Sin clasificar,Compra Snacks,UNIVERSIDAD DE CHILE,2026-09-25 12:12,2026-09-28 13:00,0.9,150000,0,SI,Publicada,/v2/compra-agil/5429-93-COT26
1736-616-COT26,Otros / Sin clasificar, INSUMOS ALIMENTARIOS PEDAGÓGICOS DDIET,I MUNICIPALIDAD DE LA COMUNA DE EL BOSQUE,2026-09-25 11:40,2026-09-28 13:00,0.9,852600,0,SI,Publicada,/v2/compra-agil/1736-616-COT26
1447930-418-COT26,Otros / Sin clasificar,"SSP - Adquisición de Cables HDMI, cable de red y conectores RJ45 para habilitación de salas de reuniones",SUBSECRETARIA DE SEGURIDAD PUBLICA,2026-09-25 11:40,2026-09-28 15:00,0.9,380000,0,SI,Publicada,/v2/compra-agil/1447930-418-COT26
1306643-254-COT26,Otros / Sin clasificar,Adquisición de insumos PRAPS CECOSF LOS LAGOS,I. MUNICIPALIDAD DE CERRO NAVIA,2026-09-25 11:33,2026-09-28 15:00,0.9,945102,0,SI,Publicada,/v2/compra-agil/1306643-254-COT26
761391-864-COT26,Otros / Sin clasificar,EA/220/ INT/RRM ADQUISICION DE ELEMENTOS DEPORTIVOS DE FOMENTO E.A.,Comando de Personal,2026-09-25 11:05,2026-09-28 15:00,0.9,432000,0,SI,Publicada,/v2/compra-agil/761391-864-COT26
1480074-41-COT26,Otros / Sin clasificar,"PTR N° E-147/ 1480074-39-COT26/ SUMINISTRO/ 96 RELOJES MURALES ANALOGOS CASIO IQ-151-1D, O SU EQUIVALENTE + BATERIAS TAMAÑO AA.",MUNICIPALIDAD DE VITACURA,2026-09-25 10:58,2026-09-28 14:00,0.9,1200000,0,SI,Publicada,/v2/compra-agil/1480074-41-COT26
3377-145-COT26,Otros / Sin clasificar,SOLICITUD DE COTIZACIÓN DE MÁQUINAS Y EQUIPAMIENTO PARA EL GIMNASIO DEL REGIMIENTO  ,Ejercito de Chile,2026-09-25 10:52,2026-09-28 14:00,0.9,2000000,0,SI,Publicada,/v2/compra-agil/3377-145-COT26
1219241-108-COT26,Otros / Sin clasificar,ADQUISICIÓN ADHESIVO PARA PVC,CORPORACIÓN MUNICIPAL PUEBLITO DE LAS VIZCACHAS,2026-09-25 10:37,2026-09-28 15:00,0.9,130000,0,SI,Publicada,/v2/compra-agil/1219241-108-COT26
3328-1523-COT26,Otros / Sin clasificar,RAM/TIRAS DE CONTROL BIOLÓGICO/REQ. Nº160109/ CMGR,HOSPITAL CLINICO DE LA FUERZA AEREA GRAL DR RAUL YAZIGI JAUREGUI,2026-09-25 10:31,2026-09-28 14:00,0.9,761000,0,SI,Publicada,/v2/compra-agil/3328-1523-COT26
3328-1522-COT26,Otros / Sin clasificar,RAM/TABLAS ESPINAL/REQ. Nº143880/ CMGR,HOSPITAL CLINICO DE LA FUERZA AEREA GRAL DR RAUL YAZIGI JAUREGUI,2026-09-25 10:24,2026-09-28 14:00,0.9,233121,0,SI,Publicada,/v2/compra-agil/3328-1522-COT26
5701-164-COT26,Otros / Sin clasificar,ADQUISICIÓN DE SUSCRIPCIÓN  ANUAL GENIALLY O EQUIVALENTE PLAN MASTER DEPTO P.5 NCU 260975365,Dirección General de Carabineros de Chile,2026-09-24 18:34,2026-09-28 15:00,0.9,350000,0,SI,Publicada,/v2/compra-agil/5701-164-COT26
1618-77-COT26,Otros / Sin clasificar,Equipo celular,DIRECCION DE PRESUPUESTOS MINISTERIO DE,2026-09-24 17:55,2026-09-28 13:00,0.9,300000,0,SI,Publicada,/v2/compra-agil/1618-77-COT26
1422557-16-COT26,Otros / Sin clasificar,Adquisición de mouse ergonómico,SERVICIO NACIONAL DEL PATRIMONIO CULTURAL,2026-09-24 17:42,2026-09-28 15:00,0.9,280000,0,SI,Publicada,/v2/compra-agil/1422557-16-COT26
1195104-128-COT26,Otros / Sin clasificar,ADQUISICIÓN DE PANELES LED PARA LA D.R. ÑUBLE,SERVICIO NACIONAL DE MIGRACIONES,2026-09-24 17:04,2026-09-28 15:00,0.9,160000,0,SI,Publicada,/v2/compra-agil/1195104-128-COT26
539819-464-COT26,Otros / Sin clasificar,ASPIRADORA INDUSTRIAL 25 LT TUCH C.L.,UNIVERSIDAD DE CHILE,2026-09-24 16:27,2026-09-28 14:30,0.9,330000,0,SI,Publicada,/v2/compra-agil/539819-464-COT26
872-454-COT26,Otros / Sin clasificar,Reactivos químicos e insumos para control de calidad,COMISION CHILENA DE ENERGIA NUCLEAR,2026-09-24 16:25,2026-09-28 15:00,0.9,875000,1,,Publicada,/v2/compra-agil/872-454-COT26
5610-550-COT26,Otros / Sin clasificar,Dispositivos de laboratorio usados para aislar y purificar ácidos nucleicos,UNIVERSIDAD DE CHILE,2026-09-24 16:21,2026-09-28 13:00,0.9,900000,1,,Publicada,/v2/compra-agil/5610-550-COT26
2790-206-COT26,Otros / Sin clasificar,SERVICIO CONTROL DE MURCIÉLAGOS,I MUNICIPALIDAD DE PAINE,2026-09-24 16:00,2026-09-28 15:00,0.9,3250000,0,SI,Publicada,/v2/compra-agil/2790-206-COT26
2927-337-COT26,Otros / Sin clasificar,PASAJES EN BUS / DIDEL / MICROEMPRESAS,I MUNICIPALIDAD DE QUELLON,2026-09-24 15:46,2026-09-28 15:00,0.9,600000,0,SI,Publicada,/v2/compra-agil/2927-337-COT26
800-6899-COT26,Otros / Sin clasificar, 9.1921 CATETER AMPLATS DOBLE J 26 CM URETERAL (EQUIVALENTE A GUIA DOBLE J SOFT 6 FR 26 CM),UNIVERSIDAD DE CHILE,2026-09-24 13:41,2026-09-28 13:30,0.9,2000000,3,,Publicada,/v2/compra-agil/800-6899-COT26
3868-52-COT26,Otros / Sin clasificar,"ADQUISICIÓN DE BATERÍAS Y CARGADORES PARA CÁMARAS FOTOGRÁFICAS , DEL DEPARTAMENTO DE CRIMINALÍSTICA DE CARABINEROS DE CHILE (LABOCAR).",Dirección General de Carabineros de Chile,2026-09-24 13:25,2026-09-28 15:00,0.9,4120000,0,SI,Publicada,/v2/compra-agil/3868-52-COT26
883-185-COT26,Otros / Sin clasificar,SERVICIO DE TRASLADO DE ALUMNOS DE LA ESCUELA TECNICA AERONAUTICA A LAS DEPENDENCIAS DEL AEROPUERTO ARTURO MERINO BENITEZ,DIRECCION GENERAL DE AERONAUTICA CIVIL,2026-09-24 13:16,2026-09-28 13:00,0.9,1500000,0,SI,Publicada,/v2/compra-agil/883-185-COT26
1221019-72-COT26,Otros / Sin clasificar,Adquisición de 2 LED Smart TV para Dependencias de Piscina Vitacura.,Corporación Municipal de Deporte  de Vitacura,2026-09-24 13:04,2026-09-28 15:00,0.9,1100000,0,SI,Publicada,/v2/compra-agil/1221019-72-COT26
974556-24-COT26,Otros / Sin clasificar,INSTRUMENTAL QUIRURGICO ,Ejército de Chile,2026-09-24 12:52,2026-09-28 13:00,0.9,675000,0,SI,Publicada,/v2/compra-agil/974556-24-COT26
5768-69-COT26,Otros / Sin clasificar,WD 4802 Insumos Computacionales,UNIVERSIDAD DE CHILE,2026-09-24 12:42,2026-09-28 14:00,0.9,3600000,0,SI,Publicada,/v2/compra-agil/5768-69-COT26
1540667-138-COT26,Otros / Sin clasificar,SERVICIO DE ARRIENDO DE EQUIPO PARA 200 CICLOS DE ESTERILIZACIÓN DE BAJA TEMPERATURA,Universidad de Chile ,2026-09-24 12:37,2026-09-28 15:00,0.9,7172000,0,SI,Publicada,/v2/compra-agil/1540667-138-COT26
1479098-32-COT26,Otros / Sin clasificar,PTR N°508 - SERVICIO DE INSTALACION DE TV CABLE EN MUNICIPALIDAD DE VITACURA -,MUNICIPALIDAD DE VITACURA,2026-09-24 12:27,2026-09-28 14:00,0.9,6300000,0,SI,Publicada,/v2/compra-agil/1479098-32-COT26
1195104-125-COT26,Otros / Sin clasificar,ADQUISICIÓN DE FOLLETOS INFORMATIVOS,SERVICIO NACIONAL DE MIGRACIONES,2026-09-24 11:48,2026-09-28 15:00,0.9,1500000,0,SI,Publicada,/v2/compra-agil/1195104-125-COT26
800-6890-COT26,Otros / Sin clasificar,SISTEMA D/BIOPSIA MAMARIA ESTEREOTAX.COMPR.MINIMA KIT,UNIVERSIDAD DE CHILE,2026-09-24 11:48,2026-09-28 15:00,0.9,3000000,1,,Publicada,/v2/compra-agil/800-6890-COT26
2655-7-COT26,Otros / Sin clasificar,"COMPRA, RECARGA E INSTALACIÓN DE EXTINTORES",INSTITUTO DE SEGURIDAD LABORAL,2026-09-24 11:25,2026-09-28 15:00,0.9,400000,0,SI,Publicada,/v2/compra-agil/2655-7-COT26
800-6889-COT26,Otros / Sin clasificar,MULLER HINTON 2 AJUSTADO EN CATIONES FRASCO 500 GRAMOS,UNIVERSIDAD DE CHILE,2026-09-24 11:14,2026-09-28 15:00,0.9,1000000,2,,Publicada,/v2/compra-agil/800-6889-COT26
800-6888-COT26,Otros / Sin clasificar,SENSIDISCOS- MEDIO TRASPORTE UNIVERSAL,UNIVERSIDAD DE CHILE,2026-09-24 11:00,2026-09-28 15:00,0.9,1000000,1,,Publicada,/v2/compra-agil/800-6888-COT26
2013-1529-COT26,Otros / Sin clasificar, servicios de maquinas vending - CDV SANTIAGO,UNIVERSIDAD ARTURO PRAT,2026-09-24 09:14,2026-09-28 13:00,0.9,2880000,0,SI,Publicada,/v2/compra-agil/2013-1529-COT26
1077195-80-COT26,Otros / Sin clasificar,Fuente de poder DC para sistema electroquímico ,Administración de Fondos de Terceros,2026-09-24 09:10,2026-09-28 15:00,0.9,4600000,0,SI,Publicada,/v2/compra-agil/1077195-80-COT26
2460-942-COT26,Otros / Sin clasificar,Adquisición de difusor y esencias ,I MUNICIPALIDAD DE PROVIDENCIA,2026-09-23 17:30,2026-09-28 15:00,0.9,160000,0,SI,Publicada,/v2/compra-agil/2460-942-COT26
587-183-COT26,Otros / Sin clasificar,Suscripción digital diario La Tercera (SELICO N°489/2026) ,SUBSECRETARIA DEL MINISTERIO DE LA VIVIENDA Y URBANISMO,2026-09-23 15:51,2026-09-28 13:00,0.9,120000,0,SI,Publicada,/v2/compra-agil/587-183-COT26
924-243-COT26,Otros / Sin clasificar,Adquisición de vasos doble compartimiento con impresión de logos,SUBSECRETARIA DE SALUD PUBLICA,2026-09-23 15:44,2026-09-28 15:00,0.9,892500,0,SI,Publicada,/v2/compra-agil/924-243-COT26
587-182-COT26,Otros / Sin clasificar,Suscripción digital diario El Financiero (SELICO N°488/2026),SUBSECRETARIA DEL MINISTERIO DE LA VIVIENDA Y URBANISMO,2026-09-23 15:43,2026-09-28 13:00,0.9,130000,0,SI,Publicada,/v2/compra-agil/587-182-COT26
587-181-COT26,Otros / Sin clasificar,Suscripción digital diario El Mercurio (SELICO N°487/2026),SUBSECRETARIA DEL MINISTERIO DE LA VIVIENDA Y URBANISMO,2026-09-23 15:29,2026-09-28 13:00,0.9,200000,0,SI,Publicada,/v2/compra-agil/587-181-COT26
1428670-112-COT26,Otros / Sin clasificar,Adquisición de insumos para primeros auxilios,ASOCIACION METROPOLITANA DE MUNICIPALIDADES DE SANTIAGO SUR PARA LA GE,2026-09-23 14:26,2026-09-28 13:00,0.9,2000000,0,SI,Publicada,/v2/compra-agil/1428670-112-COT26
5841-55-COT26,Otros / Sin clasificar,HOTEL TEMUCO,UNIVERSIDAD DE CHILE,2026-09-23 13:57,2026-09-28 15:00,0.9,1500000,0,SI,Publicada,/v2/compra-agil/5841-55-COT26
5841-54-COT26,Otros / Sin clasificar,HOTEL PUERTO VARAS,UNIVERSIDAD DE CHILE,2026-09-23 12:16,2026-09-28 15:00,0.9,1500000,0,SI,Publicada,/v2/compra-agil/5841-54-COT26
1428670-113-COT26,Otros / Sin clasificar,Adquisición Traspaleta Manual y Eléctrica,ASOCIACION METROPOLITANA DE MUNICIPALIDADES DE SANTIAGO SUR PARA LA GE,2026-09-23 09:52,2026-09-28 13:00,0.9,2000000,0,SI,Publicada,/v2/compra-agil/1428670-113-COT26
587-178-COT26,Otros / Sin clasificar,SELICO 459 CONFIGURACIÓN Y HABILITACIÓN MFA,SUBSECRETARIA DEL MINISTERIO DE LA VIVIENDA Y URBANISMO,2026-09-23 09:49,2026-09-28 15:00,0.9,7150970,0,SI,Publicada,/v2/compra-agil/587-178-COT26
883-183-COT26,Otros / Sin clasificar,"ADQUISICIÓN DE GORROS TIPO CAZADOR Y TIPO JOCKEY, CON FILTRO UV",DIRECCION GENERAL DE AERONAUTICA CIVIL,2026-09-23 09:44,2026-09-28 14:00,0.9,1700000,0,SI,Publicada,/v2/compra-agil/883-183-COT26
2790-205-COT26,Otros / Sin clasificar,TEXTILES PARA GUATEROS DE SEMILLAS,I MUNICIPALIDAD DE PAINE,2026-09-22 15:54,2026-09-28 15:00,0.9,218831,0,SI,Publicada,/v2/compra-agil/2790-205-COT26
2790-202-COT26,Otros / Sin clasificar,FANTOMA RCP,I MUNICIPALIDAD DE PAINE,2026-09-22 15:37,2026-09-28 15:00,0.9,1185000,0,SI,Publicada,/v2/compra-agil/2790-202-COT26
608897-109-COT26,Otros / Sin clasificar,Servicio de diseño y desarrollo gráfico de sellos y diagramación de documentos para nuevos componentes del Programa HuellaChile – Programa de Desarrollo Productivo Sostenible,SUBSECRETARIA DEL MEDIO AMBIENTE,2026-09-22 12:03,2026-09-28 13:00,0.9,4000000,0,SI,Publicada,/v2/compra-agil/608897-109-COT26
1559-544-COT26,Otros / Sin clasificar,CITARABINA 100 MG/5 ML (intratecal),SERVICIO SALUD OCCIDENTE HOSPITAL DR FELIX BULNES CERDA,2026-09-21 11:32,2026-09-28 14:00,0.9,7000000,6,,Publicada,/v2/compra-agil/1559-544-COT26
1549-3889-COT26,Otros / Sin clasificar,340-4520  NEFROSCOPIO C/ACCESORIOS ,SERVICIO DE SALUD METROPOLITANA NORTE HOSPITAL SAN JOSE,2026-09-10 17:24,2026-09-28 13:00,0.9,6020000,2,,Publicada,/v2/compra-agil/1549-3889-COT26
1082957-167-COT26,Otros / Sin clasificar,"CONTRATACIÓN DE SERVICIO DE RELATORIA EXPERTA EN CLIMA LABORAL EN SANTIAGO, REGIÓN METROPOLITANA",DIRECCION GENERAL DE PROMOCION DE EXPORTACIONES,2026-09-10 11:18,2026-09-28 12:50,0.9,4000000,18,,Publicada,/v2/compra-agil/1082957-167-COT26
3269-68-COT26,Otros / Sin clasificar,PARACAIDA MATRICE 300 RTK S.A. 065,SERVICIO AEROFOTOGRAMETRICO DEL GENERAL JUAN SOLER MANFREDINI,2026-09-08 14:27,2026-09-28 15:00,0.9,2300000,3,,Publicada,/v2/compra-agil/3269-68-COT26
2345-267-COT26,Otros / Sin clasificar,ADQUISICIÓN DE TORRES DE ILUMINACIÓN CON BATERIAS DE 40V y CARGADORES DOBLES 40V.,I MUNICIPALIDAD DE LAS CONDES,2026-09-25 19:15,2026-09-28 17:30,1.0,6043276,0,,Publicada,/v2/compra-agil/2345-267-COT26
2287-617-COT26,Otros / Sin clasificar,ESPEJO PARA GIMNASIO (CON INSTALACION),ILUSTRE MUNICIPALIDAD DE MACUL,2026-09-25 17:13,2026-09-28 16:00,1.0,450000,0,SI,Publicada,/v2/compra-agil/2287-617-COT26
2483-448-COT26,Otros / Sin clasificar,ADQUISICION DE EQUIPOS MENORES ,I MUNICIPALIDAD DE QUILICURA,2026-09-25 17:07,2026-09-28 17:30,1.0,1120000,0,,Publicada,/v2/compra-agil/2483-448-COT26
2287-615-COT26,Otros / Sin clasificar,TIERRA DE HOJA Y SUSTRATO PROFESIONAL ,ILUSTRE MUNICIPALIDAD DE MACUL,2026-09-25 17:01,2026-09-28 15:30,1.0,6905000,0,SI,Publicada,/v2/compra-agil/2287-615-COT26
2287-614-COT26,Otros / Sin clasificar,ROLLO 25 MTS DE LARGO X 4 MTS ANCHO DE CUBRE PISO BÁSICO COLOR AZUL,ILUSTRE MUNICIPALIDAD DE MACUL,2026-09-25 16:56,2026-09-28 15:30,1.0,600000,1,,Publicada,/v2/compra-agil/2287-614-COT26
5067-2297-COT26,Otros / Sin clasificar,"Adquisición de Agua Mineral para Congreso FENEAP 2026 - Departamento de Gestión y Políticas Públicas, Facultad de Administración y Economía (FAE), USACH",UNIVERSIDAD DE SANTIAGO DE CHILE,2026-09-25 16:38,2026-09-28 16:00,1.0,350000,0,SI,Publicada,/v2/compra-agil/5067-2297-COT26
2680-245-COT26,Otros / Sin clasificar,"ADQ LOKERS, SCJI GABRIELA MISTRAL ORD.62, JUNJI.",I MUNICIPALIDAD DE INDEPENDENCIA,2026-09-25 16:04,2026-09-28 16:00,1.0,1700000,0,SI,Publicada,/v2/compra-agil/2680-245-COT26
717503-124-COT26,Otros / Sin clasificar,Misión oficial ciudad de México,ASOCIACION CHILENA DE MUNICIPALIDADES,2026-09-25 15:18,2026-09-28 15:30,1.0,1900000,0,SI,Publicada,/v2/compra-agil/717503-124-COT26
1480137-37-COT26,Otros / Sin clasificar,"PTR N° 512 / 1480137-37-COT26 / SUMINISTRO/ 50 ARNES ELASTICADO COLOR AMARILLO FLUOR CON CINTA REFLECTANTE, TALLA ÚNICA.",MUNICIPALIDAD DE VITACURA,2026-09-25 13:24,2026-09-28 17:00,1.0,500000,0,,Publicada,/v2/compra-agil/1480137-37-COT26
979-109-COT26,Otros / Sin clasificar,Adquisición de cargadores de baterías 12V inteligente 2/8/12A,MINISTERIO DE OBRAS PUBLICAS DIREC CION GRAL DE OO PP DCYF,2026-09-25 13:19,2026-09-28 16:00,1.0,1200000,0,SI,Publicada,/v2/compra-agil/979-109-COT26
1058086-194-COT26,Otros / Sin clasificar, VÁLVULA DE ENTRENAMIENTO RESPIRATORIO,Instituto Nacional de Neurocirugía,2026-09-25 12:49,2026-09-28 17:00,1.0,1000000,0,,Publicada,/v2/compra-agil/1058086-194-COT26
1750-69-COT26,Otros / Sin clasificar,Créditos API DEEPSEEK,DIRECCION NACIONAL DEL SERVICIO CIVIL,2026-09-25 12:45,2026-09-28 17:00,1.0,500000,0,,Publicada,/v2/compra-agil/1750-69-COT26
1736-621-COT26,Otros / Sin clasificar,Trofeos individuales,I MUNICIPALIDAD DE LA COMUNA DE EL BOSQUE,2026-09-25 12:44,2026-09-28 15:30,1.0,880740,0,SI,Publicada,/v2/compra-agil/1736-621-COT26
1388961-171-COT26,Otros / Sin clasificar,175.-Adquisición de Póliza de Seguro para Globo de Televigilancia,ASOCIACION DE MUNICIPALIDADES PARA LA SEGURIDAD CIUDADANA EN LA ZONA ORIENTE,2026-09-25 12:42,2026-09-28 16:00,1.0,1804716,0,SI,Publicada,/v2/compra-agil/1388961-171-COT26
1375753-141-COT26,Otros / Sin clasificar,ADQUISICION DE 58 ENTRADAS PARQUE INTERACTIVO KIDZANIA ESCUELA RIO COLORADO,SERVICIO LOCAL DE EDUCACIÓN PÚBLICA LOS ANDES,2026-09-25 12:21,2026-09-28 16:00,1.0,750000,1,,Publicada,/v2/compra-agil/1375753-141-COT26
1077195-81-COT26,Otros / Sin clasificar,Bombas peristálticas industriales de velocidad ajustable y alto flujo (13.2 L/min),Administración de Fondos de Terceros,2026-09-25 11:52,2026-09-28 16:00,1.0,4315000,0,SI,Publicada,/v2/compra-agil/1077195-81-COT26
1388961-169-COT26,Otros / Sin clasificar,173.-Contratación de Pólizas de Seguro Contra Incendios y Coberturas Complementarias para Centros Comunitarios de Seguridad,ASOCIACION DE MUNICIPALIDADES PARA LA SEGURIDAD CIUDADANA EN LA ZONA ORIENTE,2026-09-25 11:14,2026-09-28 16:00,1.0,3568416,0,SI,Publicada,/v2/compra-agil/1388961-169-COT26
2109-664-COT26,Otros / Sin clasificar,Toallas antisepticas y Acidos Grasos.,SERVICIO DE SALUD OCCIDENTE INSTITUTO TRAUMATOLOGICO DE SANTIAGO,2026-09-25 10:22,2026-09-28 15:30,1.0,1500000,0,SI,Publicada,/v2/compra-agil/2109-664-COT26
1618-76-COT26,Otros / Sin clasificar,ChatGPT Pro con acceso a Codex,DIRECCION DE PRESUPUESTOS MINISTERIO DE,2026-09-24 17:36,2026-09-28 16:00,1.0,1300000,0,SI,Publicada,/v2/compra-agil/1618-76-COT26
607-241-COT26,Otros / Sin clasificar,FILTROS NISSAN TERRANO,PARQUE METROPOLITANO DE SANTIAGO,2026-09-24 17:00,2026-09-28 16:30,1.0,145000,0,,Publicada,/v2/compra-agil/607-241-COT26
564162-925-COT26,Otros / Sin clasificar,Insumos para uso laboratorio,UNIVERSIDAD DE SANTIAGO DE CHILE,2026-09-24 16:07,2026-09-28 16:10,1.0,1169770,0,SI,Publicada,/v2/compra-agil/564162-925-COT26
564953-757-COT26,Otros / Sin clasificar,Densicheck plus referecia 21255 (4 standards) - Laboratorio,CORP DE EDUCACION Y SALUD DE LAS CONDES,2026-09-24 15:55,2026-09-28 16:15,1.0,450000,0,SI,Publicada,/v2/compra-agil/564953-757-COT26
1057491-1757-COT26,Otros / Sin clasificar,ADQUISICIÓN DE KIT DE EXTRACCIÓN DE ÁCIDOS NUCLEICOS,SERVICIO DE SALUD ORIENTE HOSPITAL LUIS CALVO MACKENNA,2026-09-24 15:52,2026-09-28 16:07,1.0,780000,0,SI,Publicada,/v2/compra-agil/1057491-1757-COT26
1057491-1753-COT26,Otros / Sin clasificar,ADQUISICIÓN DE REACTIVOS PARA LABORATORIO CLÍNICO,SERVICIO DE SALUD ORIENTE HOSPITAL LUIS CALVO MACKENNA,2026-09-24 13:29,2026-09-28 16:00,1.0,6000000,0,SI,Publicada,/v2/compra-agil/1057491-1753-COT26
2460-877-COT26,Otros / Sin clasificar,"Luces y Adornos Navidad, para Cafe Lit. Balmaceda.",I MUNICIPALIDAD DE PROVIDENCIA,2026-09-24 12:29,2026-09-28 15:30,1.0,155000,0,SI,Publicada,/v2/compra-agil/2460-877-COT26
1019-146-COT26,Otros / Sin clasificar,Servicio de evaluación Psicolaboral,MINISTERIO DE OBRAS PUBLICAS DIREC CION GRAL DE OO PP DCYF,2026-09-24 12:26,2026-09-28 15:30,1.0,1600000,0,SI,Publicada,/v2/compra-agil/1019-146-COT26
3970-28-COT26,Otros / Sin clasificar,SERVICIO DE PROVISION E IMPRESION PARA LA DICDINCAR Y CAODI ZCS,Dirección General de Carabineros de Chile,2026-09-24 11:41,2026-09-28 16:00,1.0,600000,0,SI,Publicada,/v2/compra-agil/3970-28-COT26
1431841-1119-COT26,Otros / Sin clasificar,MUNICIPALIDAD-DIDECO PROGRAMA MUJERES JEFAS DE HOGAR- CURSO BASICO DE CONDUCCION CLASE B PARA 10 PARTICIPANTES-SMN 46607-lestivales@recoleta.cl,MUNICIPALIDAD DE RECOLETA,2026-09-24 11:28,2026-09-28 16:00,1.0,2040000,0,SI,Publicada,/v2/compra-agil/1431841-1119-COT26
5067-2272-COT26,Otros / Sin clasificar,"Adquisición de Sistemas de Medición y Monitoreo Ambiental Automatizado - Departamento de Ingeniería Geoespacial y Ambiental (DIGEA), Facultad de Ingeniería (FING), USACH",UNIVERSIDAD DE SANTIAGO DE CHILE,2026-09-24 11:12,2026-09-28 15:30,1.0,6300000,0,SI,Publicada,/v2/compra-agil/5067-2272-COT26
1195104-124-COT26,Otros / Sin clasificar,MALETA DE TRASLADO DE DOCUMENTOS PARA LA UNIDAD DE  GESTIÓN DOCUMENTAL. ,SERVICIO NACIONAL DE MIGRACIONES,2026-09-23 17:35,2026-09-28 17:00,1.0,100000,0,,Publicada,/v2/compra-agil/1195104-124-COT26
1532192-19-COT26,Otros / Sin clasificar,Cintas Fluoresceina Sodica AUPO Programa Resolutividad,DEPARTAMENTO DE SALUD MUNICIPAL,2026-09-23 17:09,2026-09-28 15:30,1.0,150000,0,SI,Publicada,/v2/compra-agil/1532192-19-COT26
744835-586-COT26,Otros / Sin clasificar,CHAQUETAS CORPORATIVAS Y ZAPATOS DE SEGURIDAD - Dpto. de Relaciones Públicas,I MUNICIPALIDAD DE LO ESPEJO,2026-09-23 16:42,2026-09-28 17:00,1.0,2000000,0,,Publicada,/v2/compra-agil/744835-586-COT26
744835-584-COT26,Otros / Sin clasificar,BARRAS DE CEREALES - CAFÉ - CUCHARAS - REVOLVEDOR - Y OTROS ( DIDECO- Desarrollo Económico Local),I MUNICIPALIDAD DE LO ESPEJO,2026-09-23 16:12,2026-09-28 16:10,1.0,238986,0,SI,Publicada,/v2/compra-agil/744835-584-COT26
2788-463-COT26,Otros / Sin clasificar,FILTROS RETROEXCAVADORA - DEPTO. DE ADM.,I MUNICIPALIDAD DE PAINE,2026-09-23 16:11,2026-09-28 16:00,1.0,5259800,3,,Publicada,/v2/compra-agil/2788-463-COT26
1129546-25-COT26,Otros / Sin clasificar,SERVICIO DE DESARROLLO DE CONTENIDOS PARA LIBRO DE EDUCACIÓN ARTÍSTICA Y SU ARTICULACIÓN CURRICULAR,SUBSECRETARIA DEL MINISTERIO DE EDUCACION PUBLICA,2026-09-23 15:24,2026-09-28 15:30,1.0,3500000,0,SI,Publicada,/v2/compra-agil/1129546-25-COT26
800-6857-COT26,Otros / Sin clasificar,STREPTOCOCUS PNEUMONIA (COD.710-000),UNIVERSIDAD DE CHILE,2026-09-23 12:17,2026-09-28 16:00,1.0,2000000,3,,Publicada,/v2/compra-agil/800-6857-COT26
5441-440-COT26,Otros / Sin clasificar,TPS / ADQUISICION DE SERVICIO PARA DISEÑO DE DRENES PARA FAVET ,UNIVERSIDAD DE CHILE,2026-09-22 11:49,2026-09-28 17:00,1.0,2200000,0,,Publicada,/v2/compra-agil/5441-440-COT26
872-438-COT26,Otros / Sin clasificar,Sustancias electrolíticas laboratorio de caracterización Química LoA  DRTeC,COMISION CHILENA DE ENERGIA NUCLEAR,2026-09-21 10:14,2026-09-28 16:00,1.0,199850,1,,Publicada,/v2/compra-agil/872-438-COT26
1439282-3-COT26,Otros / Sin clasificar,Pasajes aéreos internacionales Clase Turista,FUNDACION CHILENA DEL PACIFICO,2026-09-16 12:11,2026-09-28 17:00,1.0,4300000,0,,Publicada,/v2/compra-agil/1439282-3-COT26
872-429-COT26,Otros / Sin clasificar,Servicio Calibración de pie de metro,COMISION CHILENA DE ENERGIA NUCLEAR,2026-09-15 11:17,2026-09-28 16:00,1.0,212000,1,,Publicada,/v2/compra-agil/872-429-COT26
800-6954-COT26,Otros / Sin clasificar,191016 SISTEMA RETIRO FILTRO VENA CAVA / Equivalente a SET DE RETIRO DE FILTRO VENA CAVA GÜNTHER TULIP,UNIVERSIDAD DE CHILE,2026-09-26 13:58,2026-09-28 18:00,1.1,7172100,0,,Publicada,/v2/compra-agil/800-6954-COT26
800-6953-COT26,Otros / Sin clasificar,191016 SISTEMA RETIRO FILTRO VENA CAVA / Equivalente a SET DE RETIRO DE FILTRO VENA CAVA GÜNTHER TULIP,UNIVERSIDAD DE CHILE,2026-09-26 13:56,2026-09-28 18:00,1.1,7172100,0,,Publicada,/v2/compra-agil/800-6953-COT26
800-6952-COT26,Otros / Sin clasificar,190947 GUIA LUNDERQUIST 0.35 X260 CM / Equivalente a GUÍA LUNDERQUIST TSCMG-35-260-LESDC,UNIVERSIDAD DE CHILE,2026-09-26 13:47,2026-09-28 18:00,1.1,7172100,0,,Publicada,/v2/compra-agil/800-6952-COT26
800-6951-COT26,Otros / Sin clasificar,190602 CATETER LAZO 2 MM X 125 CM / Equivalente a RECUPERADOR VASCULAR 4 LOOPS CLOVERSNARE,UNIVERSIDAD DE CHILE,2026-09-26 13:38,2026-09-28 18:00,1.1,1172100,0,,Publicada,/v2/compra-agil/800-6951-COT26
800-6950-COT26,Otros / Sin clasificar,190602 CATETER LAZO 2 MM X 125 CM / Equivalente a RECUPERADOR VASCULAR 4 LOOPS CLOVERSNARE,UNIVERSIDAD DE CHILE,2026-09-26 13:35,2026-09-28 18:00,1.1,7172100,0,,Publicada,/v2/compra-agil/800-6950-COT26
800-6949-COT26,Otros / Sin clasificar,190545 VALVULA HEMOSTATICA / Equivalente a Push-Click y connector Kit,UNIVERSIDAD DE CHILE,2026-09-26 13:23,2026-09-28 18:00,1.1,1172100,0,,Publicada,/v2/compra-agil/800-6949-COT26
2422-616-COT26,Otros / Sin clasificar,S.A. 945911 BROCHAS Y BISAGRAS,I MUNICIPALIDAD DE PUENTE ALTO,2026-09-26 13:21,2026-09-28 18:00,1.1,600000,0,,Publicada,/v2/compra-agil/2422-616-COT26
800-6947-COT26,Otros / Sin clasificar, 120065 BOLSA PARA SANGRE CON APENDICE TRIPLE / Equivalente a BOLSA TRIPLE CPDA-1 WEIGAO,UNIVERSIDAD DE CHILE,2026-09-26 12:26,2026-09-28 18:00,1.1,7172100,0,,Publicada,/v2/compra-agil/800-6947-COT26
800-6946-COT26,Otros / Sin clasificar,120065 BOLSA PARA SANGRE CON APENDICE TRIPLE / Equivalente a BOLSA TRIPLE CPDA-1 WEIGAO,UNIVERSIDAD DE CHILE,2026-09-26 12:23,2026-09-28 18:00,1.1,7172100,0,,Publicada,/v2/compra-agil/800-6946-COT26
800-6945-COT26,Otros / Sin clasificar,STOCK DRENAJES DE ASPIRACION 18/19FR. Y 15/16FR. 400ML. / Equivalente a DRENAJE DE ASPIRACIÓN INBOMED,UNIVERSIDAD DE CHILE,2026-09-26 11:40,2026-09-28 18:00,1.1,7172100,0,,Publicada,/v2/compra-agil/800-6945-COT26
800-6944-COT26,Otros / Sin clasificar,120460 TUBO S/ANTIOAGULANTE ADULTO (TAPA AMARILLA)> 8.0ML/ Equivalente a 367953 Plástico (PET) 16 x 100 mm. 8.5 ml. Convencional Amarillo Gel separador/ Activador de coágulo 100 CE,UNIVERSIDAD DE CHILE,2026-09-26 11:22,2026-09-28 18:00,1.1,7172100,0,,Publicada,/v2/compra-agil/800-6944-COT26
800-6943-COT26,Otros / Sin clasificar,120451 TUBO S/ANTICOAGULANTE ADULTO (TAPA AMARILLA)>3.5ML / Equivalente a 367957 Plástico (PET) 13 x 75 mm. 3.5 ml. BD Hemogard™ Amarillo Gel separador/ Activador de coágulo 100 CE,UNIVERSIDAD DE CHILE,2026-09-26 11:04,2026-09-28 18:00,1.1,7172100,0,,Publicada,/v2/compra-agil/800-6943-COT26
800-6942-COT26,Otros / Sin clasificar,120451 TUBO S/ANTICOAGULANTE ADULTO (TAPA AMARILLA)>3.5ML / Equivalente a 367957 Plástico (PET) 13 x 75 mm. 3.5 ml. BD Hemogard™ Amarillo Gel separador/ Activador de coágulo 100 CE,UNIVERSIDAD DE CHILE,2026-09-26 11:02,2026-09-28 18:00,1.1,7172100,0,,Publicada,/v2/compra-agil/800-6942-COT26
800-6941-COT26,Otros / Sin clasificar,120168 CUBETAS PARA ANALISIS DE HEMOGLOBINA SANGUINEA / Equivalente a Cubetas CompoLab TM,UNIVERSIDAD DE CHILE,2026-09-26 10:34,2026-09-28 18:00,1.1,7172100,0,,Publicada,/v2/compra-agil/800-6941-COT26
800-6940-COT26,Otros / Sin clasificar,120147 ESPATULA DESECHABLE P/PAPANICOLAU ESTERIL / Equivalente a PALETA PAP - ESPÁTULA DE MADERA AYRE PARA EXAMEN PAPANICOLAOU,UNIVERSIDAD DE CHILE,2026-09-26 10:27,2026-09-28 18:00,1.1,7172100,0,,Publicada,/v2/compra-agil/800-6940-COT26
800-6938-COT26,Otros / Sin clasificar,120104 LAPIZ PERMANENTE PUNTA FINA COLOR NEGRO M-10/ Equivalente a Lápiz Plumón Pentel para Telas Negro M10,UNIVERSIDAD DE CHILE,2026-09-26 10:18,2026-09-28 18:00,1.1,7172100,0,,Publicada,/v2/compra-agil/800-6938-COT26
800-6936-COT26,Otros / Sin clasificar,120053 TUBO TAPA LILA C/EDTA K2 13X75MM 4ML.P/ADULTO / Equivalente a 367861 Plástico (PET) 13 x 75 mm. 4.0 ml. BD Hemogard™ Lila K2 EDTA 7.2 mg. 100 USA,UNIVERSIDAD DE CHILE,2026-09-26 10:03,2026-09-28 18:00,1.1,7172100,0,,Publicada,/v2/compra-agil/800-6936-COT26
800-6935-COT26,Otros / Sin clasificar,120053 TUBO TAPA LILA C/EDTA K2 13X75MM 4ML.P/ADULTO / Equivalente a 367861 Plástico (PET) 13 x 75 mm. 4.0 ml. BD Hemogard™ Lila K2 EDTA 7.2 mg. 100 USA,UNIVERSIDAD DE CHILE,2026-09-26 09:52,2026-09-28 18:00,1.1,7172100,0,,Publicada,/v2/compra-agil/800-6935-COT26
800-6933-COT26,Otros / Sin clasificar,120034 TUBO TAPA ROJA CON ACTIVADOR DEL COAGULO 10 ML / Equivalente a Tubo BD Vacutainer® - Para Suero – código: 367896 - Activador de coágulo 10.0 ML. 16 X 100 mm. 100,UNIVERSIDAD DE CHILE,2026-09-25 15:58,2026-09-28 18:00,1.1,7172100,0,,Publicada,/v2/compra-agil/800-6933-COT26
800-6932-COT26,Otros / Sin clasificar,120005 ALGODON CARDE – HIDROFOBO / Equivalente a algodón hidrófobo (o cardé) - fibra de algodón natural que repele el agua y los líquidos,UNIVERSIDAD DE CHILE,2026-09-25 15:48,2026-09-28 18:00,1.1,7172100,0,,Publicada,/v2/compra-agil/800-6932-COT26
800-6930-COT26,Otros / Sin clasificar, 130152 FIBRA LASER 550 REUTILIZABLE / OAF005513 Fibra laser 550 micras reutilizable (10 usos).,UNIVERSIDAD DE CHILE,2026-09-25 15:20,2026-09-28 18:00,1.1,7172100,0,,Publicada,/v2/compra-agil/800-6930-COT26
800-6929-COT26,Otros / Sin clasificar,130152 FIBRA LASER 550 REUTILIZABLE / OAF005513 Fibra laser 550 micras reutilizable (10 usos).,UNIVERSIDAD DE CHILE,2026-09-25 15:07,2026-09-28 18:00,1.1,7172100,0,,Publicada,/v2/compra-agil/800-6929-COT26
1480133-124-COT26,Otros / Sin clasificar,PTR N° 513 / 1480133-124-COT26  /SUMINISTRO/ 2 BASTONES PLEGABLES RETRACTILES TRADICIONALES/ 2 COLOR AMARILLO 115. CMS Y  2 BASTONES RETRACTILES COLOR BLANCO 128 CMS.,MUNICIPALIDAD DE VITACURA,2026-09-25 13:46,2026-09-28 18:00,1.1,500000,0,,Publicada,/v2/compra-agil/1480133-124-COT26
800-6927-COT26,Otros / Sin clasificar, 130152 FIBRA LASER 550 REUTILIZABLE / OAF005513 Fibra laser 550 micras reutilizable (10 usos).,UNIVERSIDAD DE CHILE,2026-09-25 13:45,2026-09-28 18:00,1.1,7172100,0,,Publicada,/v2/compra-agil/800-6927-COT26
800-6926-COT26,Otros / Sin clasificar,130152 FIBRA LASER 550 REUTILIZABLE / OAF005513 Fibra laser 550 micras reutilizable (10 usos).,UNIVERSIDAD DE CHILE,2026-09-25 13:43,2026-09-28 18:00,1.1,7172100,0,,Publicada,/v2/compra-agil/800-6926-COT26
800-6924-COT26,Otros / Sin clasificar, 130151 FIBRA LASER 272 REUTILIZABLE / Equivalente a OAF402713 Fibra laser 272 micras reutilizable (10 usos).,UNIVERSIDAD DE CHILE,2026-09-25 13:39,2026-09-28 18:00,1.1,7172100,0,,Publicada,/v2/compra-agil/800-6924-COT26
800-6923-COT26,Otros / Sin clasificar,130151 FIBRA LASER 272 REUTILIZABLE / Equivalente a OAF402713 Fibra laser 272 micras reutilizable (10 usos).,UNIVERSIDAD DE CHILE,2026-09-25 13:35,2026-09-28 18:00,1.1,7172100,0,,Publicada,/v2/compra-agil/800-6923-COT26
800-6922-COT26,Otros / Sin clasificar, 130151 FIBRA LASER 272 REUTILIZABLE / Equivalente a OAF402713 Fibra laser 272 micras reutilizable (10 usos).,UNIVERSIDAD DE CHILE,2026-09-25 13:33,2026-09-28 18:00,1.1,7172100,0,,Publicada,/v2/compra-agil/800-6922-COT26
800-6921-COT26,Otros / Sin clasificar,130151 FIBRA LASER 272 REUTILIZABLE / Equivalente a OAF402713 Fibra laser 272 micras reutilizable (10 usos).,UNIVERSIDAD DE CHILE,2026-09-25 13:30,2026-09-28 18:00,1.1,7172100,0,,Publicada,/v2/compra-agil/800-6921-COT26
800-6920-COT26,Otros / Sin clasificar, 130151 FIBRA LASER 272 REUTILIZABLE / Equivalente a OAF402713 Fibra laser 272 micras reutilizable (10 usos).,UNIVERSIDAD DE CHILE,2026-09-25 13:27,2026-09-28 18:00,1.1,7172100,0,,Publicada,/v2/compra-agil/800-6920-COT26
800-6919-COT26,Otros / Sin clasificar, 130151 FIBRA LASER 272 REUTILIZABLE / Equivalente a OAF402713 Fibra laser 272 micras reutilizable (10 usos).,UNIVERSIDAD DE CHILE,2026-09-25 13:24,2026-09-28 18:00,1.1,7172100,0,,Publicada,/v2/compra-agil/800-6919-COT26
3179-296-COT26,Otros / Sin clasificar,"“ADQUISICIÓN DE POLAR CORTAVIENTO AUSTRAL""",DIRECCION DE LOGISTICA DE CARABINEROS,2026-09-25 09:37,2026-09-28 18:00,1.1,6900000,0,,Publicada,/v2/compra-agil/3179-296-COT26
1456655-6-COT26,Otros / Sin clasificar,SERVICIO DE IMPRESIÓN DE TARJETAS Y VALES PARA CASINO INSTITUCIONAL,Casino Institucional Subsecretaría de Transportes,2026-09-24 18:12,2026-09-28 18:30,1.1,400000,0,,Publicada,/v2/compra-agil/1456655-6-COT26
1057491-1758-COT26,Otros / Sin clasificar,ADQUISICIÓN DE REACTIVOS E INSUMOS PARA CITOMETRÍA DE FLUJO,SERVICIO DE SALUD ORIENTE HOSPITAL LUIS CALVO MACKENNA,2026-09-24 16:05,2026-09-28 19:54,1.1,6100000,0,,Publicada,/v2/compra-agil/1057491-1758-COT26
1549-4042-COT26,Otros / Sin clasificar, 214-7900 RIFAXIMINA 200 MG CM 51101567,SERVICIO DE SALUD METROPOLITANA NORTE HOSPITAL SAN JOSE,2026-09-23 12:49,2026-09-28 18:00,1.1,2750000,7,,Publicada,/v2/compra-agil/1549-4042-COT26
2345-260-COT26,Otros / Sin clasificar,CONTRATACION SERVICIO BATUCADA,I MUNICIPALIDAD DE LAS CONDES,2026-09-23 09:46,2026-09-28 18:00,1.1,500000,0,,Publicada,/v2/compra-agil/2345-260-COT26
1057476-218-COT26,Otros / Sin clasificar,POLAR | MONTGOMERY FUNCIONARIAS/OS ADMINISTRATIVAS/OS,INSTITUTO PSIQUIATRICO DR JOSE HORWITZ BARAK,2026-09-22 11:27,2026-09-28 19:32,1.1,3000000,0,,Publicada,/v2/compra-agil/1057476-218-COT26
1058078-839-COT26,Otros / Sin clasificar,fondaparinux 7.5 mg,Hospital San José de Melipilla,2026-09-25 17:20,2026-09-28 21:00,1.2,6000000,0,,Publicada,/v2/compra-agil/1058078-839-COT26
2458-141-COT26,Otros / Sin clasificar,COMPRA ACCESORIOS VARIOS *SBC-830  2DO.PROCESO *,I MUNICIPALIDAD DE PROVIDENCIA,2026-09-25 12:09,2026-09-28 20:30,1.2,900000,0,,Publicada,/v2/compra-agil/2458-141-COT26
2458-140-COT26,Otros / Sin clasificar, REPUESTOS SCANIA SBC-942    2DO. PROCESO*,I MUNICIPALIDAD DE PROVIDENCIA,2026-09-25 10:35,2026-09-28 20:30,1.2,2500000,0,,Publicada,/v2/compra-agil/2458-140-COT26
611669-71-COT26,Otros / Sin clasificar,Normas técnicas ISO 5667-13:2011 e ISO 5667-15:2011 ,Superintendencia del Medio Ambiente,2026-09-22 09:36,2026-09-28 22:23,1.2,300000,0,,Publicada,/v2/compra-agil/611669-71-COT26
1057499-275-COT26,Otros / Sin clasificar,Adquisicion de sistema de entretenimiento para rehabilitacion Cesfam Haydee Lopez,SERVICIO DE SALUD SUR UNIDAD HOSPITALARI,2026-09-14 16:33,2026-09-29 05:10,1.5,650000,2,,Publicada,/v2/compra-agil/1057499-275-COT26
1485217-84-COT26,Otros / Sin clasificar,ISB // Cortinas y Manteles Bordados para Liceo Herbert Vargas Wallis,SERVICIO LOCAL DE EDUCACIÓN PÚBLICA SANTIAGO CENTR,2026-09-02 15:27,2026-09-29 04:30,1.5,2050000,3,,Publicada,/v2/compra-agil/1485217-84-COT26
813-629-COT26,Otros / Sin clasificar,"(E1O2RT9) SBS 663; Micrófono inalámbrico, presentadores, trípode y estabilizador para Unidad de Comunicaciones",INSTITUTO DE SALUD PUBLICA DE CHILE,2026-09-24 11:28,2026-09-29 07:00,1.6,371000,0,,Publicada,/v2/compra-agil/813-629-COT26
813-627-COT26,Otros / Sin clasificar,(E1O2RT9) SBS 669; Soporte sistema “Informix”,INSTITUTO DE SALUD PUBLICA DE CHILE,2026-09-24 10:22,2026-09-29 07:00,1.6,4600000,0,,Publicada,/v2/compra-agil/813-627-COT26
2296-594-COT26,Otros / Sin clasificar,ADQUISICION DE JUEGOS DE TABLEROS - SEGURIDAD PUBLICA - PROYECTO SB25-VE-003,I MUNICIPALIDAD DE CONCHALI,2026-09-26 12:16,2026-09-29 08:30,1.7,170000,0,,Publicada,/v2/compra-agil/2296-594-COT26
3328-1525-COT26,Otros / Sin clasificar,MAC/ADQ. Hemoconcentrador adulto estéril para uso en cirugía cardiaca y ECMO,HOSPITAL CLINICO DE LA FUERZA AEREA GRAL DR RAUL YAZIGI JAUREGUI,2026-09-25 18:41,2026-09-29 09:00,1.7,7150000,0,,Publicada,/v2/compra-agil/3328-1525-COT26
1106245-175-COT26,Otros / Sin clasificar,Cajas de proteccion acrilicas para Antenas Wifi (Access Point),CENTRO DE FORMACION TECNICA DE LA REGION METROPOLITANA DE SANTIAGO,2026-09-25 17:24,2026-09-29 08:30,1.7,504506,0,,Publicada,/v2/compra-agil/1106245-175-COT26
1191449-28-COT26,Otros / Sin clasificar,Servicio de Museografía integral para una exposición temporal del Archivo Nacional (MSXX),ARCHIVO NACIONAL,2026-09-25 16:57,2026-09-29 10:00,1.7,7000000,0,,Publicada,/v2/compra-agil/1191449-28-COT26
1641-5374-COT26,Otros / Sin clasificar,MRM/ARRIENDO DE CAMION,SERVICIO DE SALUD OCCIDENTE HOSPITAL SAN JUAN DE DIOS,2026-09-25 16:52,2026-09-29 08:00,1.7,900000,0,,Publicada,/v2/compra-agil/1641-5374-COT26
1431841-1124-COT26,Otros / Sin clasificar,SM 6603 - MARCADORES QUIRURGICOS Y ELECTRODOS PARA ELECTROBISTURI,MUNICIPALIDAD DE RECOLETA,2026-09-25 16:25,2026-09-29 08:00,1.7,155000,0,,Publicada,/v2/compra-agil/1431841-1124-COT26
1173447-94-COT26,Otros / Sin clasificar,C.E.T. C.D.P. PTE. ALTO ADQ. MICROPOLAR THERMAFLEECE,Centro de Educación y Trabajo del CDP Puente Alto,2026-09-25 16:09,2026-09-29 10:00,1.7,250000,0,,Publicada,/v2/compra-agil/1173447-94-COT26
3456-81-COT26,Otros / Sin clasificar,Banderas,Ejercito de Chile,2026-09-25 16:05,2026-09-29 10:00,1.7,220000,0,,Publicada,/v2/compra-agil/3456-81-COT26
514862-309-COT26,Otros / Sin clasificar,"10032937 ""ENTRADAS PLANETARIO COLEGIO LIKANKURA Y 4a7""",CORPORACION MUNICIPAL DE PENALOLEN PARA EL DESARRO,2026-09-25 15:34,2026-09-29 10:00,1.7,1277500,0,,Publicada,/v2/compra-agil/514862-309-COT26
3658-464-COT26,Otros / Sin clasificar,"COMPRA DE CAJAS DE MERCADERIA PARA AYUDAS SOCIALES, SE ADJUNTA ARCHIVO CON LO SOLICITADO",I MUNICIPALIDAD DE CALERA DE TANGO,2026-09-25 15:31,2026-09-29 08:30,1.7,1200000,0,,Publicada,/v2/compra-agil/3658-464-COT26
1079713-282-COT26,Otros / Sin clasificar,"SISTEMA DE CIERRE DIGITAL PARA SALA DE ASEGURAMIENTO DE EVIDENCIA DE LA SUBCOMISARÍA ""EL CASTILLO",SECCIÓN COMPRAS ZONA SANTIAGO ESTE ,2026-09-25 15:28,2026-09-29 09:00,1.7,188290,0,,Publicada,/v2/compra-agil/1079713-282-COT26
1079713-281-COT26,Otros / Sin clasificar,"PURIFICADOR CON HUMIFICADOR DE AIRE PARA SALA DE ASEGURAMIENTO DE EVIDENCIA DE LA SUBCOMISARÍA ""EL CASTILLO",SECCIÓN COMPRAS ZONA SANTIAGO ESTE ,2026-09-25 15:10,2026-09-29 09:00,1.7,199990,1,,Publicada,/v2/compra-agil/1079713-281-COT26
3436-373-COT26,Otros / Sin clasificar,"Letreros y Placas informativas para aula externa de los alumnos, museo de tanques. CC 1100065012 SIC 353660",Ejercito de Chile,2026-09-25 14:47,2026-09-29 09:00,1.7,1310000,0,,Publicada,/v2/compra-agil/3436-373-COT26
2733-498-COT26,Otros / Sin clasificar,"SC 42401 / ADQUISICION EMBLEMA PATRIO PARA FORTALECER LA IDENTIDAD DEL PROYECTO EDUCATIVO Y FORMACION CIUDADANA, SOLICITADO POR ESCUELA PELVIN SAN FRANCISCO DE ASIS.",I MUNICIPALIDAD DE PENAFLOR,2026-09-25 13:33,2026-09-29 09:00,1.7,300000,0,,Publicada,/v2/compra-agil/2733-498-COT26
2412-468-COT26,Otros / Sin clasificar,"LIBRILLOS, MES DE LA NIÑEZ 2026 (CIP N°870 – CDP N°240 – EXP. N°18221)",I MUNICIPALIDAD DE LO PRADO,2026-09-25 13:17,2026-09-29 09:00,1.7,250000,0,,Publicada,/v2/compra-agil/2412-468-COT26
1428369-19-COT26,Otros / Sin clasificar,MEMO 695/ GALVANOS/ DIREDUC,Corporación Municipal de Desarrollo Social Lampa,2026-09-25 12:34,2026-09-29 08:00,1.7,1349100,0,,Publicada,/v2/compra-agil/1428369-19-COT26
1428369-18-COT26,Otros / Sin clasificar,MEMO 694/ DIA DEL ASITENTE Y EL PROFESOR/ DIREDUC,Corporación Municipal de Desarrollo Social Lampa,2026-09-25 12:18,2026-09-29 08:00,1.7,7172100,0,,Publicada,/v2/compra-agil/1428369-18-COT26
5178-4861-COT26,Otros / Sin clasificar,MINI PC/SP 1070314/EG,UNIVERSIDAD DE CHILE,2026-09-25 12:10,2026-09-29 09:00,1.7,500000,0,,Publicada,/v2/compra-agil/5178-4861-COT26
5194-452-COT26,Otros / Sin clasificar,"Contratación de Servicio de Jornada de Autocuidado, correspondiente a Proyecto de Fondos Facultativos de Bienestar Social para los IP-IRC San Bernardo.",Servicio de Bienestar Social,2026-09-25 11:57,2026-09-29 10:00,1.7,750000,0,,Publicada,/v2/compra-agil/5194-452-COT26
3173-75-COT26,Otros / Sin clasificar,ADQ. ROLLO HDPE MALLA MONOFILAMENTO 340GRS/M2,DIRECCION DE LOGISTICA DE CARABINEROS,2026-09-25 11:54,2026-09-29 10:00,1.7,1400000,0,,Publicada,/v2/compra-agil/3173-75-COT26
3658-462-COT26,Otros / Sin clasificar,COMPRA DE ANDADOR PLEGABLE 2 RUEDAS(TIPO BURRITO ORTEPEDICO S/N ASIENTO) Y BASTON  CODERA MOVIL AJUSTABLE ORTOPEDICO ,I MUNICIPALIDAD DE CALERA DE TANGO,2026-09-25 11:52,2026-09-29 08:30,1.7,250000,0,,Publicada,/v2/compra-agil/3658-462-COT26
542343-51-COT26,Otros / Sin clasificar,WD 4821 Cargadores ,UNIVERSIDAD DE CHILE,2026-09-25 11:52,2026-09-29 10:00,1.7,1500000,0,,Publicada,/v2/compra-agil/542343-51-COT26
4099-150-COT26,Otros / Sin clasificar,"Adquisición de plantas medicinales, semillas y otros.",I MUNICIPALIDAD DE MARIA PINTO,2026-09-25 11:46,2026-09-29 10:00,1.7,2500000,0,,Publicada,/v2/compra-agil/4099-150-COT26
1057492-886-COT26,Otros / Sin clasificar,SERVICIO DE PLATAFORMA DIGITAL PARA GESTIÓN DE ALTAS Y OPTIMIZACIÓN DE CAMAS,HOSPITAL ORIENTE DR LUIS TISNE BROUSSE,2026-09-25 11:45,2026-09-29 09:00,1.7,6900000,0,,Publicada,/v2/compra-agil/1057492-886-COT26
2279-658-COT26,Otros / Sin clasificar,SP 821 PELOTAS DRIBBLING,ILUSTRE MUNICIPALIDAD DE PUDAHUEL,2026-09-25 11:24,2026-09-29 09:00,1.7,209000,0,,Publicada,/v2/compra-agil/2279-658-COT26
577290-101-COT26,Otros / Sin clasificar,CURSO: GESTIÓN DE BODEGA E INVENTARIO PARA 2 PARTICIPANTES DEL PROGRAMA SUBSIDIO,Subsecretaria de Transportes ,2026-09-25 11:05,2026-09-29 10:00,1.7,450000,0,,Publicada,/v2/compra-agil/577290-101-COT26
1614-58-COT26,Otros / Sin clasificar,"Compra de créditos Google AI Studio, para apoyar procesos de análisis documental.",SUPERINTENDENCIA DE ELECTRICIDAD Y COMBUSTIBLES,2026-09-25 10:55,2026-09-29 10:00,1.7,7170000,0,,Publicada,/v2/compra-agil/1614-58-COT26
2279-653-COT26,Otros / Sin clasificar,SP 815 LANA Y OTROS,ILUSTRE MUNICIPALIDAD DE PUDAHUEL,2026-09-25 10:42,2026-09-29 09:00,1.7,400000,0,,Publicada,/v2/compra-agil/2279-653-COT26
3173-73-COT26,Otros / Sin clasificar, ADQ. CIERRES,DIRECCION DE LOGISTICA DE CARABINEROS,2026-09-25 10:37,2026-09-29 10:00,1.7,250000,0,,Publicada,/v2/compra-agil/3173-73-COT26
1173446-39-COT26,Otros / Sin clasificar,COBERTORES 1 PLAZA ,Centro Educación y Trabajo Femenino Semiabierto St,2026-09-25 10:35,2026-09-29 10:00,1.7,800000,0,,Publicada,/v2/compra-agil/1173446-39-COT26
1425521-29-COT26,Otros / Sin clasificar,Plataforma de gestión documental online con firma electrónica avanzada,CORPORACIÓN FONDO DE AGUA DE SANTIAGO ,2026-09-25 10:33,2026-09-29 10:00,1.7,370000,0,,Publicada,/v2/compra-agil/1425521-29-COT26
1606-177-COT26,Otros / Sin clasificar,E102RT9 SIC 15/190/2026 SERVICIOS DE REGISTRO DOCUMENTAL Y PRODUCCIÓN AUDIOVISUAL  DE ACTIVIDADES DEL PROYECTO PMI-CHILE,AGENCIA CHILENA DE COOPERACION INTERNACIONAL PARA EL DESARROLLO,2026-09-25 10:28,2026-09-29 08:30,1.7,1927500,0,,Publicada,/v2/compra-agil/1606-177-COT26
3436-369-COT26,Otros / Sin clasificar,Adquisición de reflector led para el casino militar de suboficiales CC 1100010009 SIC 353625,Ejercito de Chile,2026-09-25 10:17,2026-09-29 10:00,1.7,119200,0,,Publicada,/v2/compra-agil/3436-369-COT26
5153-1845-COT26,Otros / Sin clasificar,MFV_RECETA ANALGESIA EPIDURAL - FOLIO 1234,UNIVERSIDAD DE CHILE,2026-09-25 10:10,2026-09-29 09:00,1.7,200000,1,,Publicada,/v2/compra-agil/5153-1845-COT26
3658-459-COT26,Otros / Sin clasificar,"COMPRA DE MAQUINA ELECTRICA DE AFILADOR CADENA DE MOTOSIERRA, SEMI PROFESIONAL O PROFESIONAL(200W PARA ARRIBA)+ 10 DISCOS DE REPUESTOS ",I MUNICIPALIDAD DE CALERA DE TANGO,2026-09-25 09:59,2026-09-29 08:30,1.7,350000,0,,Publicada,/v2/compra-agil/3658-459-COT26
924-250-COT26,Otros / Sin clasificar,Impresion de guías de protocolo.,SUBSECRETARIA DE SALUD PUBLICA,2026-09-25 09:42,2026-09-29 09:00,1.7,1000000,0,,Publicada,/v2/compra-agil/924-250-COT26
607-242-COT26,Otros / Sin clasificar,FILTROS TOYOTA HILUX 2.4,PARQUE METROPOLITANO DE SANTIAGO,2026-09-25 09:39,2026-09-29 09:00,1.7,370000,0,,Publicada,/v2/compra-agil/607-242-COT26
2432-723-COT26,Otros / Sin clasificar,SOL 666 / SECPLA / ELABORACION Y TRAMITACION DE PROYECTOS DE ILUMINACION / MARCELA PEREIRA,I MUNICIPALIDAD ESTACION CENTRAL,2026-09-25 09:32,2026-09-29 09:00,1.7,7000000,0,,Publicada,/v2/compra-agil/2432-723-COT26
2173-157-COT26,Otros / Sin clasificar,"""AUDITORÍA TÉCNICA DEL SISTEMA DE DETECCIÓN DE INUNDACIÓN DEL EDIFICIO MANUEL MONTT TORRES""",CORP ADMINISTRATIVA DEL PODER JUDICIAL,2026-09-25 09:14,2026-09-29 10:00,1.7,6975000,0,,Publicada,/v2/compra-agil/2173-157-COT26
1271178-193-COT26,Otros / Sin clasificar,MEMORANDUM Nº 03497/2026 Solicitud de compras Autocuidado Lazos,CORPORACION MUNICIPAL DE DESARROLLO SOCIAL DE MACUL,2026-09-24 15:48,2026-09-29 09:00,1.7,1248000,0,,Publicada,/v2/compra-agil/1271178-193-COT26
3523-66-COT26,Otros / Sin clasificar,(PAF) ADQ DEL SERVICIO DE UN DIAGNOSTICO GENERAL PARA CAMIONETA TOYOTA HILUX AÑO 2017,Ejercito de Chile,2026-09-24 15:35,2026-09-29 10:00,1.7,250000,0,,Publicada,/v2/compra-agil/3523-66-COT26
3378-1396-COT26,Otros / Sin clasificar,Servicio de desmontaje y retiro de estructura metálica en torres de enfriamiento del HMS.,EJERCITO DE CHILE HOSPITAL MILITAR DE SANTIAGO,2026-09-24 14:32,2026-09-29 10:00,1.7,5831000,0,,Publicada,/v2/compra-agil/3378-1396-COT26
2296-586-COT26,Otros / Sin clasificar,ADQUISICIÓN DE DESFIBRILADOR EXTERNO,I MUNICIPALIDAD DE CONCHALI,2026-09-24 13:38,2026-09-29 08:30,1.7,4300000,0,,Publicada,/v2/compra-agil/2296-586-COT26
1233829-98-COT26,Otros / Sin clasificar,EXTINTORES,CORPORACION CULTURAL DE VITACURA,2026-09-24 13:10,2026-09-29 09:00,1.7,2100000,0,,Publicada,/v2/compra-agil/1233829-98-COT26
1602-81-COT26,Otros / Sin clasificar,"SUMINISTRO E INSTALACIÓN DE TRES EQUIPOS DE AIRE ACONDICIONADO, TIPO SPLIT MURO DE 12.000 Y 24.000 BTR/hr. (jbt-131)",DIRECCION GENERAL DE AERONAUTICA CIVIL,2026-09-24 11:08,2026-09-29 10:00,1.7,2900000,0,,Publicada,/v2/compra-agil/1602-81-COT26
4642-243-COT26,Otros / Sin clasificar,ADQUISICIÓN DE DOS (2) CRONÓMETROS DIGITALES PARA EL SERVICIO DE UPC PEDIATRICA DEL HOSPITAL DE CARABINEROS,FONDO PARA HOSPITALES DE CARABINEROS DE CHILE,2026-09-24 08:54,2026-09-29 09:00,1.7,400000,0,,Publicada,/v2/compra-agil/4642-243-COT26
2980-461-COT26,Otros / Sin clasificar,FOSSAP 2 SA. N° 355/2026 OLAPARIB 150 MG.,Comando de Personal-CEAFOSS,2026-09-24 08:18,2026-09-29 10:00,1.7,5635000,2,,Publicada,/v2/compra-agil/2980-461-COT26
2980-460-COT26,Otros / Sin clasificar,FOSSAP 2 SA. N° 356/2026 LENVATINIB 4 Y 10 MG.,Comando de Personal-CEAFOSS,2026-09-24 08:13,2026-09-29 10:00,1.7,3719000,1,,Publicada,/v2/compra-agil/2980-460-COT26
1341-4-COT26,Otros / Sin clasificar,Servicio de evaluación ex ante convenio INDESPA-FOSIS.,FONDO DE SOLIDARIDAD E INVERSION SOCIAL,2026-09-23 17:40,2026-09-29 08:00,1.7,6000000,0,,Publicada,/v2/compra-agil/1341-4-COT26
5769-133-COT26,Otros / Sin clasificar,"WD 4771: CARPETAS PARA DIPLOMAS, SEGÚN DETALLE",UNIVERSIDAD DE CHILE,2026-09-22 13:08,2026-09-29 10:00,1.7,1300000,0,,Publicada,/v2/compra-agil/5769-133-COT26
1057490-206-COT26,Otros / Sin clasificar,FABRICACIÓN E INSTALACIÓN DE ESCALERA TIPO GATO CON JAULA DE SEGURIDAD,Instituto Nacional de Neurocirugía,2026-09-22 11:46,2026-09-29 09:00,1.7,7140000,0,,Publicada,/v2/compra-agil/1057490-206-COT26
3522-133-COT26,Otros / Sin clasificar, Compra de elementos para la peluquería del Instituto,Ejercito de Chile,2026-09-17 11:14,2026-09-29 09:30,1.7,95000,2,,Publicada,/v2/compra-agil/3522-133-COT26
3522-132-COT26,Otros / Sin clasificar,Compra de una remadora con funda y un parlante vertical para comisión del Instituto,Ejercito de Chile,2026-09-17 11:09,2026-09-29 09:30,1.7,639980,9,,Publicada,/v2/compra-agil/3522-132-COT26
1549-3948-COT26,Otros / Sin clasificar," SE REQUIERE COD. 103-0400 CUADRO DE RECONOCIMIENTO, 103-2365 PLACA CONMEMORATIVA CON PEDESTAL MAS INSTALACION, SE ADJUNTA FICHA TECNICA, PARA EL HOSPITAL SAN JOSE/PAC 2026",SERVICIO DE SALUD METROPOLITANA NORTE HOSPITAL SAN JOSE,2026-09-15 15:42,2026-09-29 08:17,1.7,1000000,0,,Publicada,/v2/compra-agil/1549-3948-COT26
1079713-270-COT26,Otros / Sin clasificar,"SERVICIO DE TOMA DE MUESTRAS DE AGUA, 18° COM. ÑUÑOA",SECCIÓN COMPRAS ZONA SANTIAGO ESTE ,2026-09-15 15:30,2026-09-29 08:59,1.7,138979,1,,Publicada,/v2/compra-agil/1079713-270-COT26
559322-265-COT26,Otros / Sin clasificar,Arriendo Camioneta 4*4 - Santiago,UNIVERSIDAD DE CHILE,2026-09-25 17:45,2026-09-29 11:55,1.8,450000,0,,Publicada,/v2/compra-agil/559322-265-COT26
1191449-29-COT26,Otros / Sin clasificar,Escáner para digitalizar películas y diapositivas con alta resolución y precisión,ARCHIVO NACIONAL,2026-09-25 17:40,2026-09-29 10:30,1.8,2500000,0,,Publicada,/v2/compra-agil/1191449-29-COT26
2343-488-COT26,Otros / Sin clasificar,MEDALLAS-1309,I MUNICIPALIDAD DE SANTIAGO,2026-09-25 16:27,2026-09-29 10:30,1.8,6400000,0,,Publicada,/v2/compra-agil/2343-488-COT26
1002592-23-COT26,Otros / Sin clasificar,SUMINISTRO DE SERVICIOS NOTARIALES PARA EL SLEP BARRANCAS,SERVICIO LOCAL DE EDUCACION LAS BARRANCAS,2026-09-25 13:33,2026-09-29 12:00,1.8,7000000,0,,Publicada,/v2/compra-agil/1002592-23-COT26
2345-265-COT26,Otros / Sin clasificar,ADQUISICIÓN E INSTALACIÓN DE SEÑALETICA.,I MUNICIPALIDAD DE LAS CONDES,2026-09-25 13:12,2026-09-29 12:00,1.8,7100000,0,,Publicada,/v2/compra-agil/2345-265-COT26
937232-264-COT26,Otros / Sin clasificar,INSUMOS COMPUTACIONALES PARA DEPARTAMENTO DE TECNOLOGIA DE LA INFORMACION DEL CRS HPC,CENTRO DE REFERENCIA DE SALUD HOSPITAL PROVINCIA CORDILLERA,2026-09-25 13:00,2026-09-29 12:00,1.8,983902,0,,Publicada,/v2/compra-agil/937232-264-COT26
1525570-35-COT26,Otros / Sin clasificar,ADQUISICION DE CHALECOS BALISTICOS NIVEL IIIA,ASOCIACIÓN DE MUNICIPIOS PARA LA SEGURIDAD COMUNIT,2026-09-25 12:23,2026-09-29 12:00,1.8,400000,0,,Publicada,/v2/compra-agil/1525570-35-COT26
4389-52-COT26,Otros / Sin clasificar,ADQUISICION DE SISTEMA DE MONITOREO CLIMÁTICO PARA LA SNM,SERVICIO NACIONAL DEL PATRIMONIO CULTURAL,2026-09-25 12:18,2026-09-29 11:00,1.8,1100000,0,,Publicada,/v2/compra-agil/4389-52-COT26
551505-6-COT26,Otros / Sin clasificar,COLCHON PARA BENEFICIO SOCIAL,DELEGACIÓN PRESIDENCIAL PROVINCIAL DE MELIPILLA,2026-09-25 11:13,2026-09-29 12:00,1.8,150000,0,,Publicada,/v2/compra-agil/551505-6-COT26
3436-371-COT26,Otros / Sin clasificar,Adquisición de termos para el casino militar de suboficiales CC 1100035011 SIC 353623,Ejercito de Chile,2026-09-25 11:06,2026-09-29 11:00,1.8,800000,0,,Publicada,/v2/compra-agil/3436-371-COT26
883-187-COT26,Otros / Sin clasificar,CALIBRACION ESTANDARIZADA DE 02 DETECTORES DE RADIACION IONIZANTE TIPO GEIGER-MULLER (G.M.),DIRECCION GENERAL DE AERONAUTICA CIVIL,2026-09-25 10:27,2026-09-29 12:00,1.8,1500000,0,,Publicada,/v2/compra-agil/883-187-COT26
1641-5372-COT26,Otros / Sin clasificar,EFB/KIT DE MUESTRA MOLECULAR DE VPH,SERVICIO DE SALUD OCCIDENTE HOSPITAL SAN JUAN DE DIOS,2026-09-25 10:04,2026-09-29 10:25,1.8,3010000,0,,Publicada,/v2/compra-agil/1641-5372-COT26
4099-148-COT26,Otros / Sin clasificar,Adquisición de artículos para programa red local de apoyos y cuidados.,I MUNICIPALIDAD DE MARIA PINTO,2026-09-25 09:25,2026-09-29 10:30,1.8,180000,0,,Publicada,/v2/compra-agil/4099-148-COT26
721703-116-COT26,Otros / Sin clasificar,Producción y edición de videos en Lengua de señas chilena (LSCH),AGENCIA DE CALIDAD DE LA EDUCACION,2026-09-25 09:08,2026-09-29 12:00,1.8,4500000,0,,Publicada,/v2/compra-agil/721703-116-COT26
1867-84-COT26,Otros / Sin clasificar, del SERVICIO DE SUMINISTRO E INSTALACION de acrílicos con gráfica institucional de la DGMN para el gimnasio,DIRECCION GENERAL DE MOVILIZACIONN NACIONAL,2026-09-25 08:58,2026-09-29 12:00,1.8,1000000,0,,Publicada,/v2/compra-agil/1867-84-COT26
4099-147-COT26,Otros / Sin clasificar,Adquisición de termo laminadora para Dirección de Transito,I MUNICIPALIDAD DE MARIA PINTO,2026-09-25 08:56,2026-09-29 10:30,1.8,130000,0,,Publicada,/v2/compra-agil/4099-147-COT26
1057498-2404-COT26,Otros / Sin clasificar,INSUMOS PROGRAMA CHCC,SERVICIO DE SALUD SUR HOSPITAL SANATORIO EL PINO,2026-09-24 19:37,2026-09-29 12:00,1.8,400000,12,,Publicada,/v2/compra-agil/1057498-2404-COT26
2655-8-COT26,Otros / Sin clasificar,"SERVICIO DE PRESTACIONES OFTALMOLÓGICAS (1 SESIÓN DE LIDPRO, 1 SESIÓN DE I-LUX Y 4 SESIONES DE E-EYE/IPL)",INSTITUTO DE SEGURIDAD LABORAL,2026-09-24 17:31,2026-09-29 12:00,1.8,602000,0,,Publicada,/v2/compra-agil/2655-8-COT26
2452-81-COT26,Otros / Sin clasificar,12732 - BIOMBOS CLÍNICOS,I MUNICIPALIDAD DE SANTIAGO,2026-09-24 16:24,2026-09-29 11:00,1.8,140000,0,,Publicada,/v2/compra-agil/2452-81-COT26
2460-888-COT26,Otros / Sin clasificar,Peluches  Espacio Infantil Cafe Lit. Balmaceda. ,I MUNICIPALIDAD DE PROVIDENCIA,2026-09-24 12:31,2026-09-29 12:30,1.8,535000,0,,Publicada,/v2/compra-agil/2460-888-COT26
2735-1167-COT26,Otros / Sin clasificar,"Contratación de Retiro, Suministro e Instalación de Nuevo Piso Higiénico",I MUNICIPALIDAD LO BARNECHEA,2026-09-24 12:13,2026-09-29 12:15,1.8,6000000,0,,Publicada,/v2/compra-agil/2735-1167-COT26
1562-94-COT26,Otros / Sin clasificar,RESINAS TRANSOPTICA PARA BRIQUETAS DE U-PB,SERVICIO NACIONAL DE GEOLOGIA Y MINERIA,2026-09-24 11:50,2026-09-29 12:00,1.8,2800000,0,,Publicada,/v2/compra-agil/1562-94-COT26
743848-26-COT26,Otros / Sin clasificar,Auditoria Estados Financieros,SEGUNDO TRIBUNAL AMBIENTAL,2026-09-24 11:20,2026-09-29 12:01,1.8,4000000,0,,Publicada,/v2/compra-agil/743848-26-COT26
3868-51-COT26,Otros / Sin clasificar,ADQUISICIÓN DE BOTAS PARA INCENDIOS PARA EL PERSONAL DEL DEPARTAMENTO DE CRIMINALÍSTICA DE CARABINEROS DE CHILE (LABOCAR),Dirección General de Carabineros de Chile,2026-09-24 11:09,2026-09-29 12:00,1.8,6500000,0,,Publicada,/v2/compra-agil/3868-51-COT26
2791-130-COT26,Otros / Sin clasificar,RECONOCIMIENTO A FUNCIONARIOS EN DIA DEL DOCENTE Y AA.EE DE LAS ESCUELA ADELAIDA LA FETRA Y SANTA VICTORIA,Iluste Municipalidad de Huechuraba,2026-09-24 10:16,2026-09-29 12:00,1.8,2950000,0,,Publicada,/v2/compra-agil/2791-130-COT26
1532192-20-COT26,Otros / Sin clasificar,Insumos Clinicos Programa CPU,DEPARTAMENTO DE SALUD MUNICIPAL,2026-09-24 09:35,2026-09-29 11:30,1.8,963000,0,,Publicada,/v2/compra-agil/1532192-20-COT26
29-67-COT26,Otros / Sin clasificar,JBP ADQ SERVICIO DE CALIBRACIÓN PARA DETECTORES DE RADIACIÓN H*(10) DOSIS AMBIENTAL,FUERZA AEREA DE CHILE COMANDO LOGISTICO,2026-09-23 14:41,2026-09-29 12:00,1.8,5363102,0,,Publicada,/v2/compra-agil/29-67-COT26
1532192-18-COT26,Otros / Sin clasificar,INSUMOS CLINICOS PROGRAMA CIRUGIA MENOR,DEPARTAMENTO DE SALUD MUNICIPAL,2026-09-23 13:55,2026-09-29 11:30,1.8,1955000,0,,Publicada,/v2/compra-agil/1532192-18-COT26
601-85-COT26,Otros / Sin clasificar,Servicio de interpretación de Lenguaje de señas,SUPERINTENDENCIA DE SALUD,2026-09-23 11:53,2026-09-29 11:30,1.8,1500000,0,,Publicada,/v2/compra-agil/601-85-COT26
744835-578-COT26,Otros / Sin clasificar,"ORGANIZADOR DE JUGUETES, PIZZARAS Y OTROS - DPTO. COMUNITARIO",I MUNICIPALIDAD DE LO ESPEJO,2026-09-22 12:51,2026-09-29 12:45,1.8,1000000,0,,Publicada,/v2/compra-agil/744835-578-COT26
5067-2237-COT26,Otros / Sin clasificar,"Adquisición de Instrumental para la Observación Astronómica del Proyecto Fondo VIME 03LC2025, AstroMuseo en Ruta, Departamento de Física USACH",UNIVERSIDAD DE SANTIAGO DE CHILE,2026-09-21 17:05,2026-09-29 11:00,1.8,1100000,2,,Publicada,/v2/compra-agil/5067-2237-COT26
5194-412-COT26,Otros / Sin clasificar,"FF ADQUISICIÓN DE: ENTRADAS RAFTING, IP-IRC SAN JOAQUIN",Servicio de Bienestar Social,2026-09-16 16:56,2026-09-29 10:31,1.8,598000,1,,Publicada,/v2/compra-agil/5194-412-COT26
606-98-COT26,Otros / Sin clasificar,"Servicio de cambio de pastilla de freno delantera para la camioneta Chevrolet Colorado 2.8 TD LT MT, año 2023, patente SJXV96, asignada en la ciudad de Concepción",SUBSECRETARIA DE TELECOMUNICACIONES,2026-09-16 14:18,2026-09-29 12:00,1.8,610000,1,,Publicada,/v2/compra-agil/606-98-COT26
4635-60-COT26,Otros / Sin clasificar,"ADQUISICIÓN DE  BOLSA POLIETILENO TRANSP. 15 DE ANCHO X25 LARGO CMS. 3 MICRONES ESP.,- SUBDIRECCIÓN ODONTOLOGÍCA DE CARABINEROS DE CHILE. ",Carabineros de Chile - Unidad Contable Disalcar,2026-09-16 11:16,2026-09-29 10:52,1.8,49980,5,,Publicada,/v2/compra-agil/4635-60-COT26
2735-1133-COT26,Otros / Sin clasificar,ADQUISICIÓN DE:  8 CHAQUETILLA GEÓLOGO COLOR NARANJO CON CUELLO Y 24 PARCHES3,I MUNICIPALIDAD LO BARNECHEA,2026-09-14 11:04,2026-09-29 11:00,1.8,600000,8,,Publicada,/v2/compra-agil/2735-1133-COT26
883-178-COT26,Otros / Sin clasificar,ADQUISICIÓN DE BAÑERA PARA CANES,DIRECCION GENERAL DE AERONAUTICA CIVIL,2026-09-02 10:11,2026-09-29 12:00,1.8,1900000,9,,Publicada,/v2/compra-agil/883-178-COT26
5520-658-COT26,Otros / Sin clasificar,Suscripción a la Corporación Instituto Chileno del Acero (ICHA) 24 meses,UNIVERSIDAD DE CHILE,2026-08-11 16:40,2026-09-29 12:00,1.8,7107451,0,,Publicada,/v2/compra-agil/5520-658-COT26
1339159-113-COT26,Otros / Sin clasificar,SUMINISTRO DE EQUIPAMIENTO TP ADQUISICIÓN DESFIBRILADOR EXTERNO AUTOMÁTICO (DEA),Servicio Local de Educación Pública Santa Rosa,2026-09-25 17:05,2026-09-29 15:00,1.9,800000,0,,Publicada,/v2/compra-agil/1339159-113-COT26
1447930-419-COT26,Otros / Sin clasificar,SSP- Adquisición de chaquetas institucionales tipo softshell y poleras piqué para la Subsecretaría de Seguridad Pública,SUBSECRETARIA DE SEGURIDAD PUBLICA,2026-09-25 16:48,2026-09-29 15:00,1.9,1320000,0,,Publicada,/v2/compra-agil/1447930-419-COT26
1562-96-COT26,Otros / Sin clasificar,COMPRA DE 42 LIBROS DE CIENCIAS DE LA TIERRA,SERVICIO NACIONAL DE GEOLOGIA Y MINERIA,2026-09-25 15:45,2026-09-29 15:00,1.9,1340000,0,,Publicada,/v2/compra-agil/1562-96-COT26
1388961-172-COT26,Otros / Sin clasificar, 132.2.-Telefonos IP,ASOCIACION DE MUNICIPALIDADES PARA LA SEGURIDAD CIUDADANA EN LA ZONA ORIENTE,2026-09-25 15:43,2026-09-29 13:00,1.9,390000,0,,Publicada,/v2/compra-agil/1388961-172-COT26
2791-137-COT26,Otros / Sin clasificar,ADQUISICIÓN DE IMPLEMENTOS PARA ACTIVIDADES INSTITUCIONALES DE LOS ESTABLECIMIENTOS EDUCACIONALES MUNICIPALES DE HUECHURABA,Iluste Municipalidad de Huechuraba,2026-09-25 15:28,2026-09-29 13:00,1.9,4100000,0,,Publicada,/v2/compra-agil/2791-137-COT26
557509-19-COT26,Otros / Sin clasificar,Adquisición de insumos de emergencia gimnasio de Bienestar,CAJA DE PREVISION DE LA DEFENSA NACIONAL,2026-09-25 12:47,2026-09-29 15:00,1.9,516000,0,,Publicada,/v2/compra-agil/557509-19-COT26
1057474-183-COT26,Otros / Sin clasificar,"PORTA CREDENCIALES, TARJETAS PVC Y LANYARD",SERVICIO DE SALUD METROPOLITANO NORTE,2026-09-25 11:13,2026-09-29 15:00,1.9,250000,0,,Publicada,/v2/compra-agil/1057474-183-COT26
2790-210-COT26,Otros / Sin clasificar,BOTONES DE PÁNICO,I MUNICIPALIDAD DE PAINE,2026-09-25 09:13,2026-09-29 15:00,1.9,455000,0,,Publicada,/v2/compra-agil/2790-210-COT26
2790-208-COT26,Otros / Sin clasificar,AUDÍFONOS CON MICRÓFONO Y CANCELACIÓN DE RUIDO,I MUNICIPALIDAD DE PAINE,2026-09-25 09:06,2026-09-29 15:00,1.9,195000,0,,Publicada,/v2/compra-agil/2790-208-COT26
1186229-108-COT26,Otros / Sin clasificar,Adquisición de Insumos para la Academia de Formación de Oficiales Civiles y Cuaderno Corporativo con Inserto de Couché para jornadas de retiro,SERVICIO DE REGISTRO CIVIL E IDENTIFICACION,2026-09-24 17:03,2026-09-29 14:00,1.9,6000000,0,,Publicada,/v2/compra-agil/1186229-108-COT26
5535-11-COT26,Otros / Sin clasificar,Merchandising para Movilidad,UNIVERSIDAD DE CHILE,2026-09-24 15:44,2026-09-29 13:00,1.9,1000000,0,,Publicada,/v2/compra-agil/5535-11-COT26
3827-306-COT26,Otros / Sin clasificar,Servicio de Gastroenterología.  Memorándum N°649,I MUNICIPALIDAD DE PADRE HURTADO,2026-09-24 13:45,2026-09-29 13:00,1.9,7172100,0,,Publicada,/v2/compra-agil/3827-306-COT26
2460-949-COT26,Otros / Sin clasificar,Adquisición de Micro difusores con aromatizante para el Dpto. de Desarrollo Social. SBC N° 1066.-,I MUNICIPALIDAD DE PROVIDENCIA,2026-09-24 13:25,2026-09-29 13:30,1.9,400000,0,,Publicada,/v2/compra-agil/2460-949-COT26
635550-57-COT26,Otros / Sin clasificar,Adquisición seguros de viaje deportivo,UNIVERSIDAD DE CHILE,2026-09-24 12:00,2026-09-29 14:00,1.9,250000,0,,Publicada,/v2/compra-agil/635550-57-COT26
924-244-COT26,Otros / Sin clasificar,Adquisición de filtros canister y protectores auditivos,SUBSECRETARIA DE SALUD PUBLICA,2026-09-24 11:05,2026-09-29 15:00,1.9,2170000,0,,Publicada,/v2/compra-agil/924-244-COT26
696713-74-COT26,Otros / Sin clasificar,SUMINISTRO EN INSTALACIÓN DE LÁMINAS DE SEGURIDAD Y DE CONTROL SOLAR,MINISTERIO PUBLICO,2026-09-24 09:35,2026-09-29 15:00,1.9,6800000,0,,Publicada,/v2/compra-agil/696713-74-COT26
1876-36-COT26,Otros / Sin clasificar,PUBLICACIÓN AVISO EN DIARIO DIARIO,DEFENSORIA PENAL PUBLICA,2026-09-23 17:59,2026-09-29 13:00,1.9,550000,1,,Publicada,/v2/compra-agil/1876-36-COT26
3868-50-COT26,Otros / Sin clasificar,"ADQUISICIÓN DEL SERVICIO DE INSTALACIÓN Y ARRIENDO DE ALARMA DEL SISTEMA ALPHA-II, POR 18 MESES, PARA EL DEPARTAMENTO DE CRIMINALÍSTICA DE CARABINEROS (LABOCAR)",Dirección General de Carabineros de Chile,2026-09-23 12:24,2026-09-29 15:00,1.9,6900000,0,,Publicada,/v2/compra-agil/3868-50-COT26
1219241-107-COT26,Otros / Sin clasificar, ADQUISICION MACETEROS,CORPORACIÓN MUNICIPAL PUEBLITO DE LAS VIZCACHAS,2026-09-23 11:52,2026-09-29 15:00,1.9,561600,0,,Publicada,/v2/compra-agil/1219241-107-COT26
872-448-COT26,Otros / Sin clasificar,Disolventes y reactivos de grado técnico para uso en laboratorio,COMISION CHILENA DE ENERGIA NUCLEAR,2026-09-23 08:37,2026-09-29 15:00,1.9,1277000,0,,Publicada,/v2/compra-agil/872-448-COT26
1300-163-COT26,Otros / Sin clasificar,SERVICIOS DE RELATORÍA PARA LOS PROGRAMAS CUIDADOS DOMICILIARIOS Y CENTROS DIURNOS,SERVICIO NACIONAL DEL ADULTO MAYOR,2026-09-22 13:21,2026-09-29 13:30,1.9,7000000,0,,Publicada,/v2/compra-agil/1300-163-COT26
928-244-COT26,Otros / Sin clasificar,REQ 4 SERVICIO MATENCION 60.000 KM CAMIONETA FISCAL  (M GUTIERREZ),INSTITUTO NACIONAL DE DEPORTES DE CHILE,2026-09-22 10:14,2026-09-29 13:00,1.9,5000000,1,,Publicada,/v2/compra-agil/928-244-COT26
3755-113-COT26,Otros / Sin clasificar,Curso de Inteligencia Artificial Aplicada a la Fiscalización en el Sector Público,FISCALIZACION Y CONTROL,2026-09-21 15:19,2026-09-29 14:00,1.9,500000,4,,Publicada,/v2/compra-agil/3755-113-COT26
1480133-121-COT26,Otros / Sin clasificar,"PTR N° 491 / 1480133-115-COT26 /SUMINISTRO/SITTING POSTURAL TALLA L, MAS BASE DE APOYO, MAS ADITAMENTOS POSTURALES QUE APOYEN EL CORRECTO POSICIONAMIENTO, COMO AYUDA SOCIAL.",MUNICIPALIDAD DE VITACURA,2026-09-17 10:03,2026-09-29 13:58,1.9,1500000,2,,Publicada,/v2/compra-agil/1480133-121-COT26
1057501-3042-COT26,Otros / Sin clasificar,"41-222-300-075-00  ARNES P/MASC ORONASAL BPAP REUT EQUIV RESMED, TALLA M",COMPLEJO ASISTENCIAL DR. SOTERO DEL RIO,2026-09-03 10:52,2026-09-29 14:36,1.9,100000,1,,Publicada,/v2/compra-agil/1057501-3042-COT26
1388961-170-COT26,Otros / Sin clasificar,176.-ADQUISICIÓN DE PÓLIZA DE SEGURO PARA DRONES MARCA DJI,ASOCIACION DE MUNICIPALIDADES PARA LA SEGURIDAD CIUDADANA EN LA ZONA ORIENTE,2026-09-25 12:06,2026-09-29 16:00,2.0,1025407,0,,Publicada,/v2/compra-agil/1388961-170-COT26
593951-31-COT26,Otros / Sin clasificar,Piso ergonómico,FUNDACION EDUCACIONAL PARA EL DESAROLLO INTEGRAL DE LA NIÑEZ,2026-09-25 10:42,2026-09-29 17:30,2.0,300000,0,,Publicada,/v2/compra-agil/593951-31-COT26
966865-42-COT26,Otros / Sin clasificar,Solicitud insumos para replante de especies nativas Bosque Adriana Hoffmann,FUND TIEMPOS NUEVOS,2026-09-24 16:50,2026-09-29 16:00,2.0,1200000,0,,Publicada,/v2/compra-agil/966865-42-COT26
924-248-COT26,Otros / Sin clasificar,MOCHILA SENDERISMO LIVIANA,SUBSECRETARIA DE SALUD PUBLICA,2026-09-24 16:43,2026-09-29 16:00,2.0,450000,0,,Publicada,/v2/compra-agil/924-248-COT26
3827-307-COT26,Otros / Sin clasificar,Repuestos para Camión Limpia Fosas. S.C 4734,I MUNICIPALIDAD DE PADRE HURTADO,2026-09-24 16:03,2026-09-29 16:00,2.0,423500,0,,Publicada,/v2/compra-agil/3827-307-COT26
761391-860-COT26,Otros / Sin clasificar, EE/ ADQUISICIÓN DE BALANZA,Comando de Personal,2026-09-24 14:29,2026-09-29 16:30,2.0,750000,0,,Publicada,/v2/compra-agil/761391-860-COT26
2460-890-COT26,Otros / Sin clasificar,Micas para Laminadora  para Cafe Lit. Balmaceda.,I MUNICIPALIDAD DE PROVIDENCIA,2026-09-24 12:33,2026-09-29 16:00,2.0,144000,0,,Publicada,/v2/compra-agil/2460-890-COT26
3474-217-COT26,Otros / Sin clasificar,CURSO MODELADO 3D INTRODUCTORIO CON BLENDER 3D,"Dirección de Educación, Doctrina e Historia de Carabineros",2026-09-24 10:48,2026-09-29 16:00,2.0,570000,0,,Publicada,/v2/compra-agil/3474-217-COT26
1411-1206-COT26,Otros / Sin clasificar,COLINA I  VISITA TECNICA PARA REPRACION DE CAMARA DE FRIO ,Dirección Regional de Gendarmeria - Metropolitana,2026-09-23 17:14,2026-09-29 17:20,2.0,950000,0,,Publicada,/v2/compra-agil/1411-1206-COT26
4597-18-COT26,Otros / Sin clasificar,Adquisición de Fresas Dentales (SELICO N°367/2026).,Ministerio de Vivienda y Urbanismo,2026-09-17 11:16,2026-09-29 16:47,2.0,2200000,2,,Publicada,/v2/compra-agil/4597-18-COT26
761-168-COT26,Otros / Sin clasificar,CAMBIO DE PASTILLAS Y FILTRO HYUNDAI TUCSON (E10419/2026),SUBSECRETARIA DE DESARROLLO REGIONAL Y ADMINISTRATIVO,2026-09-11 14:14,2026-09-29 16:18,2.0,750000,2,,Publicada,/v2/compra-agil/761-168-COT26
1904-7-COT26,Otros / Sin clasificar,ADQUISICION DE ASFALTO EN FRIO,MINISTERIO DE OBRAS PUBLICAS DIREC CION GRAL DE OO PP DCYF,2026-09-25 12:24,2026-09-29 18:00,2.1,6500000,0,,Publicada,/v2/compra-agil/1904-7-COT26
2765-467-COT26,Otros / Sin clasificar,"Servicio Integral de Producción, Porcionado  y Distribución Refrigerios dulces para actividades CAM La Cisterna",I MUNICIPALIDAD DE LA CISTERNA,2026-09-14 10:23,2026-09-29 19:39,2.1,3500000,2,,Publicada,/v2/compra-agil/2765-467-COT26
2735-1170-COT26,Otros / Sin clasificar,ADQUISICIÓN DE PERFILES DE ACERO Y ELEMENTOS DE FIJACIÓN,I MUNICIPALIDAD LO BARNECHEA,2026-09-24 17:09,2026-09-29 21:00,2.2,6900000,0,,Publicada,/v2/compra-agil/2735-1170-COT26
2974-224-COT26,Otros / Sin clasificar,ADQUISICIÓN DE MENAJE DE COCINA PARA J.I. DE LA R.M (555/2026).,Division de Bienestar Social,2026-09-17 11:56,2026-09-30 07:20,2.6,2963680,12,,Publicada,/v2/compra-agil/2974-224-COT26
607-245-COT26,Otros / Sin clasificar,CURSO Inspector Técnico de Contratos en el Servicio Público,PARQUE METROPOLITANO DE SANTIAGO,2026-09-26 16:50,2026-09-30 10:00,2.7,3735000,0,,Publicada,/v2/compra-agil/607-245-COT26
3868-55-COT26,Otros / Sin clasificar,ADQUISICIÓN DE TOLDOS PARA EL DEPARTAMENTO DE CRIMINALÍSTICA DE CARABINEROS DE CHILE (LABOCAR),Dirección General de Carabineros de Chile,2026-09-25 18:27,2026-09-30 10:00,2.7,6200000,0,,Publicada,/v2/compra-agil/3868-55-COT26
3173-76-COT26,Otros / Sin clasificar,Adquisicion de menaje y articulos de casino,DIRECCION DE LOGISTICA DE CARABINEROS,2026-09-25 17:43,2026-09-30 10:00,2.7,2450000,0,,Publicada,/v2/compra-agil/3173-76-COT26
2701-679-COT26,Otros / Sin clasificar,"INSUMOS CAFETERIA ACTIVIDAD FERIA LABORAL, INSTRUCTIVO N° 0319, DIRECCION PROMOCION COMUNAL",I MUNICIPALIDAD DE TALAGANTE,2026-09-25 16:56,2026-09-30 10:00,2.7,850000,0,,Publicada,/v2/compra-agil/2701-679-COT26
974544-16-COT26,Otros / Sin clasificar,Kit de curaciones estandar,MACRO-ZONA DE SALUD SANTIAGO CENTRO SUR,2026-09-25 15:37,2026-09-30 08:00,2.7,63000,0,,Publicada,/v2/compra-agil/974544-16-COT26
974544-15-COT26,Otros / Sin clasificar,Bolsas de basura,MACRO-ZONA DE SALUD SANTIAGO CENTRO SUR,2026-09-25 15:28,2026-09-30 08:00,2.7,35000,0,,Publicada,/v2/compra-agil/974544-15-COT26
974544-14-COT26,Otros / Sin clasificar,Insumos computacionales,MACRO-ZONA DE SALUD SANTIAGO CENTRO SUR,2026-09-25 15:18,2026-09-30 08:00,2.7,60000,0,,Publicada,/v2/compra-agil/974544-14-COT26
974544-12-COT26,Otros / Sin clasificar,"Cloruro de sodio 0,9%",MACRO-ZONA DE SALUD SANTIAGO CENTRO SUR,2026-09-25 14:57,2026-09-30 08:00,2.7,315000,0,,Publicada,/v2/compra-agil/974544-12-COT26
974544-13-COT26,Otros / Sin clasificar,Alcohol al 70%,MACRO-ZONA DE SALUD SANTIAGO CENTRO SUR,2026-09-25 14:44,2026-09-30 08:00,2.7,200000,0,,Publicada,/v2/compra-agil/974544-13-COT26
2701-678-COT26,Otros / Sin clasificar,"ARRIENDO CARPA IMPERMEABLE ACTIVIDAD FERIA LABORAL,  INSTRUCTIVO N° 0319, DIRECCION PROMOCION COMUNAL",I MUNICIPALIDAD DE TALAGANTE,2026-09-25 14:26,2026-09-30 10:00,2.7,1800000,0,,Publicada,/v2/compra-agil/2701-678-COT26
974544-11-COT26,Otros / Sin clasificar,Aguas destiladas,MACRO-ZONA DE SALUD SANTIAGO CENTRO SUR,2026-09-25 14:12,2026-09-30 08:00,2.7,286000,0,,Publicada,/v2/compra-agil/974544-11-COT26
1725-202-COT26,Otros / Sin clasificar,SOLICITUD 0.51/105 - SERVICIO AMPLIFICACION ACTIVIDAD DIA DE LA MUSICA 2026 - PALACIO DE LA MONEDA,SUBSECRETARÍA DE LAS CULTURAS Y LAS ARTES,2026-09-25 12:58,2026-09-30 10:00,2.7,7172100,0,,Publicada,/v2/compra-agil/1725-202-COT26
1293138-322-COT26,Otros / Sin clasificar,SET DE BASTONES PEDIATRICOS,SERVICIO DE SALUD METROPOLITANO OCCIDENTE,2026-09-25 12:41,2026-09-30 10:00,2.7,126000,0,,Publicada,/v2/compra-agil/1293138-322-COT26
1293138-321-COT26,Otros / Sin clasificar,SET DE ESPEJO LARINGEO,SERVICIO DE SALUD METROPOLITANO OCCIDENTE,2026-09-25 12:32,2026-09-30 10:00,2.7,200000,0,,Publicada,/v2/compra-agil/1293138-321-COT26
1232911-60-COT26,Otros / Sin clasificar,INSUMOS PARA CAMARA FOTOGRAFICA EQUIVALENTE SONY ,Corporación Municipal de Deportes de Colina,2026-09-25 11:20,2026-09-30 09:30,2.7,1584000,0,,Publicada,/v2/compra-agil/1232911-60-COT26
1725-200-COT26,Otros / Sin clasificar,SOLICITUD 07.3/4 - INSUMOS DE ENTRENAMIENTO PARA ESTAMENTO DE DANZA DE BAFONA,SUBSECRETARÍA DE LAS CULTURAS Y LAS ARTES,2026-09-25 10:41,2026-09-30 10:15,2.7,1300000,0,,Publicada,/v2/compra-agil/1725-200-COT26
3868-54-COT26,Otros / Sin clasificar,ADQUISICIÓN DE COMPRESORES Y ESCALERAS DEPARTAMENTO DE CRIMINALÍSTICA DE CARABINEROS DE CHILE (LABOCAR) ,Dirección General de Carabineros de Chile,2026-09-24 17:39,2026-09-30 09:00,2.7,3000000,0,,Publicada,/v2/compra-agil/3868-54-COT26
1057472-399-COT26,Otros / Sin clasificar,DISCO DUROS ,HOSPITAL CLINICO METROPOLITANO EL CARMEN DOCTOR LUIS VALENTIN FERRADA,2026-09-24 13:24,2026-09-30 10:00,2.7,3000000,0,,Publicada,/v2/compra-agil/1057472-399-COT26
1431841-1121-COT26,Otros / Sin clasificar,SM 7023 RETIRO E INSTALACION DE PANELES ACRILICOS DE SEGURIDAD CESFAM RECOLETA,MUNICIPALIDAD DE RECOLETA,2026-09-24 12:08,2026-09-30 09:00,2.7,3500000,0,,Publicada,/v2/compra-agil/1431841-1121-COT26
1057049-526-COT26,Otros / Sin clasificar,ICC. ADQUISICIÓN DE ARTÍCULOS E IMPLEMENTOS CLÍNICOS PARA REHABILITACIÓN Y TERAPIA FÍSICA DIFERENTES SERVICIOS PAC 2026,SERV SALUD METROPOLITANO CENTRAL HOSPITAL CLINICO SAN BORJA ARRIARAN,2026-09-24 11:17,2026-09-30 10:00,2.7,1253965,0,,Publicada,/v2/compra-agil/1057049-526-COT26
1020-151-COT26,Otros / Sin clasificar,"ADQUISICIÓN SERVICIO DE CARGA,TRASLADO Y DESCARGA DE ESPECIES",MINISTERIO DE OBRAS PUBLICAS DIREC CION GRAL DE OO PP DCYF,2026-09-24 09:48,2026-09-30 10:00,2.7,600000,0,,Publicada,/v2/compra-agil/1020-151-COT26
3222-67-COT26,Otros / Sin clasificar,ALIMENTACIÓN ELÉCTRICA NUEVAS DEPENDENCIAS,SERVICIO MEDICO DENTAL SANTIAGO,2026-09-23 17:03,2026-09-30 08:00,2.7,6000000,0,,Publicada,/v2/compra-agil/3222-67-COT26
918434-255-COT26,Otros / Sin clasificar,D4811 Servicio de Alarmas y Monitoreo para SEREMI Atacama,MINISTERIO DE LA MUJER Y LA EQUIDAD DE GÉNERO,2026-09-23 12:16,2026-09-30 10:10,2.7,2000000,0,,Publicada,/v2/compra-agil/918434-255-COT26
918434-254-COT26,Otros / Sin clasificar,D4809 Compra y despacho de 200 Lanyard institucionales sublimados con mosquetón metálico,MINISTERIO DE LA MUJER Y LA EQUIDAD DE GÉNERO,2026-09-23 11:37,2026-09-30 10:10,2.7,420000,0,,Publicada,/v2/compra-agil/918434-254-COT26
1080936-91-COT26,Otros / Sin clasificar,LIBROS PARA ASPIRANTES,Fondos Extrapresupuestarios Escipol ,2026-09-15 09:45,2026-09-30 10:00,2.7,3100000,0,,Publicada,/v2/compra-agil/1080936-91-COT26
1057490-202-COT26,Otros / Sin clasificar,Curso de Implementación de mejores prácticas en gestión de servicios de TICS con ITIL 5,Instituto Nacional de Neurocirugía,2026-09-14 15:03,2026-09-30 08:54,2.7,1490000,3,,Publicada,/v2/compra-agil/1057490-202-COT26
1057490-201-COT26,Otros / Sin clasificar,Curso de técnicas de respuesta a ciberincidentes para CSIRT,Instituto Nacional de Neurocirugía,2026-09-14 14:52,2026-09-30 09:03,2.7,1480000,4,,Publicada,/v2/compra-agil/1057490-201-COT26
1250359-37-COT26,Otros / Sin clasificar,E501 - Servicio de Tele-informe de Electrocardiografía Cardiovascular,Gendarmería de Chile - Policlínico Institucional,2026-09-02 11:01,2026-09-30 08:15,2.7,1500000,1,,Publicada,/v2/compra-agil/1250359-37-COT26
1238534-4-COT26,Otros / Sin clasificar,Adquisición e instalación de láminas de control solar o láminas fotocromáticas para ventanas del CPEIP,C. Perfeccionamieno y Experimentaciones Pedagógica,2026-09-25 18:12,2026-09-30 12:00,2.8,600000,0,,Publicada,/v2/compra-agil/1238534-4-COT26
1238534-3-COT26,Otros / Sin clasificar,Adquisición de cojines lumbares para las y los funcionarios del CPEIP,C. Perfeccionamieno y Experimentaciones Pedagógica,2026-09-25 17:57,2026-09-30 12:00,2.8,1750000,0,,Publicada,/v2/compra-agil/1238534-3-COT26
1506814-21-COT26,Otros / Sin clasificar,FISCALIA ECOH SOLICITA LA COMPRA DE 5 PARES DE ZAPATOS PARA HOMBRE Y MUJER,MIISTERIO PÚBLICO,2026-09-25 17:22,2026-09-30 11:00,2.8,210600,0,,Publicada,/v2/compra-agil/1506814-21-COT26
1904-8-COT26,Otros / Sin clasificar,ADQUISION DE AGUA PURIFICADA,MINISTERIO DE OBRAS PUBLICAS DIREC CION GRAL DE OO PP DCYF,2026-09-25 16:54,2026-09-30 12:00,2.8,1470000,0,,Publicada,/v2/compra-agil/1904-8-COT26
4949-42-COT26,Otros / Sin clasificar,CÁMARA FOTOGRÁFICA,Ejercito de Chile,2026-09-25 16:06,2026-09-30 12:00,2.8,800000,0,,Publicada,/v2/compra-agil/4949-42-COT26
1611-115-COT26,Otros / Sin clasificar, 1443UCOTI Suscripción Anual Servicio de Monitoreo UptimeRobot,SERVICIO NACIONAL DEL CONSUMIDOR,2026-09-25 15:45,2026-09-30 12:00,2.8,560134,0,,Publicada,/v2/compra-agil/1611-115-COT26
5541-119-COT26,Otros / Sin clasificar,Compra de Implemento de Seguridad - Laboratorio de Catálisis y Energía del DIQBM - FCFM - U. de Chile,UNIVERSIDAD DE CHILE,2026-09-25 15:13,2026-09-30 12:00,2.8,250000,0,,Publicada,/v2/compra-agil/5541-119-COT26
5541-118-COT26,Otros / Sin clasificar,Perfiles de aluminio -  Laboratorio de Catálisis del DIQBM -FCFM - U. de Chile,UNIVERSIDAD DE CHILE,2026-09-25 15:01,2026-09-30 12:00,2.8,720000,0,,Publicada,/v2/compra-agil/5541-118-COT26
1457282-128-COT26,Otros / Sin clasificar,Equipamiento audiovisual - GAF Tecnología de la Información,CORPORACION CENTRO CULTURAL GABRIELA MISTRAL,2026-09-25 13:26,2026-09-30 12:00,2.8,1500000,0,,Publicada,/v2/compra-agil/1457282-128-COT26
1018-56-COT26,Otros / Sin clasificar,CURSO USO DE PROMPT ESTRATEGICO AVANZADO PARA LA GESTION PUBLICA,MINISTERIO DE OBRAS PUBLICAS DIREC CION GRAL DE OO PP DCYF,2026-09-25 13:06,2026-09-30 12:00,2.8,1200000,0,,Publicada,/v2/compra-agil/1018-56-COT26
1293138-323-COT26,Otros / Sin clasificar,MICRO MOTOR DE CIRUGIA,SERVICIO DE SALUD METROPOLITANO OCCIDENTE,2026-09-25 12:49,2026-09-30 12:00,2.8,4000000,0,,Publicada,/v2/compra-agil/1293138-323-COT26
744835-587-COT26,Otros / Sin clasificar,ESCALERA PLEGABLE - CARRO DE ALUMINIO - TOLDOS PLEGABLES ,I MUNICIPALIDAD DE LO ESPEJO,2026-09-25 12:28,2026-09-30 12:30,2.8,300000,0,,Publicada,/v2/compra-agil/744835-587-COT26
3384-156-COT26,Otros / Sin clasificar,Servicio especializado para la continuidad en la implementación de la Ley N°21.663 de Ciberseguridad para el IGM.,INSTITUTO GEOGRAFICO MILITAR,2026-09-25 10:59,2026-09-30 10:30,2.8,6500000,0,,Publicada,/v2/compra-agil/3384-156-COT26
1725-201-COT26,Otros / Sin clasificar,SOLICITUD 07.3/03 - INSUMOS MUSICALES BAFONA,SUBSECRETARÍA DE LAS CULTURAS Y LAS ARTES,2026-09-25 10:55,2026-09-30 10:45,2.8,1800000,0,,Publicada,/v2/compra-agil/1725-201-COT26
2791-135-COT26,Otros / Sin clasificar,Radio transmisores para escuelas municipales,Iluste Municipalidad de Huechuraba,2026-09-25 09:16,2026-09-30 11:00,2.8,1240000,0,,Publicada,/v2/compra-agil/2791-135-COT26
2791-133-COT26,Otros / Sin clasificar,PROTECTORES DE PILARES PARA LA ESCUELA ADELAIDA LA FETRA,Iluste Municipalidad de Huechuraba,2026-09-25 08:41,2026-09-30 11:00,2.8,800000,0,,Publicada,/v2/compra-agil/2791-133-COT26
2791-132-COT26,Otros / Sin clasificar,DISFRACES Y CORPÓREO INSTITUCIONAL PARA ESCUELAS,Iluste Municipalidad de Huechuraba,2026-09-25 08:02,2026-09-30 11:00,2.8,3000000,0,,Publicada,/v2/compra-agil/2791-132-COT26
1230869-128-COT26,Otros / Sin clasificar,SERVICIO DE LEVANTAMIENTO DE INVENTARIO,Corporación Cultural de La Florida,2026-09-24 10:22,2026-09-30 12:00,2.8,1000000,0,,Publicada,/v2/compra-agil/1230869-128-COT26
5541-115-COT26,Otros / Sin clasificar,SS-4H Válvula de fuelle de acero inox. para el Proyecto DFG220012 CC 37.92.,UNIVERSIDAD DE CHILE,2026-09-23 11:43,2026-09-30 12:00,2.8,600000,0,,Publicada,/v2/compra-agil/5541-115-COT26
1064610-1-COT26,Otros / Sin clasificar,Insumos gráficos Día de la Competencia,FISCALIA NACIONAL ECONOMICA,2026-09-23 11:28,2026-09-30 12:30,2.8,2000000,0,,Publicada,/v2/compra-agil/1064610-1-COT26
1549-3969-COT26,Otros / Sin clasificar,XPP/EXT/ SE REQUIERE EQUIPO REEMPLAZO PORTATIL PARA TRATAMIENTO DIALISIS,SERVICIO DE SALUD METROPOLITANA NORTE HOSPITAL SAN JOSE,2026-09-17 09:20,2026-09-30 12:00,2.8,5000000,0,,Publicada,/v2/compra-agil/1549-3969-COT26
1075956-138-COT26,Otros / Sin clasificar,ADQUISICIÓN DE MENAJE PARA CASINO - SEGÚN REQUERIMIENTOS TECNICOS ADJUNTOS - PRESUPUESTO DISPONIBLE $ 262.310.- ,DEPARTAMENTO CONTROL FINANCIERO,2026-09-15 10:17,2026-09-30 11:00,2.8,262310,0,,Publicada,/v2/compra-agil/1075956-138-COT26
520149-99-COT26,Otros / Sin clasificar,Cotización para la adquisición de libros para el departamento de Biblioteca de la Academia Diplomática de Chile.,SUBSECRETARIA DE RELACIONES EXTERIORES,2026-09-09 12:26,2026-09-30 11:00,2.8,1500000,0,,Publicada,/v2/compra-agil/520149-99-COT26
1385462-88-COT26,Otros / Sin clasificar,Adquisición del servicio de “Desarrollo de identidad e imagen (logo) del Sistema Nacional de Áreas Protegidas (SINAP)” SERVICIO BIODIVERSIDAD Y ÁREAS PROTEGIDAS,SERVICIO DE BIODIVERSIDAD Y ÁREAS PROTEGIDAS,2026-09-08 15:20,2026-09-30 12:00,2.8,2000000,7,,Publicada,/v2/compra-agil/1385462-88-COT26
5761-117-COT26,Otros / Sin clasificar,Servicios de suministro e instalación de sistema de extracción de gases ,UNIVERSIDAD DE CHILE,2026-09-07 08:04,2026-09-30 12:20,2.8,7100000,6,,Publicada,/v2/compra-agil/5761-117-COT26
4629-53-COT26,Otros / Sin clasificar,Adquisición de 12 equipos autorrescatadores con cinturón para fiscalizaciones en faenas de minería subterránea.,DIRECCION DEL TRABAJO,2026-09-25 17:35,2026-09-30 14:00,2.9,999600,0,,Publicada,/v2/compra-agil/4629-53-COT26
1904-9-COT26,Otros / Sin clasificar,adquisicion de rejilla de sumideros,MINISTERIO DE OBRAS PUBLICAS DIREC CION GRAL DE OO PP DCYF,2026-09-25 17:03,2026-09-30 15:00,2.9,3213000,0,,Publicada,/v2/compra-agil/1904-9-COT26
1422557-17-COT26,Otros / Sin clasificar," “IMPRESIÓN DE GUÍA METODOLÓGICA DE GESTIÓN DEL DESEMPEÑO, FOLLETO ACORDEÓN Y GUÍA CUADERNILLO”",SERVICIO NACIONAL DEL PATRIMONIO CULTURAL,2026-09-25 16:56,2026-09-30 15:00,2.9,500000,0,,Publicada,/v2/compra-agil/1422557-17-COT26
4628-22-COT26,Otros / Sin clasificar,SERVICIO DE TRASLADO Y CARGA CAJAS EXPURGO OCTUBRE 2026,DIRECCION DEL TRABAJO,2026-09-25 16:35,2026-09-30 14:00,2.9,2000000,0,,Publicada,/v2/compra-agil/4628-22-COT26
1186229-110-COT26,Otros / Sin clasificar,Servicio de Mejoramiento,SERVICIO DE REGISTRO CIVIL E IDENTIFICACION,2026-09-25 16:15,2026-09-30 15:00,2.9,4408950,0,,Publicada,/v2/compra-agil/1186229-110-COT26
1079969-152-COT26,Otros / Sin clasificar,“SERVICIO PARA LA REALIZACIÓN DE UN PROYECTO DE NORMALIZACIÓN ELÉCTRICA EN DEPENDENCIAS DE LA ZOSEPCAR HUÉRFANOS 540”,SECCIÓN COMPRAS ZONA SEG PRIV CONTROL ARMAS Y EXPL,2026-09-25 15:39,2026-09-30 15:00,2.9,6920000,0,,Publicada,/v2/compra-agil/1079969-152-COT26
1224957-622-COT26,Otros / Sin clasificar,CAMBIO DE CHAPA ELÉCTRICA,CORP MUNICIPAL DE DESARROLLO SOCIAL DE NUNOA,2026-09-25 13:37,2026-09-30 13:00,2.9,4641000,0,,Publicada,/v2/compra-agil/1224957-622-COT26
1224957-620-COT26,Otros / Sin clasificar,"MEJORAMIENTO CAMARIN MANIPULADORAS, LICEO BRÍGA WALKER",CORP MUNICIPAL DE DESARROLLO SOCIAL DE NUNOA,2026-09-25 13:26,2026-09-30 13:00,2.9,5000000,0,,Publicada,/v2/compra-agil/1224957-620-COT26
1293138-324-COT26,Otros / Sin clasificar,CAJA DE ACCESORIOS GENERALES DENTAL,SERVICIO DE SALUD METROPOLITANO OCCIDENTE,2026-09-25 13:03,2026-09-30 14:00,2.9,792910,0,,Publicada,/v2/compra-agil/1293138-324-COT26
5590-360-COT26,Otros / Sin clasificar,SE REQUIERE PASAJES INTERNACIONAL ,UNIVERSIDAD DE CHILE,2026-09-24 15:57,2026-09-30 14:00,2.9,3000000,0,,Publicada,/v2/compra-agil/5590-360-COT26
1074010-15-COT26,Otros / Sin clasificar,EMB - Servicio de suministro y reemplazo de ampolletas LED,SUBSECRETARIA DEL INTERIOR,2026-09-24 14:34,2026-09-30 15:00,2.9,5950000,0,,Publicada,/v2/compra-agil/1074010-15-COT26
1080220-53-COT26,Otros / Sin clasificar,CONTRATACIÓN DEL SERVICIO DE VIGILANCIA PARA EL DEPTO. DESARROLLO DE PROYECTOS DE CARABINEROS DE CHILE. ,Carabineros de Chile - Dirección General,2026-09-24 12:09,2026-09-30 15:00,2.9,2096321,0,,Publicada,/v2/compra-agil/1080220-53-COT26
966865-45-COT26,Otros / Sin clasificar,Solicitud N° 181. Grifería Lavamanos Temporizada,FUND TIEMPOS NUEVOS,2026-09-25 15:56,2026-09-30 16:00,3.0,1500000,0,,Publicada,/v2/compra-agil/966865-45-COT26
1293138-325-COT26,Otros / Sin clasificar,CAJA PERIODONCIA POSTERIOR,SERVICIO DE SALUD METROPOLITANO OCCIDENTE,2026-09-25 15:35,2026-09-30 16:00,3.0,5557000,0,,Publicada,/v2/compra-agil/1293138-325-COT26
5543-46-COT26,Otros / Sin clasificar,Arriendo audiovisual Feria Descubriendo Conocimientos 2026,UNIVERSIDAD DE CHILE,2026-09-25 15:25,2026-09-30 17:00,3.0,600000,0,,Publicada,/v2/compra-agil/5543-46-COT26
587-185-COT26,Otros / Sin clasificar,Selico N° 429 adquisición de tarjetas de PVC con diseño institucional.,SUBSECRETARIA DEL MINISTERIO DE LA VIVIENDA Y URBANISMO,2026-09-25 12:53,2026-09-30 17:00,3.0,7172000,0,,Publicada,/v2/compra-agil/587-185-COT26
598-211-COT26,Otros / Sin clasificar,Adquisición de 42 cortavientos Institucional para hombre DIPRECA,DIRECCION PREVISION DE CARABINEROS DE CHILE,2026-09-25 10:16,2026-09-30 15:30,3.0,3360000,0,,Publicada,/v2/compra-agil/598-211-COT26
1300-167-COT26,Otros / Sin clasificar,"Servicio logístico para actividad ""Presentación de Orquesta de Cámara con personas mayores",SERVICIO NACIONAL DEL ADULTO MAYOR,2026-09-24 09:54,2026-09-30 16:30,3.0,2500000,0,,Publicada,/v2/compra-agil/1300-167-COT26
2766-198-COT26,Otros / Sin clasificar,ADQUISICIÓN DE TROFEOS Y MEDALLAS CORRIDA DE LOS VEGETALES ,I MUNICIPALIDAD DE LA CISTERNA,2026-09-16 11:35,2026-09-30 17:39,3.1,100000,2,,Publicada,/v2/compra-agil/2766-198-COT26
1274285-121-COT26,Otros / Sin clasificar,Servicio de alimentación almuerzo presencial en restaurante o local comercial.,CORSABER,2026-09-15 17:00,2026-09-30 22:59,3.3,2261000,0,,Publicada,/v2/compra-agil/1274285-121-COT26
1232911-56-COT26,Otros / Sin clasificar,Alguicida equivalente piscinex,Corporación Municipal de Deportes de Colina,2026-09-14 15:46,2026-10-01 03:50,3.5,737159,3,,Publicada,/v2/compra-agil/1232911-56-COT26
813-616-COT26,Otros / Sin clasificar,"(E1O2RT9) Adquisición de reactivo DTT (Ditiotreitol), polvo cristalino 97%, calidad pa..",INSTITUTO DE SALUD PUBLICA DE CHILE,2026-09-17 13:19,2026-10-01 06:40,3.6,75000,0,,Publicada,/v2/compra-agil/813-616-COT26
1227338-147-COT26,Otros / Sin clasificar,Producción Técnica Conciertos de Orquesta Peñalolén,CORPORACION CULTURAL DE PENALOLEN,2026-09-25 16:34,2026-10-01 10:00,3.7,6902000,0,,Publicada,/v2/compra-agil/1227338-147-COT26
2961-877-COT26,Otros / Sin clasificar,CORTINAS ROLLER,I MUNICIPALIDAD DE LA GRANJA,2026-09-25 14:11,2026-10-01 10:00,3.7,320000,0,,Publicada,/v2/compra-agil/2961-877-COT26
1431841-1123-COT26,Otros / Sin clasificar,SM 7035 ADQUISICION E INSTALACION DE PUERTA DE SEGURIDAD CESFAM PETRINOVIC,MUNICIPALIDAD DE RECOLETA,2026-09-24 16:57,2026-10-01 10:00,3.7,3600000,0,,Publicada,/v2/compra-agil/1431841-1123-COT26
608897-110-COT26,Otros / Sin clasificar,Servicio de Calibración Masas Patrón de Referencia ,SUBSECRETARIA DEL MEDIO AMBIENTE,2026-09-23 12:55,2026-10-01 10:00,3.7,1000000,0,,Publicada,/v2/compra-agil/608897-110-COT26
1075956-139-COT26,Otros / Sin clasificar,ADQUISICIÓN DE 02 DISPENSADORES DE AGUA- SEGÚN REQUERIMIENTOS TECNICOS ADJUNTOS - PRESUPUESTO DISPONIBLE $ 244.960.- ,DEPARTAMENTO CONTROL FINANCIERO,2026-09-16 09:51,2026-10-01 10:00,3.7,244960,0,,Publicada,/v2/compra-agil/1075956-139-COT26
1075956-125-COT26,Otros / Sin clasificar,"ADQUISICIÓN DE MENAJE PARA CASINO - SEGÚN TÉRMINOS DE REFERENCIA ADJUNTOS - ANEXO N° 1 DECLARACIÓN PROGRAMA INTEGRIDAD ""OBLIGATORIO"" - PRESUPUESTO DISPONIBLE $ 162.015.-",DEPARTAMENTO CONTROL FINANCIERO,2026-09-10 10:04,2026-10-01 10:12,3.7,162015,4,,Publicada,/v2/compra-agil/1075956-125-COT26
757-399-COT26,Otros / Sin clasificar,"DIPOL Colección personalizada de 5 Normas UNE por 12 meses, modalidad descarga, hasta 40 usuarios",SUBSECRETARIA DE SALUD PUBLICA,2026-09-21 09:09,2026-10-01 11:50,3.8,1500000,0,,Publicada,/v2/compra-agil/757-399-COT26
1300-170-COT26,Otros / Sin clasificar,"Servicio impresión y despacho de 600 ejemplares, ajuste de las versiones digitales",SERVICIO NACIONAL DEL ADULTO MAYOR,2026-09-24 15:45,2026-10-01 16:00,4.0,7000000,0,,Publicada,/v2/compra-agil/1300-170-COT26
634-340-COT26,Otros / Sin clasificar,E-701. ADQUISICIÓN DE ESCUDOS ANTIDISTURBIOS.,DIRECCION GENERAL DE GENDARMERIA DE CHIL,2026-09-24 12:32,2026-10-01 18:00,4.1,6840013,0,,Publicada,/v2/compra-agil/634-340-COT26
587-172-COT26,Otros / Sin clasificar,ADQUISICIÓN DE CONECTORES DE FIBRA ÓPTICA (SFP) DE 10GB SR PARA EQUIPOS DE NETWORKING FORCEPOINT Y FORTINET (SELICO 440/2026),SUBSECRETARIA DEL MINISTERIO DE LA VIVIENDA Y URBANISMO,2026-09-16 10:48,2026-10-01 17:47,4.1,4012554,2,,Publicada,/v2/compra-agil/587-172-COT26
559322-264-COT26,Otros / Sin clasificar,presentación de solicitud de patente en fases nacionales en Estados Unidos,UNIVERSIDAD DE CHILE,2026-09-25 17:01,2026-10-02 09:00,4.7,4500000,0,,Publicada,/v2/compra-agil/559322-264-COT26
2982-72-COT26,Otros / Sin clasificar,BANDERAS Y ACCESORIOS,POLICIA DE INVESTIGACIONES DE CHILE,2026-09-25 16:00,2026-10-02 09:00,4.7,7000000,0,,Publicada,/v2/compra-agil/2982-72-COT26
5451-24-COT26,Otros / Sin clasificar,CAFETERA CONSEJO UNIVERSITARIO,UNIVERSIDAD DE CHILE,2026-09-25 14:07,2026-10-02 09:00,4.7,1000000,0,,Publicada,/v2/compra-agil/5451-24-COT26
766171-38-COT26,Otros / Sin clasificar,Compra de Insumos Varios,4° Tribunal de Juicio Oral en lo Penal de Santiago,2026-09-16 14:54,2026-10-02 10:00,4.7,150000,5,,Publicada,/v2/compra-agil/766171-38-COT26
2735-1153-COT26,Otros / Sin clasificar,Adquisición de Estabilizado y Arena Gruesa ,I MUNICIPALIDAD LO BARNECHEA,2026-09-16 10:35,2026-10-02 09:43,4.7,7172100,9,,Publicada,/v2/compra-agil/2735-1153-COT26
1867-79-COT26,Otros / Sin clasificar,Adquisición de Gabinetes de Policarbonato para extintores de PQS - CO y Funda parra carro PQS,DIRECCION GENERAL DE MOVILIZACIONN NACIONAL,2026-09-17 11:07,2026-10-02 12:43,4.8,5000000,14,,Publicada,/v2/compra-agil/1867-79-COT26
634-336-COT26,Otros / Sin clasificar,E-685. Adquisición de Maletas de Seguridad (7 unidades),DIRECCION GENERAL DE GENDARMERIA DE CHIL,2026-09-25 09:42,2026-10-02 18:00,5.1,7140000,0,,Publicada,/v2/compra-agil/634-336-COT26
2273-798-COT26,Otros / Sin clasificar,EX. 16191  CASETA MODULAR PARA GUARDIAS MEMORANDUM 24735  SGL.,I MUNICIPALIDAD DE LA PINTANA,2026-09-15 15:16,2026-10-03 10:43,5.8,7064900,0,,Publicada,/v2/compra-agil/2273-798-COT26
918434-240-COT26,Otros / Sin clasificar,"D4603 Adquisición de Acompañamiento grupal denominado “Trabajo en Equipo, resolución de conflictos y comunicación efectiva. Ambiente Laboral de Respeto y No Discriminación”, Los Lagos, GDP",MINISTERIO DE LA MUJER Y LA EQUIDAD DE GÉNERO,2026-09-11 14:48,2026-10-03 14:48,5.9,500000,3,,Publicada,/v2/compra-agil/918434-240-COT26
5178-4735-COT26,Otros / Sin clasificar,REACTIVOS/SP1069241/CM,UNIVERSIDAD DE CHILE,2026-09-11 12:27,2026-10-03 13:03,5.9,1004000,2,,Publicada,/v2/compra-agil/5178-4735-COT26
5518-95-COT26,Otros / Sin clasificar,Provisión e Instalación de Puertas Estructuras de Aluminio.,UNIVERSIDAD DE CHILE,2026-09-24 16:05,2026-10-05 08:00,7.7,5000000,0,,Publicada,/v2/compra-agil/5518-95-COT26
1057049-527-COT26,Otros / Sin clasificar,"ICC. ADQUISICION DE ARTÍCULOS E IMPLEMENTOS PARA REHABILITACIÓN, TERAPIA FÍSICA Y EJERCICIO TERAPÉUTICO DIFERENTES SERVICIOS PAC 2026",SERV SALUD METROPOLITANO CENTRAL HOSPITAL CLINICO SAN BORJA ARRIARAN,2026-09-24 12:46,2026-10-05 10:00,7.7,1253965,0,,Publicada,/v2/compra-agil/1057049-527-COT26
1177296-93-COT26,Otros / Sin clasificar,"Contratación de servicio de hospedaje para los integrantes del Consejo Asesor Nacional de Niños, Niñas y Adolescentes. Ver adjunto.",SERVICIO NACIONAL DE PROTECCIÓN ESPECIALIZADA A LA,2026-09-11 11:44,2026-10-05 09:00,7.7,6900000,0,,Publicada,/v2/compra-agil/1177296-93-COT26
5761-123-COT26,Otros / Sin clasificar,servicio del cambio de marco de puerta ,UNIVERSIDAD DE CHILE,2026-09-25 11:35,2026-10-05 11:00,7.8,450000,0,,Publicada,/v2/compra-agil/5761-123-COT26
5541-117-COT26,Otros / Sin clasificar,"Servicio, diagnostico y determinación de Caudales de extracción en Campanas del DIQBM - FCFM - U. de Chile ",UNIVERSIDAD DE CHILE,2026-09-24 15:34,2026-10-05 12:00,7.8,7172100,0,,Publicada,/v2/compra-agil/5541-117-COT26
546437-242-COT26,Otros / Sin clasificar,Auditoría externa EEFF 2026 (A. Roca),FUND NACIONAL DE ORQUESTAS JUVENILES E INFANTILES DE CHILE,2026-09-23 18:27,2026-10-05 12:00,7.8,7160000,0,,Publicada,/v2/compra-agil/546437-242-COT26
1147293-174-COT26,Otros / Sin clasificar, DIAGNÓSTICO DE CONDICIONES HABILITANTES PARA LA I+D+i EN COOPERATIVAS DEL PROGRAMA AGROCOOPINNOVA DE FIA: REGION DE ANTOFAGASTA,Fundación para la Innovación Agraria,2026-09-25 12:07,2026-10-05 13:30,7.9,6920000,0,,Publicada,/v2/compra-agil/1147293-174-COT26
1075956-122-COT26,Otros / Sin clasificar,"ADQUISICIÓN DE PIZARRA DE VIDRIO TEMPLADO - SEGÚN TÉRMINOS DE REFERENCIA ADJUNTOS - ANEXO N° 1 DECLARACIÓN PROGRAMA INTEGRIDAD ""OBLIGATORIO"" - PRESUPUESTO DISPONIBLE $ 400.000.-",DEPARTAMENTO CONTROL FINANCIERO,2026-09-04 16:23,2026-10-06 09:47,8.7,400000,11,,Publicada,/v2/compra-agil/1075956-122-COT26
1075956-141-COT26,Otros / Sin clasificar,ADQUISICIÓN DE CARPETAS DE ECOCUERO- SEGÚN REQUERIMIENTOS TECNICOS ADJUNTOS - PRESUPUESTO DISPONIBLE $ 250.000.- ,DEPARTAMENTO CONTROL FINANCIERO,2026-09-16 12:17,2026-10-07 10:00,9.7,250000,0,,Publicada,/v2/compra-agil/1075956-141-COT26
1075956-144-COT26,Otros / Sin clasificar,ADQUISICIÓN DE ACCESORIOS COMPUTACIONALES- SEGÚN REQUERIMIENTOS TECNICOS ADJUNTOS - PRESUPUESTO DISPONIBLE $ 454.178.- ,DEPARTAMENTO CONTROL FINANCIERO,2026-09-24 12:34,2026-10-07 11:00,9.8,454178,0,,Publicada,/v2/compra-agil/1075956-144-COT26
1075956-145-COT26,Otros / Sin clasificar,SERVICIO DE ARRIENDO DE DOSIMETRIA- SEGÚN REQUERIMIENTOS TECNICOS ADJUNTOS - PRESUPUESTO DISPONIBLE $ 392.900.- ,DEPARTAMENTO CONTROL FINANCIERO,2026-09-25 09:07,2026-10-08 10:00,10.7,392900,0,,Publicada,/v2/compra-agil/1075956-145-COT26
1445811-43-COT26,Otros / Sin clasificar,Internet Fibra,Proyecto La Cisterna,2026-09-24 16:25,2026-10-15 12:00,17.8,360000,0,,Publicada,/v2/compra-agil/1445811-43-COT26
1641-5324-COT26,Otros / Sin clasificar,"EFB/NARICERA OXIGENO PEDIATRICA-EQUIPO DRENAJE PLEURAL NEONATAL, 400 ML",SERVICIO DE SALUD OCCIDENTE HOSPITAL SAN JUAN DE DIOS,2026-09-21 12:04,2029-09-25 14:00,1093.9,300000,2,,Publicada,/v2/compra-agil/1641-5324-COT26
1431841-1092-COT26,Salud e Insumos Médicos, SM 6990 - SISTEMA DE SEGURIDAD MONITOREADA PARA BODEGA DE SALUD,MUNICIPALIDAD DE RECOLETA,2026-09-17 09:58,2026-09-27 15:04,-0.1,2600000,2,,Publicada,/v2/compra-agil/1431841-1092-COT26
1271356-108-COT26,Salud e Insumos Médicos,"MEMO 44-45/ ACCESORIOS , MAQUINAS DE EJERCICIOS Y JARDINERIA/ SALUD",Salud,2026-09-21 16:43,2026-09-28 01:32,0.4,3889132,1,,Publicada,/v2/compra-agil/1271356-108-COT26
748201-257-COT26,Salud e Insumos Médicos,"Adquisición de Fármacos para Farmacia de los Centros de Salud (CITRIX 59892, 59893, 59894, 59895) Ver anexos antes de ofertar",CAJA DE PREVISION DE LA DEFENSA NACIONAL,2026-09-16 11:47,2026-09-28 05:47,0.6,3408428,7,,Publicada,/v2/compra-agil/748201-257-COT26
748201-264-COT26,Salud e Insumos Médicos,"Adquisición de Fármacos, para la Farmacia CAPREDENA SANTIAGO Y VALPARAISO, Citrix 59933-59934 (Ver condiciones en anexo adjunto, antes de ofertar)",CAJA DE PREVISION DE LA DEFENSA NACIONAL,2026-09-25 15:27,2026-09-28 10:00,0.7,1680726,0,SI,Publicada,/v2/compra-agil/748201-264-COT26
1251183-184-COT26,Salud e Insumos Médicos,MEDICAMENTOS FARMACIA COMUNITARIA ,Corporación Municipal de Des.Social C de Tango,2026-09-25 13:28,2026-09-28 09:00,0.7,850000,0,SI,Publicada,/v2/compra-agil/1251183-184-COT26
1251183-183-COT26,Salud e Insumos Médicos,MEDICAMENTO CENTROS DE SALUD CALERA DE TANGO ,Corporación Municipal de Des.Social C de Tango,2026-09-25 11:58,2026-09-28 09:00,0.7,685511,0,SI,Publicada,/v2/compra-agil/1251183-183-COT26
1718-1137-COT26,Salud e Insumos Médicos,AREA MUNICIPAL/SIC 20735/DIDECO/HIGIENE AMBIENTAL/PRODUCTOS FARMACEUTICOS,I MUNICIPALIDAD DE SAN RAMON,2026-09-25 11:12,2026-09-28 09:00,0.7,3140000,0,SI,Publicada,/v2/compra-agil/1718-1137-COT26
1718-1134-COT26,Salud e Insumos Médicos,AREA SALUD/SIC N°20753/SAR LA BANDERA/REPARACION DE REFRIGERADOR CLINICO,I MUNICIPALIDAD DE SAN RAMON,2026-09-25 08:35,2026-09-28 10:00,0.7,200000,0,SI,Publicada,/v2/compra-agil/1718-1134-COT26
1718-1133-COT26,Salud e Insumos Médicos,SALUD/ 03 CORTINAS ROLLER/SIC 20699/DESAM,I MUNICIPALIDAD DE SAN RAMON,2026-09-24 18:54,2026-09-28 09:00,0.7,100000,0,SI,Publicada,/v2/compra-agil/1718-1133-COT26
1718-1132-COT26,Salud e Insumos Médicos,SALUD/01 LAVAFONDO DE ACERO INOXIDABLE/SIC 20700/DESAM,I MUNICIPALIDAD DE SAN RAMON,2026-09-24 18:47,2026-09-28 09:00,0.7,140000,0,SI,Publicada,/v2/compra-agil/1718-1132-COT26
1718-1131-COT26,Salud e Insumos Médicos,SALUD/BOTELLAS DE AGUA Y MORRALES DE ALGODON ESTAMPADOS/SIC 20754/PROGRAMA MAS SALUD,I MUNICIPALIDAD DE SAN RAMON,2026-09-24 18:29,2026-09-28 09:00,0.7,1900000,0,SI,Publicada,/v2/compra-agil/1718-1131-COT26
1718-1130-COT26,Salud e Insumos Médicos,SALUD/INSUMOS DEL AREA DENTAL/SIC 20752/CENTROS DE SALUD,I MUNICIPALIDAD DE SAN RAMON,2026-09-24 17:59,2026-09-28 09:00,0.7,2800000,0,SI,Publicada,/v2/compra-agil/1718-1130-COT26
1718-1129-COT26,Salud e Insumos Médicos,SALUD/80 LAPICES ELECTROBISTURI PUNTA PALETA/SIC 20751/CENTROS DE SALUD,I MUNICIPALIDAD DE SAN RAMON,2026-09-24 17:41,2026-09-28 09:00,0.7,90500,0,SI,Publicada,/v2/compra-agil/1718-1129-COT26
1251183-182-COT26,Salud e Insumos Médicos,MEDICAMENTOS FARMACIA COMUNITARIA ,Corporación Municipal de Des.Social C de Tango,2026-09-24 16:45,2026-09-28 09:00,0.7,1630000,0,SI,Publicada,/v2/compra-agil/1251183-182-COT26
1389585-167-COT26,Salud e Insumos Médicos, COMPRA DE INSUMOS DENTALES PARA UNIDADES DEL CESFAM Y POSTAS DE LA DIRECCION DE SALUD,DIRECCION COMUNAL DE SALUD- CORP MARIA PINTO ,2026-09-24 16:24,2026-09-28 08:00,0.7,3000000,0,SI,Publicada,/v2/compra-agil/1389585-167-COT26
1439285-173-COT26,Salud e Insumos Médicos,N°132 MAS SALUD COMUNIDAD ,CORPORACIÓN MUNICIPAL DE DESARROLLO SOCIAL DE TIL TIL,2026-09-24 13:13,2026-09-28 10:00,0.7,228833,0,SI,Publicada,/v2/compra-agil/1439285-173-COT26
1274189-442-COT26,Salud e Insumos Médicos,INSUMOS FITOTERAPIA II - MSC  - Dirección de Salud - Solic nro - 0490,CORPORACION DE DESARROLLO SOCIAL DE BUIN,2026-09-24 11:12,2026-09-28 08:30,0.7,155580,0,SI,Publicada,/v2/compra-agil/1274189-442-COT26
1274189-441-COT26,Salud e Insumos Médicos,INSUMOS FITOTERAPIA I - MSC - Dirección de Salud - Solic nro - 0489,CORPORACION DE DESARROLLO SOCIAL DE BUIN,2026-09-24 10:50,2026-09-28 08:30,0.7,299349,0,SI,Publicada,/v2/compra-agil/1274189-441-COT26
1274189-440-COT26,Salud e Insumos Médicos,INSUMOS DEPORTIVOS- MSC  - Dirección de Salud - Solic nro - 0487,CORPORACION DE DESARROLLO SOCIAL DE BUIN,2026-09-24 10:31,2026-09-28 08:30,0.7,2580820,0,SI,Publicada,/v2/compra-agil/1274189-440-COT26
4776-360-COT26,Salud e Insumos Médicos,Suministro de Tobramicina 3 mg/g + Dexametasona 1 mg/g oftálmica  Centro de Salud CAPREDENA Santiago,CAJA DE PREVISION DE LA DEFENSA NACIONAL,2026-09-24 10:06,2026-09-28 10:15,0.7,4860200,0,SI,Publicada,/v2/compra-agil/4776-360-COT26
1298355-1066-COT26,Salud e Insumos Médicos, ADQUISICIÓN DE MESÓN DE PROCEDIMIENTOS PARA LA PREPARACIÓN DE MEDICAMENTOS - CESFAM BORIS SOLER,DIRECCION DE SALUD,2026-09-24 09:24,2026-09-28 08:00,0.7,99990,1,,Publicada,/v2/compra-agil/1298355-1066-COT26
1298355-1063-COT26,Salud e Insumos Médicos,COMPRA DE ARTICULOS MEDICOS - CENTROS DE SALUD ,DIRECCION DE SALUD,2026-09-23 10:49,2026-09-28 09:00,0.7,648476,4,,Publicada,/v2/compra-agil/1298355-1063-COT26
1233600-71-COT26,Salud e Insumos Médicos,"KIT SA SALUD MENTAL PROGRAMA ""RENCA CONTIGO""",CORP MUNICIPAL DE RENCA,2026-09-23 10:31,2026-09-28 09:00,0.7,7100000,0,SI,Publicada,/v2/compra-agil/1233600-71-COT26
1274189-435-COT26,Salud e Insumos Médicos,Insumos fitoterapia - bases  - Dirección de Salud - Solic nro - 0483,CORPORACION DE DESARROLLO SOCIAL DE BUIN,2026-09-22 17:27,2026-09-28 08:30,0.7,243480,0,SI,Publicada,/v2/compra-agil/1274189-435-COT26
1274189-434-COT26,Salud e Insumos Médicos,"INSUMOS FITOTERAPIA: Aceites, esencias para velas, aceites aromaticos, vitamina E  - Dirección de Salud - Solic nro - 0482",CORPORACION DE DESARROLLO SOCIAL DE BUIN,2026-09-22 17:10,2026-09-28 08:30,0.7,217520,3,,Publicada,/v2/compra-agil/1274189-434-COT26
1298355-1059-COT26,Salud e Insumos Médicos,COMPRA DE INSUMOS PARA COFFEE - CENTROS DE SALUD,DIRECCION DE SALUD,2026-09-22 17:00,2026-09-28 10:00,0.7,254221,2,,Publicada,/v2/compra-agil/1298355-1059-COT26
1546191-8-COT26,Salud e Insumos Médicos,INSUMOS MEDICOS  - Diálisis - Solic nro - 0004,CORPORACION DE DESARROLLO SOCIAL DE BUIN,2026-09-21 17:02,2026-09-28 08:30,0.7,519202,9,,Publicada,/v2/compra-agil/1546191-8-COT26
748201-255-COT26,Salud e Insumos Médicos,"Adquisición de Fármacos, para la Farmacia CAPREDENA Santiago Citrix 59.900 (Ver condiciones en anexo adjunto, antes de ofertar)",CAJA DE PREVISION DE LA DEFENSA NACIONAL,2026-09-16 10:30,2026-09-28 08:00,0.7,328440,3,,Publicada,/v2/compra-agil/748201-255-COT26
2484-232-COT26,Salud e Insumos Médicos,ADQUISICIÓN DE TEST DE DROGA Y OTROS-DEPARTAMENTO DE SALUD (CONVENIO SENDA),I MUNICIPALIDAD DE QUILICURA,2026-09-25 15:16,2026-09-28 12:00,0.8,1500000,0,SI,Publicada,/v2/compra-agil/2484-232-COT26
2734-620-COT26,Salud e Insumos Médicos,PRAPS ESTRATEGIAS SALUD BUCAL ANESTESIA 3%,I MUNICIPALIDAD DE PENAFLOR,2026-09-25 13:31,2026-09-28 10:30,0.8,1520000,1,,Publicada,/v2/compra-agil/2734-620-COT26
2734-619-COT26,Salud e Insumos Médicos,PRAPS ESTRATEGIAS SALUD BUCAL SOLICITUD ANESTESIA 2%,I MUNICIPALIDAD DE PENAFLOR,2026-09-25 13:15,2026-09-28 10:30,0.8,6000000,0,SI,Publicada,/v2/compra-agil/2734-619-COT26
1736-615-COT26,Salud e Insumos Médicos,MEDICAMENTO,I MUNICIPALIDAD DE LA COMUNA DE EL BOSQUE,2026-09-25 10:57,2026-09-28 11:30,0.8,6997200,1,,Publicada,/v2/compra-agil/1736-615-COT26
2734-615-COT26,Salud e Insumos Médicos,ADQUISICIÓN DE ELEMENTOS DE PROTECCIÓN RADIOLÓGICA PARA USO ODONTOLÓGICO – PROGRAMA SALUD BUCAL 2026,I MUNICIPALIDAD DE PENAFLOR,2026-09-25 09:27,2026-09-28 10:30,0.8,410000,0,SI,Publicada,/v2/compra-agil/2734-615-COT26
3474-215-COT26,Salud e Insumos Médicos,ADQUISICION DE MEDICAMENTOS PARA LA ENFERMERIA ESCAR,"Dirección de Educación, Doctrina e Historia de Carabineros",2026-09-24 09:49,2026-09-28 12:00,0.8,6500000,0,SI,Publicada,/v2/compra-agil/3474-215-COT26
1389585-166-COT26,Salud e Insumos Médicos,Curso de Capacitación: Estrategias para Mejorar el Financiamiento Público en Salud,DIRECCION COMUNAL DE SALUD- CORP MARIA PINTO ,2026-09-23 14:31,2026-09-28 12:00,0.8,400000,0,SI,Publicada,/v2/compra-agil/1389585-166-COT26
1057474-181-COT26,Salud e Insumos Médicos,"Servicio de diseño, producción y apoyo a la difusión de contenidos comunicacionales en salud intercultural para población migrante",SERVICIO DE SALUD METROPOLITANO NORTE,2026-09-23 11:14,2026-09-28 12:00,0.8,1000000,0,SI,Publicada,/v2/compra-agil/1057474-181-COT26
564953-761-COT26,Salud e Insumos Médicos,PINES METALICOS AREA SALUD Y EDUCACION,CORP DE EDUCACION Y SALUD DE LAS CONDES,2026-09-25 16:41,2026-09-28 13:30,0.9,500000,0,SI,Publicada,/v2/compra-agil/564953-761-COT26
3378-1400-COT26,Salud e Insumos Médicos,Adquisición de insumo clínIco Cápsula endoscópica desechable para intestino delgado,EJERCITO DE CHILE HOSPITAL MILITAR DE SANTIAGO,2026-09-25 16:13,2026-09-28 14:00,0.9,944622,0,SI,Publicada,/v2/compra-agil/3378-1400-COT26
1274189-449-COT26,Salud e Insumos Médicos,SERVICIO DE MANTENIMIENTO PREVENTIVO Y CORRECTIVO PARA DOS PLANTAS DE OSMOSIS - BUIN  - Dirección de Salud - Solic nro - 0507,CORPORACION DE DESARROLLO SOCIAL DE BUIN,2026-09-25 15:02,2026-09-28 15:00,0.9,5712000,0,SI,Publicada,/v2/compra-agil/1274189-449-COT26
1274189-448-COT26,Salud e Insumos Médicos,CREMA HUMECTANTE CON UREA 10% - Dirección de Salud - Solic nro - 0506,CORPORACION DE DESARROLLO SOCIAL DE BUIN,2026-09-25 14:56,2026-09-28 15:00,0.9,3738504,0,SI,Publicada,/v2/compra-agil/1274189-448-COT26
1274189-446-COT26,Salud e Insumos Médicos,GAVETERO  - Dirección de Salud - Solic nro - 0504,CORPORACION DE DESARROLLO SOCIAL DE BUIN,2026-09-25 14:42,2026-09-28 15:00,0.9,1047200,0,SI,Publicada,/v2/compra-agil/1274189-446-COT26
1274189-445-COT26,Salud e Insumos Médicos,EQUIPAMIENTO FARMACIAS SECTOR CORDILLERA - Dirección de Salud - Solic nro - 0503,CORPORACION DE DESARROLLO SOCIAL DE BUIN,2026-09-25 14:30,2026-09-28 15:00,0.9,683655,0,SI,Publicada,/v2/compra-agil/1274189-445-COT26
1057490-208-COT26,Salud e Insumos Médicos,DIAGNÓSTICO DE EQUIPOS MEDICOS (CR Y DIGITALIZADOR),Instituto Nacional de Neurocirugía,2026-09-25 10:35,2026-09-28 15:00,0.9,660000,0,SI,Publicada,/v2/compra-agil/1057490-208-COT26
4776-363-COT26,Salud e Insumos Médicos,Suministro de Cefuroxima 50 mg     Centro de Salud CAPREDENA Santiago,CAJA DE PREVISION DE LA DEFENSA NACIONAL,2026-09-24 14:58,2026-09-28 15:00,0.9,4320000,0,SI,Publicada,/v2/compra-agil/4776-363-COT26
1546191-7-COT26,Salud e Insumos Médicos,COMPRA DE MEDICAMENTOS - Diálisis - Solic nro - 0003,CORPORACION DE DESARROLLO SOCIAL DE BUIN,2026-09-21 16:17,2026-09-28 15:00,0.9,3704803,10,,Publicada,/v2/compra-agil/1546191-7-COT26
1546191-6-COT26,Salud e Insumos Médicos,COMPRA MEDICAMENTO  - Diálisis - Solic nro - 0002,CORPORACION DE DESARROLLO SOCIAL DE BUIN,2026-09-21 16:02,2026-09-28 15:00,0.9,2393792,11,,Publicada,/v2/compra-agil/1546191-6-COT26
918434-232-COT26,Salud e Insumos Médicos,"D4431 Implementos para habilitar zonas de Salud para el Nivel Central de la Subsecretaria del Ministerio de la Mujer y la Equidad de Género, Servicios Genera",MINISTERIO DE LA MUJER Y LA EQUIDAD DE GÉNERO,2026-09-07 11:14,2026-09-28 14:54,0.9,170000,2,,Publicada,/v2/compra-agil/918434-232-COT26
1431841-1020-COT26,Salud e Insumos Médicos,DESAL - SM 7061 - PREGABALINA - VALAXAM D PARA SALUD,MUNICIPALIDAD DE RECOLETA,2026-09-04 11:27,2026-09-28 13:47,0.9,3070200,9,,Publicada,/v2/compra-agil/1431841-1020-COT26
2735-1171-COT26,Salud e Insumos Médicos,"Medicamento, PROMESTRIENO",I MUNICIPALIDAD LO BARNECHEA,2026-09-24 16:43,2026-09-28 16:45,1.0,1200000,1,,Publicada,/v2/compra-agil/2735-1171-COT26
2069-2594-COT26,Salud e Insumos Médicos,SAR-CP-102026-FARMACOS OCTUBRE 2026-COT,SERVICIO DE SALUD METROPOLITANO SUR HOSP,2026-09-24 08:31,2026-09-28 15:30,1.0,7058775,4,,Publicada,/v2/compra-agil/2069-2594-COT26
692235-20-COT26,Salud e Insumos Médicos,Insumos clínicos dentales para en Centro de Salud Estudiantil ,UNIVERSIDAD METROPOLITANA DE CIENCIAS DE LA EDUCACION,2026-08-25 16:06,2026-09-28 16:00,1.0,2000000,9,,Publicada,/v2/compra-agil/692235-20-COT26
2734-623-COT26,Salud e Insumos Médicos," Contratación de servicio especializado de diagnóstico, análisis de riesgos y asesoría en seguridad para 6 establecimientos del Departamento de Salud de Peñaflor.",I MUNICIPALIDAD DE PENAFLOR,2026-09-26 17:25,2026-09-28 18:00,1.1,2110000,0,,Publicada,/v2/compra-agil/2734-623-COT26
1431841-1021-COT26,Salud e Insumos Médicos,DESAL - SM 7061 - SOMATROPINA PARA DEPARTAMENTO DE SALUD ,MUNICIPALIDAD DE RECOLETA,2026-09-04 11:34,2026-09-29 06:30,1.6,6930560,2,,Publicada,/v2/compra-agil/1431841-1021-COT26
1271356-113-COT26,Salud e Insumos Médicos,MEMO87-83/ CUIDADOS PREVENTIVOS Y TRATAMIENTO/ SALUD,Salud,2026-09-25 16:17,2026-09-29 08:00,1.7,7172100,0,,Publicada,/v2/compra-agil/1271356-113-COT26
2682-307-COT26,Salud e Insumos Médicos,Implementos AGL Saludablemente,I MUNICIPALIDAD DE INDEPENDENCIA,2026-09-25 10:36,2026-09-29 08:30,1.7,2000000,0,,Publicada,/v2/compra-agil/2682-307-COT26
2766-212-COT26,Salud e Insumos Médicos,ADQUISICIÓN DE PREMIOS PARA ACTIVIDADES SALUD LA CISTERNA,I MUNICIPALIDAD DE LA CISTERNA,2026-09-25 16:32,2026-09-29 12:00,1.8,3455000,0,,Publicada,/v2/compra-agil/2766-212-COT26
4776-362-COT26,Salud e Insumos Médicos,Adquisición de elementos de Protección Radiológica   Centro de Salud CAPREDENA Santiago,CAJA DE PREVISION DE LA DEFENSA NACIONAL,2026-09-24 11:12,2026-09-29 11:15,1.8,5000000,0,,Publicada,/v2/compra-agil/4776-362-COT26
1058087-552-COT26,Salud e Insumos Médicos, ADQUISICIÓN DE MATERIAS PRIMAS FARMACÉUTICAS PARA ELABORACIÓN Y/O PREPARACIÓN DE MEDICAMENTOS: TACROLIMUS MONOHIDRATO USP,SERVICIO DE SALUD ORIENTE HOSPITAL LUIS CALVO MACKENNA,2026-09-24 08:32,2026-09-29 12:00,1.8,3000000,0,,Publicada,/v2/compra-agil/1058087-552-COT26
1057486-142-COT26,Salud e Insumos Médicos,CURSO TALLER: ACTUALIZACIÓN NORMATIVA QUE RIGE EL SISTEMA DE PAGO REMUNERACIONES DEL SECTOR PÚBLICO DE SALUD,DIRECCION SERVICIO SALUD METROPOLITANO O,2026-09-23 16:02,2026-09-29 11:00,1.8,5000000,0,,Publicada,/v2/compra-agil/1057486-142-COT26
757-407-COT26,Salud e Insumos Médicos,DIPOL SERVICIO DE ALOJAMIENTO PARA CURSO SERNAGEOMIN para fiscalizadores de Seremis de Salud ,SUBSECRETARIA DE SALUD PUBLICA,2026-09-23 12:17,2026-09-29 12:00,1.8,7000000,0,,Publicada,/v2/compra-agil/757-407-COT26
1532192-16-COT26,Salud e Insumos Médicos,Kit Glucometro y tensiometro digital para Farmacia Comunitaria,DEPARTAMENTO DE SALUD MUNICIPAL,2026-09-23 08:36,2026-09-29 14:30,1.9,2357000,0,,Publicada,/v2/compra-agil/1532192-16-COT26
761391-862-COT26,Salud e Insumos Médicos, EE/ ADQUISICIÓN DE PRODUCTOS FARMACEUTICOS PARA ENFERMERIA DE ALUMNOS,Comando de Personal,2026-09-24 14:39,2026-09-29 16:30,2.0,2500000,0,,Publicada,/v2/compra-agil/761391-862-COT26
748201-259-COT26,Salud e Insumos Médicos,Adquisición de Insumos para Farmacia Santiago con Despacho diferido (CITRIX 599259) Ver anexo antes de ofertar,CAJA DE PREVISION DE LA DEFENSA NACIONAL,2026-09-23 11:41,2026-09-30 08:00,2.7,6929406,0,,Publicada,/v2/compra-agil/748201-259-COT26
564953-733-COT26,Salud e Insumos Médicos,SERVICIO DE PROVISIÓN DE DEGUSTACIONES SALUDABLES - CESFAM ARIZTIA,CORP DE EDUCACION Y SALUD DE LAS CONDES,2026-09-21 10:00,2026-09-30 12:30,2.8,1100000,1,,Publicada,/v2/compra-agil/564953-733-COT26
2274-56-COT26,Salud e Insumos Médicos,“SERVICIO DE MANTENCIÓN DE BOTONES DE PANICO Y RELOJ BEEPER PARA LA RED DE SALUD COMUNAL”EXP.8658 C. AGIL 47,I MUNICIPALIDAD DE LA PINTANA,2026-09-25 15:40,2026-09-30 15:00,2.9,4000000,0,,Publicada,/v2/compra-agil/2274-56-COT26
748201-258-COT26,Salud e Insumos Médicos,"Adquisición de Fármacos para Farmacia Valparaíso, Santiago y Limache (CITRIX 59926, 59927, 59928) Ver anexos adjuntos antes de ofertar",CAJA DE PREVISION DE LA DEFENSA NACIONAL,2026-09-23 10:49,2026-09-30 16:00,3.0,1859458,3,,Publicada,/v2/compra-agil/748201-258-COT26
1274189-426-COT26,Salud e Insumos Médicos,FICHERO COMUNAL PARA RESGUARDO DE FICHAS CLINICAS - Dirección de Salud - Solic nro - 0420,CORPORACION DE DESARROLLO SOCIAL DE BUIN,2026-09-16 16:23,2026-10-01 14:53,3.9,7156520,2,,Publicada,/v2/compra-agil/1274189-426-COT26
711841-76-COT26,Servicios Profesionales y Consultorías,E67218 Apoyo a capacitación focalización,SUBSECRETARIA DE SERVICIOS SOCIALES,2026-09-25 10:12,2026-09-28 09:00,0.7,300000,0,SI,Publicada,/v2/compra-agil/711841-76-COT26
1230869-129-COT26,Servicios Profesionales y Consultorías,CONTRATACIÓN DE CAPACITACIÓN,Corporación Cultural de La Florida,2026-09-25 10:03,2026-09-28 09:30,0.7,354000,0,SI,Publicada,/v2/compra-agil/1230869-129-COT26
918434-250-COT26,Servicios Profesionales y Consultorías,"D4776 Capacitación-Acompañamiento grupal denominado: “Normativa, cálculo de bonos y procedimiento de postulación para el incentivo al retiro” Modalidad E-Learning, Nivel Central.",MINISTERIO DE LA MUJER Y LA EQUIDAD DE GÉNERO,2026-09-21 17:03,2026-09-28 09:30,0.7,1200000,0,SI,Publicada,/v2/compra-agil/918434-250-COT26
2422-612-COT26,Servicios Profesionales y Consultorías,solicitud  945967 capacitación orientada al fortalecimiento  de competencias para la atención psicosocial  se adjuntan bases técnicas de lo requerido ,I MUNICIPALIDAD DE PUENTE ALTO,2026-09-25 12:55,2026-09-28 11:00,0.8,5000000,0,SI,Publicada,/v2/compra-agil/2422-612-COT26
2407-582-COT26,Servicios Profesionales y Consultorías,Capacitación: CURSO SISTEMA DE REMUNERACIONES MUNICIPALES - SP 533,I MUNICIPALIDAD DE RENCA,2026-09-24 17:02,2026-09-28 11:30,0.8,400000,0,SI,Publicada,/v2/compra-agil/2407-582-COT26
799595-80-COT26,Servicios Profesionales y Consultorías,CONTRATACION DE SERVICIO DE CAPACITACIÓN EN GESTIÓN INTEGRAL DE RESIDUOS Y ECONOMÍA CIRCULAR MINDEP,SUBSECRETARIA DEL DEPORTE,2026-09-24 16:12,2026-09-28 12:00,0.8,500000,0,SI,Publicada,/v2/compra-agil/799595-80-COT26
1057503-2463-COT26,Servicios Profesionales y Consultorías,Memo Nº110(16.09.26) capacitación. Curso apoyo vital avanzado pediátrico PALS,HOSPITAL PADRE ALBERTO HURTADO,2026-09-22 13:02,2026-09-28 12:00,0.8,1760000,0,SI,Publicada,/v2/compra-agil/1057503-2463-COT26
1057503-2462-COT26,Servicios Profesionales y Consultorías,Memo Nº124(16.09.26) capacitación. Curso competencias técnicas en anatomía patológica,HOSPITAL PADRE ALBERTO HURTADO,2026-09-22 12:52,2026-09-28 12:00,0.8,900000,0,SI,Publicada,/v2/compra-agil/1057503-2462-COT26
1057503-2461-COT26,Servicios Profesionales y Consultorías,Memo Nº123(16.09.26) capacitación curso actualización de enfermería nefrológica,HOSPITAL PADRE ALBERTO HURTADO,2026-09-22 12:49,2026-09-28 12:00,0.8,1040000,0,SI,Publicada,/v2/compra-agil/1057503-2461-COT26
776-222-COT26,Servicios Profesionales y Consultorías,rrv- Capacitación Certificado Profesional en Agentic AI,PRESIDENCIA DE LA REPUBLICA,2026-09-25 12:35,2026-09-28 13:30,0.9,1390000,0,SI,Publicada,/v2/compra-agil/776-222-COT26
5013-33-COT26,Servicios Profesionales y Consultorías,CURSO DE CAPACITACION ,Ejercito de Chile,2026-09-24 15:22,2026-09-28 15:00,0.9,328000,0,SI,Publicada,/v2/compra-agil/5013-33-COT26
2735-1140-COT26,Servicios Profesionales y Consultorías,Capacitación para Reformulación del Proyecto Educativo Institucional 2027–2031,I MUNICIPALIDAD LO BARNECHEA,2026-09-14 17:27,2026-09-28 16:15,1.0,6000000,6,,Publicada,/v2/compra-agil/2735-1140-COT26
2483-445-COT26,Servicios Profesionales y Consultorías,"Adquisición de servicio de capacitación (SAD) para el programa ""Red Local de Apoyos y Cuidados"".",I MUNICIPALIDAD DE QUILICURA,2026-09-24 17:26,2026-09-29 10:00,1.7,2100000,0,,Publicada,/v2/compra-agil/2483-445-COT26
2020-187-COT26,Servicios Profesionales y Consultorías,CURSO DE CAPACITACIÓN AVANZADO DE DISEÑO DE CONTENIDOS DIGITALES,Biblioteca del Congreso Nacional,2026-09-24 15:57,2026-09-29 10:00,1.7,1500000,0,,Publicada,/v2/compra-agil/2020-187-COT26
2020-186-COT26,Servicios Profesionales y Consultorías,CURSO DE CAPACITACIÓN PARA 4 FUNCIONARIOS DE LA BCN,Biblioteca del Congreso Nacional,2026-09-24 15:22,2026-09-29 10:00,1.7,690000,0,,Publicada,/v2/compra-agil/2020-186-COT26
5178-4635-COT26,Servicios Profesionales y Consultorías,SERVICIO DE CONSULTORIA DE DIAGNOSTICO/SP 1067716/EG,UNIVERSIDAD DE CHILE,2026-09-04 15:57,2026-09-29 09:00,1.7,6800000,3,,Publicada,/v2/compra-agil/5178-4635-COT26
857-59-COT26,Servicios Profesionales y Consultorías,CURSO DE CAPACITACIÓN “GESTOR E INCLUSIÓN LABORAL DE PERSONAS CON DISCAPACIDAD - ACREDITACIÓN,SERVICIO NACIONAL DE LA DISCAPACIDAD,2026-09-25 11:41,2026-09-29 12:00,1.8,1800000,0,,Publicada,/v2/compra-agil/857-59-COT26
1129525-126-COT26,Servicios Profesionales y Consultorías,Servicio de Capacitación “Gestión de información y trabajo colaborativo con Microsoft 365”,SUBSECRETARIA DEL MINISTERIO DE EDUCACION PUBLICA,2026-09-25 13:34,2026-09-29 15:00,1.9,7000000,0,,Publicada,/v2/compra-agil/1129525-126-COT26
926-44-COT26,Servicios Profesionales y Consultorías,CONTRATACIÓN DE CURSO DE CAPACITACIÓN DE “GESTIÓN DE PROYECTOS PÚBLICOS”,DIRECTORIO DE TRANSPORTE DE SANTIAGO,2026-09-22 14:45,2026-09-29 14:00,1.9,3000000,0,,Publicada,/v2/compra-agil/926-44-COT26
757-402-COT26,Servicios Profesionales y Consultorías,GABSSP COMPIN SERVICIO DE CAPACITACIÓN “CÁLCULO DE SUBSIDIOS POR INCAPACIDAD LABORAL ASOCIADO AL PERMISO POSTNATAL PARENTAL (PPP),SUBSECRETARIA DE SALUD PUBLICA,2026-09-21 17:43,2026-09-29 15:00,1.9,1500000,0,,Publicada,/v2/compra-agil/757-402-COT26
1750-68-COT26,Servicios Profesionales y Consultorías,Capacitación Liderazgo efectivo para jefaturas del Servicio Civil ,DIRECCION NACIONAL DEL SERVICIO CIVIL,2026-09-22 15:14,2026-09-29 16:00,2.0,5000000,0,,Publicada,/v2/compra-agil/1750-68-COT26
904280-15-COT26,Servicios Profesionales y Consultorías,SERVICIO PROFESIONAL FUSION DE TERRENOS EN LOS VILOS - REGIÓN DE COQUIMBO,DIRECCION DE LOGISTICA DE CARABINEROS,2026-09-25 18:13,2026-09-29 18:30,2.1,3000000,0,,Publicada,/v2/compra-agil/904280-15-COT26
904280-14-COT26,Servicios Profesionales y Consultorías,SERVICIO PROFESIONAL FUSION DE TERRENOS EN PEÑABLANCA - REGIÓN DE VALPARAÍSO,DIRECCION DE LOGISTICA DE CARABINEROS,2026-09-25 18:03,2026-09-29 18:30,2.1,7000000,0,,Publicada,/v2/compra-agil/904280-14-COT26
4931-92-COT26,Servicios Profesionales y Consultorías,"Servicio de capacitación “Administración de la Compensación en un sistema de grados basado en Metodología HAY”, dirigido a 2 profesionales del Área de Gestión de Personas de la Comisión Ingresa.",COMISION ADMINISTRADORA DEL SISTEMA DE CREDITOS P. ESTUDIOS SUPERIORES,2026-09-24 13:46,2026-09-30 10:00,2.7,2000000,0,,Publicada,/v2/compra-agil/4931-92-COT26
918434-252-COT26,Servicios Profesionales y Consultorías,"D4765 Capacitación Inteligencia Artificial (IA), análisis de datos y transformación digital.  AGDP",MINISTERIO DE LA MUJER Y LA EQUIDAD DE GÉNERO,2026-09-23 10:09,2026-09-30 10:00,2.7,500000,0,,Publicada,/v2/compra-agil/918434-252-COT26
918434-258-COT26,Servicios Profesionales y Consultorías,"D4851 Capacitación- Acompañamiento grupal denominado: “Técnicas de comunicación verbal, escrita y redacción” Modalidad E-Learning Sincrónico, Nivel Central. AGDP",MINISTERIO DE LA MUJER Y LA EQUIDAD DE GÉNERO,2026-09-25 14:56,2026-09-30 10:45,2.8,600000,0,,Publicada,/v2/compra-agil/918434-258-COT26
4099-149-COT26,Servicios Profesionales y Consultorías,"Curso de Capacitación modalidad 100% online, mediante plataforma virtual.",I MUNICIPALIDAD DE MARIA PINTO,2026-09-25 10:52,2026-09-30 10:30,2.8,500000,0,,Publicada,/v2/compra-agil/4099-149-COT26
1186229-109-COT26,Servicios Profesionales y Consultorías,Adquisición del Servicio de Capacitación ,SERVICIO DE REGISTRO CIVIL E IDENTIFICACION,2026-09-25 16:00,2026-10-01 11:00,3.8,6850000,0,,Publicada,/v2/compra-agil/1186229-109-COT26
1750-71-COT26,Servicios Profesionales y Consultorías,"Servicios de Capacitación Especializada: ""Diseño, Virtualización y Desarrollo de Cursos e-Learning en Formato Articulate Storyline 360""",DIRECCION NACIONAL DEL SERVICIO CIVIL,2026-09-25 15:41,2026-10-02 15:00,4.9,3000000,0,,Publicada,/v2/compra-agil/1750-71-COT26
1274285-112-COT26,Servicios Profesionales y Consultorías,Capacitación cerrada en CIF para equipo de Rehabilitación ,CORSABER,2026-09-15 08:44,2026-10-02 14:01,4.9,2230500,6,,Publicada,/v2/compra-agil/1274285-112-COT26
1232911-58-COT26,Servicios Profesionales y Consultorías,15 CURSOS DE CAPACITACION ONLINE ,Corporación Municipal de Deportes de Colina,2026-09-25 09:26,2026-10-07 09:30,9.7,700000,0,,Publicada,/v2/compra-agil/1232911-58-COT26
5067-2300-COT26,Tecnología e Informática,"Sol. 93275 cc 97, Fac. de Química y Biología, Notebook",UNIVERSIDAD DE SANTIAGO DE CHILE,2026-09-25 17:53,2026-09-27 18:00,0.1,1500000,0,SI,Publicada,/v2/compra-agil/5067-2300-COT26
5441-449-COT26,Tecnología e Informática,PMA 46743 Adquisición de licencia Adobe Creative Cloud for Teams ALL – suscripción anual,UNIVERSIDAD DE CHILE,2026-09-27 01:29,2026-09-28 01:30,0.4,441490,0,SI,Publicada,/v2/compra-agil/5441-449-COT26
1227338-146-COT26,Tecnología e Informática,Licencia Exhibición Película,CORPORACION CULTURAL DE PENALOLEN,2026-09-22 17:42,2026-09-28 02:17,0.4,200000,0,SI,Publicada,/v2/compra-agil/1227338-146-COT26
1456837-49-COT26,Tecnología e Informática,Adquisición de un (1) escaner y dos (2) proyectores portátiles,SERVICIO LOCAL DE EDUCACIÓN PÚBLICA LA QUEBRADA,2026-09-25 11:30,2026-09-28 07:00,0.6,1260000,0,SI,Publicada,/v2/compra-agil/1456837-49-COT26
1393495-903-COT26,Tecnología e Informática,SC-56622/9887-6/SUBV. GENERAL/ADQ. MATERIAL PEDAGOGICO - TECNOLOGICO/ARG,Educación,2026-09-25 08:49,2026-09-28 07:55,0.6,354915,0,SI,Publicada,/v2/compra-agil/1393495-903-COT26
867990-584-COT26,Tecnología e Informática,Adquisición de notebook y proyector multimedia,UNIVERSIDAD DE SANTIAGO DE CHILE,2026-09-25 15:52,2026-09-28 10:00,0.7,4435242,0,SI,Publicada,/v2/compra-agil/867990-584-COT26
4499-142-COT26,Tecnología e Informática,Adquisición de etiquetas adhesivas DK 1209 para impresora Brother QL-800,I MUNICIPALIDAD DE SAN PEDRO,2026-09-25 15:09,2026-09-28 08:30,0.7,550000,0,SI,Publicada,/v2/compra-agil/4499-142-COT26
4499-141-COT26,Tecnología e Informática,"Adquisición de Ribbon YMCKO 250I, compatible con Impresora modelo Solid 310D",I MUNICIPALIDAD DE SAN PEDRO,2026-09-25 14:59,2026-09-28 09:30,0.7,455000,0,SI,Publicada,/v2/compra-agil/4499-141-COT26
2422-611-COT26,Tecnología e Informática,"SOL. 945947, IMPRESORA MULTIFUNCIONAL",I MUNICIPALIDAD DE PUENTE ALTO,2026-09-25 12:47,2026-09-28 09:00,0.7,219990,0,SI,Publicada,/v2/compra-agil/2422-611-COT26
2268-148-COT26,Tecnología e Informática,Servicio de adquisición de “Licencia Elementor Pro Advanced (3 sitios)  por 1 año disponibilidad inmediata.”,CENTRAL DE ABASTECIMIENTO DEL SISTEMA NACIONAL DE SERVICIO DE SALUD,2026-09-25 11:53,2026-09-28 08:00,0.7,150000,0,SI,Publicada,/v2/compra-agil/2268-148-COT26
5251-985-COT26,Tecnología e Informática,INSUMOS TECNOLÓGICOS PROGRAMA “TUTORÍAS EN ACCIÓN CLIMÁTICA TERRITORIAL”,UNIVERSIDAD TECNOLOGICA METROPOLITANA,2026-09-25 10:27,2026-09-28 10:00,0.7,3700000,0,SI,Publicada,/v2/compra-agil/5251-985-COT26
5178-4859-COT26,Tecnología e Informática,LICENCIA PRO TOOL STUDIO SOFTWARE Y PRO TOOL STUDIO/SP 1065378 KS,UNIVERSIDAD DE CHILE,2026-09-25 10:10,2026-09-28 09:00,0.7,450000,0,SI,Publicada,/v2/compra-agil/5178-4859-COT26
2432-721-COT26,Tecnología e Informática,Sol. 596-ADMUN-1 licencia Adobe Creative Cloud Pro suscripción anual-MAXIMILIANO GARATE,I MUNICIPALIDAD ESTACION CENTRAL,2026-09-25 08:51,2026-09-28 09:00,0.7,535500,0,SI,Publicada,/v2/compra-agil/2432-721-COT26
218-535-COT26,Tecnología e Informática,HERRAMIENTAS Y MATERIALES PARA DEPARTAMENTO DE INFORMÁTICA,I MUNICIPALIDAD SAN JOAQUIN,2026-09-24 16:36,2026-09-28 10:00,0.7,650000,0,SI,Publicada,/v2/compra-agil/218-535-COT26
1214102-1234-COT26,Tecnología e Informática,(DGC) REPUESTO PARA IMPRESORA ,CORP MUNICIPAL DE DESARROLLO SOCIAL DE PUDAHUEL,2026-09-24 16:29,2026-09-28 08:00,0.7,300000,0,SI,Publicada,/v2/compra-agil/1214102-1234-COT26
2403-800-COT26,Tecnología e Informática,"Adquisición de Insumos Varios, Hardware, Cables y Accesorios Informáticos.",I MUNICIPALIDAD DE PENALOLEN,2026-09-24 16:19,2026-09-28 08:00,0.7,6100000,0,SI,Publicada,/v2/compra-agil/2403-800-COT26
1425525-40-COT26,Tecnología e Informática,ADQUISICION DE IMPRESORA LASER MONOCROMATICA Y ESCANER ALTO RENDIMIENTO,AGENCIA NACIONAL DE CIBERSEGURIDAD,2026-09-24 15:50,2026-09-28 09:00,0.7,1500000,0,SI,Publicada,/v2/compra-agil/1425525-40-COT26
2792-847-COT26,Tecnología e Informática,SERVIDOR VIRTUAL PARA CONTINUIDAD DE SISTEMAS INFORMÁTICOS DE DESARROLLOS INTERNOS DE SALUD HUECHURABA,Iluste Municipalidad de Huechuraba,2026-09-24 15:24,2026-09-28 08:00,0.7,2200000,0,SI,Publicada,/v2/compra-agil/2792-847-COT26
1020-152-COT26,Tecnología e Informática,ADQUISICIÓN RENOVACIÓN LICENCIA DE VIDEOCONFERENCIA ZOOM PRO 1 HOST O EQUIVALENTE PARA EL MINISTERIO DE OBRAS PÚBLICAS,MINISTERIO DE OBRAS PUBLICAS DIREC CION GRAL DE OO PP DCYF,2026-09-24 11:05,2026-09-28 10:00,0.7,1700000,0,SI,Publicada,/v2/compra-agil/1020-152-COT26
5733-77-COT26,Tecnología e Informática,Notebook profesional 32GB RAM,UNIVERSIDAD DE CHILE,2026-09-24 11:04,2026-09-28 10:00,0.7,2400000,0,SI,Publicada,/v2/compra-agil/5733-77-COT26
1222283-32-COT26,Tecnología e Informática,RENOVACIÓN DE LICENCIAS ZOOM SOFTWARE,ACADEMIA NACIONAL DE ESTUDIOS POLITICOS Y ESTRATEGICOS,2026-09-23 16:53,2026-09-28 10:00,0.7,6500000,0,SI,Publicada,/v2/compra-agil/1222283-32-COT26
5482-128-COT26,Tecnología e Informática,SOPORTE MONITORES Y NOTEBOOK.,I MUNICIPALIDAD DE NUNOA,2026-09-23 13:29,2026-09-28 10:00,0.7,2500000,0,SI,Publicada,/v2/compra-agil/5482-128-COT26
4931-91-COT26,Tecnología e Informática,Licencias GitHub Team,COMISION ADMINISTRADORA DEL SISTEMA DE CREDITOS P. ESTUDIOS SUPERIORES,2026-09-23 10:03,2026-09-28 10:00,0.7,331054,0,SI,Publicada,/v2/compra-agil/4931-91-COT26
612-186-COT26,Tecnología e Informática,Desarrollo e implementación de solución tecnológica para la modernización del Sistema de Gestión de Plaguicidas y Portal de Gestión e Intercambio de Datos.,SERVICIO AGRICOLA Y GANADERO,2026-09-22 17:00,2026-09-28 10:00,0.7,7172100,0,SI,Publicada,/v2/compra-agil/612-186-COT26
744835-570-COT26,Tecnología e Informática,CURSO LICENCIA DE CONDUCIR CLASE A3,I MUNICIPALIDAD DE LO ESPEJO,2026-09-16 09:28,2026-09-28 08:31,0.7,350000,0,SI,Publicada,/v2/compra-agil/744835-570-COT26
2407-572-COT26,Tecnología e Informática, BATERÍA Y CARGADOR PARA NOTEBOOK PROGRAMA MUJERES JEFAS DE HOGAR SP FE 152 ID 273308,I MUNICIPALIDAD DE RENCA,2026-09-15 15:35,2026-09-28 10:00,0.7,216490,3,,Publicada,/v2/compra-agil/2407-572-COT26
867990-455-COT26,Tecnología e Informática,Adquisición de Computador e insumos computacionales,UNIVERSIDAD DE SANTIAGO DE CHILE,2026-08-25 10:56,2026-09-28 10:00,0.7,5518000,11,,Publicada,/v2/compra-agil/867990-455-COT26
519302-83-COT26,Tecnología e Informática,ADQUISICIÓN LICENCIAS DE MICROSOFT OFFICE 2024 HOME/BUSINESS PERPETUA ,INSTITUTO NACIONAL DE PROPIEDAD INDUSTRIAL,2026-09-25 10:50,2026-09-28 12:00,0.8,7100000,0,SI,Publicada,/v2/compra-agil/519302-83-COT26
5504-323-COT26,Tecnología e Informática,Proyectores y escaners,UNIVERSIDAD DE CHILE,2026-09-25 10:36,2026-09-28 12:00,0.8,2610000,0,SI,Publicada,/v2/compra-agil/5504-323-COT26
4928-59-COT26,Tecnología e Informática,ADQUISICIÓN DE 06 IMPRESORAS MULTIFUNCIONALES PARA CHAÑARAL ALTO Y PAIHUANO,DIRECCION DE LOGISTICA DE CARABINEROS,2026-09-24 12:24,2026-09-28 12:00,0.8,3862031,0,SI,Publicada,/v2/compra-agil/4928-59-COT26
727865-77-COT26,Tecnología e Informática,ADQUISICIÓN DE LICENCIAS DIGITALES PARA EL CEDOC,Jefatura Adm. y Log. Campo Militar La Reina,2026-09-23 17:15,2026-09-28 11:50,0.8,1392000,0,SI,Publicada,/v2/compra-agil/727865-77-COT26
1230869-130-COT26,Tecnología e Informática, ADQUISICIÓN DE  IMPRESORA,Corporación Cultural de La Florida,2026-09-25 16:39,2026-09-28 15:00,0.9,20000,0,SI,Publicada,/v2/compra-agil/1230869-130-COT26
2793-853-COT26,Tecnología e Informática,EQUIPOS INFORMATICOS - PROGRAMA FAMILIAS,Iluste Municipalidad de Huechuraba,2026-09-25 13:10,2026-09-28 15:00,0.9,2000000,1,,Publicada,/v2/compra-agil/2793-853-COT26
4127-119-COT26,Tecnología e Informática,PPTO. 01 Licencia Power BI Pro - Suscripción Anual,SUBSECRETARIA DE REDES ASISTENCIALES,2026-09-25 11:07,2026-09-28 13:00,0.9,3500000,0,SI,Publicada,/v2/compra-agil/4127-119-COT26
1436733-82-COT26,Tecnología e Informática,ADQUISICIÓN DE EQUIPOS PERIFÉRICOS Y DE REDES PARA LA RENOVACIÓN DEL PARQUE TECNOLÓGICO Y ESTABLIZACIÓN DE REDES DE LOS ESTABLECIMIENTOS EDUCACIONALES,Servicio Local de Educación Pública de Los Liberta,2026-09-24 16:43,2026-09-28 13:00,0.9,6047737,0,SI,Publicada,/v2/compra-agil/1436733-82-COT26
1493149-52-COT26,Tecnología e Informática,ADQUISICIÓN DE IMPRESORA 3D,UNIVERSIDAD METROPOLITANA DE CIENCIAS DE LA EDUCAC,2026-09-24 10:46,2026-09-28 14:00,0.9,950000,0,SI,Publicada,/v2/compra-agil/1493149-52-COT26
1339159-110-COT26,Tecnología e Informática,ADQUISICIÓN DE SOFTWARE PARA CORRECCIÓN DE PRUEBAS CON MÓDULOS PAES Y SIMCE,Servicio Local de Educación Pública Santa Rosa,2026-09-24 10:23,2026-09-28 15:00,0.9,1700000,0,SI,Publicada,/v2/compra-agil/1339159-110-COT26
14-36-COT26,Tecnología e Informática, SIC 324// LICENCIAS SDTI,INSTITUTO NACIONAL DE ESTADISTICAS,2026-09-25 11:20,2026-09-28 16:30,1.0,5034000,0,,Publicada,/v2/compra-agil/14-36-COT26
1457282-126-COT26,Tecnología e Informática,Insumos y accesorios tecnológicos TI,CORPORACION CENTRO CULTURAL GABRIELA MISTRAL,2026-09-24 09:56,2026-09-28 17:00,1.0,1000000,0,,Publicada,/v2/compra-agil/1457282-126-COT26
761-172-COT26,Tecnología e Informática,Refuerza estructura en Rack informático y confecciona techo adosado a Rack para prever y proteger de agua. (E4351/2026)					,SUBSECRETARIA DE DESARROLLO REGIONAL Y ADMINISTRATIVO,2026-09-21 10:23,2026-09-28 16:00,1.0,1000000,0,SI,Publicada,/v2/compra-agil/761-172-COT26
1121-66-COT26,Tecnología e Informática,Comprar 2 discos duros para servidor HP,COMISIÓN CHILENA DEL COBRE ,2026-09-25 18:25,2026-09-29 10:00,1.7,400000,0,,Publicada,/v2/compra-agil/1121-66-COT26
1509-173-COT26,Tecnología e Informática,ADQUISICION DE IMPRESORA ETIQUETADORA Y ROTULADORA,SERVICIO DE SALUD METROPOLITANO NORTE HOSPITAL DE TIL TIL,2026-09-25 15:56,2026-09-29 10:00,1.7,1500000,0,,Publicada,/v2/compra-agil/1509-173-COT26
4499-139-COT26,Tecnología e Informática,Adquisición de Computadores All In One,I MUNICIPALIDAD DE SAN PEDRO,2026-09-25 12:16,2026-09-29 09:15,1.7,1600000,0,,Publicada,/v2/compra-agil/4499-139-COT26
4499-138-COT26,Tecnología e Informática,"Adquisición de Impresoras a Color y Monocromáticas, para Departamento de Salud",I MUNICIPALIDAD DE SAN PEDRO,2026-09-25 11:50,2026-09-29 09:00,1.7,3400000,0,,Publicada,/v2/compra-agil/4499-138-COT26
1271356-112-COT26,Tecnología e Informática,MEMO 16/ LICENCIAS/DIRESALUD,Salud,2026-09-25 11:11,2026-09-29 08:00,1.7,140000,0,,Publicada,/v2/compra-agil/1271356-112-COT26
1450521-86-COT26,Tecnología e Informática,CECIPU - mantención/reparación y cambio de pieza de impresora HP Color LaserJet MFP 5800,SUBSECRETARÍA DE SEGURIDAD PÚBLICA,2026-09-25 10:41,2026-09-29 10:00,1.7,1300000,0,,Publicada,/v2/compra-agil/1450521-86-COT26
2296-585-COT26,Tecnología e Informática," ADQUISICIÓN DE COMPUTADORES ALL IN ONE | ""MEJORAMIENTO PARQUE LAS AMÉRICAS"", COD BIP 30366823-0, REX 2163",I MUNICIPALIDAD DE CONCHALI,2026-09-24 13:22,2026-09-29 08:30,1.7,1310294,0,,Publicada,/v2/compra-agil/2296-585-COT26
1057499-286-COT26,Tecnología e Informática,ADQUISICIÓN DE LICENCIAS PARA REALIZAR CURSOS DISPONIBLES EN PLATAFORMA INTERNACIONAL DE APRENDIZAJE EN LINEA,SERVICIO DE SALUD SUR UNIDAD HOSPITALARI,2026-09-25 15:50,2026-09-29 11:30,1.8,7100000,0,,Publicada,/v2/compra-agil/1057499-286-COT26
3269-79-COT26,Tecnología e Informática,Maletín con ruedas para Notebook  S.A. 86,SERVICIO AEROFOTOGRAMETRICO DEL GENERAL JUAN SOLER MANFREDINI,2026-09-25 14:29,2026-09-29 11:00,1.8,150000,0,,Publicada,/v2/compra-agil/3269-79-COT26
867990-579-COT26,Tecnología e Informática,"“Adquisición de UPS, impresora 3D y switch de red”",UNIVERSIDAD DE SANTIAGO DE CHILE,2026-09-25 12:01,2026-09-29 12:00,1.8,2224374,0,,Publicada,/v2/compra-agil/867990-579-COT26
5431-79-COT26,Tecnología e Informática,Software de Coloreado ,UNIVERSIDAD DE CHILE,2026-09-25 08:36,2026-09-29 12:30,1.8,300000,0,,Publicada,/v2/compra-agil/5431-79-COT26
29-68-COT26,Tecnología e Informática,VMF - ADQ. NOTEBOOK SALA DE EXPOSICIONES DEL EDIFICIO CAMB - EMG (FORA),FUERZA AEREA DE CHILE COMANDO LOGISTICO,2026-09-23 15:50,2026-09-29 12:00,1.8,700000,0,,Publicada,/v2/compra-agil/29-68-COT26
757-408-COT26,Tecnología e Informática,"DIPOL  Adquisición de Certificado de Firma de Código (Code Signing Certificate) para software institucional ""Ponte de Pie"" anual extendible a cinco años",SUBSECRETARIA DE SALUD PUBLICA,2026-09-23 14:41,2026-09-29 11:00,1.8,1500000,0,,Publicada,/v2/compra-agil/757-408-COT26
1157-171-COT26,Tecnología e Informática,ADQUISICIÓN DE IMPRESORAS PLOTTER DE 36 PULGADAS,SERVICIO AGRICOLA Y GANADERO,2026-09-25 08:27,2026-09-29 14:00,1.9,3296000,0,,Publicada,/v2/compra-agil/1157-171-COT26
1562-95-COT26,Tecnología e Informática,Compra Licencia Comercial iText 5 - 36 meses,SERVICIO NACIONAL DE GEOLOGIA Y MINERIA,2026-09-24 14:29,2026-09-29 15:00,1.9,5233473,0,,Publicada,/v2/compra-agil/1562-95-COT26
3755-115-COT26,Tecnología e Informática,SOFTWARE ADOBE ACROBAT PRO FOR TEAMS ALL MULTIPLE PLATFORMS,FISCALIZACION Y CONTROL,2026-09-24 12:45,2026-09-29 14:00,1.9,4000000,0,,Publicada,/v2/compra-agil/3755-115-COT26
1431841-1063-COT26,Tecnología e Informática,"MUNICIPALIDAD-DIRECCION DE TRANSITO- LICENCIAS DE CONDUCIR-PACK DE 2 COMPUTADORES WINDOW 11 PRO, DEMAS DETALLES ADJUNTOS-SMN 45475-hgacitua@recoleta.cl",MUNICIPALIDAD DE RECOLETA,2026-09-10 18:22,2026-09-29 13:41,1.9,1200000,22,,Publicada,/v2/compra-agil/1431841-1063-COT26
1750-70-COT26,Tecnología e Informática,"ADQUISICIÓN DE PERIFÉRICOS, ACCESORIOS DE CONECTIVIDAD, HERRAMIENTAS DE LABORATORIO E INSUMOS TECNOLÓGICOS",DIRECCION NACIONAL DEL SERVICIO CIVIL,2026-09-25 12:21,2026-09-29 16:00,2.0,4500000,0,,Publicada,/v2/compra-agil/1750-70-COT26
1057486-138-COT26,Tecnología e Informática,Licencias Médicas Electrónicas,DIRECCION SERVICIO SALUD METROPOLITANO O,2026-09-16 17:15,2026-09-30 03:30,2.5,1000000,1,,Publicada,/v2/compra-agil/1057486-138-COT26
1016414-66-COT26,Tecnología e Informática,Curso Gestión de Licencias Médicas,CONSEJO NACIONAL DE TELEVISION,2026-09-25 12:11,2026-09-30 12:30,2.8,330000,0,,Publicada,/v2/compra-agil/1016414-66-COT26
2733-494-COT26,Tecnología e Informática,"SC 42376 / REPARACION Y MANTENCION DE IMPRESORAS, SOLICITADO POR ESCUELA SONIA PLAZA CASTRO.",I MUNICIPALIDAD DE PENAFLOR,2026-09-24 13:38,2026-09-30 11:30,2.8,160000,0,,Publicada,/v2/compra-agil/2733-494-COT26
559322-254-COT26,Tecnología e Informática,Insumos Impresora 3D,UNIVERSIDAD DE CHILE,2026-09-11 11:34,2026-10-03 14:53,5.9,450000,7,,Publicada,/v2/compra-agil/559322-254-COT26
885-370-COT26,"Vehículos, Combustible y Transporte",La Contraloría General de la República requiere contratar el servicio de mantención preventiva de 10.000 kilómetros para un vehículo institucional marca Toyota.,CONTRALORIA GENERAL DE LA REPUBLICA,2026-05-06 16:04,2026-05-13 09:30,-137.3,500000,1,,Publicada,/v2/compra-agil/885-370-COT26
1057492-887-COT26,"Vehículos, Combustible y Transporte"," A01S1350 CIRCUITO DE VENTILACION NEONATAL PARA INCUBADORA DE TRANSPORTE TROTTER TM, BLOQUE DE VENTILACIÓM MECÁNICA REUTILIZABLE.",HOSPITAL ORIENTE DR LUIS TISNE BROUSSE,2026-09-25 15:02,2026-09-27 15:07,-0.1,2000000,0,SI,Publicada,/v2/compra-agil/1057492-887-COT26
1431841-1083-COT26,"Vehículos, Combustible y Transporte",M-SMN°46023/Mantención preventiva vehículo municipal PPU GXSF-81/DIMAO-OO.GRD,MUNICIPALIDAD DE RECOLETA,2026-09-15 17:42,2026-09-27 14:20,-0.1,350000,1,,Publicada,/v2/compra-agil/1431841-1083-COT26
1079866-309-COT26,"Vehículos, Combustible y Transporte","ADQUISICION DE NEUMATICOS PARA EL PARQUE VEHÍCULAR DE LA ZONA STGO. OESTE, AÑO 2026.- DOE 262917942",SECCIÓN COMPRAS ZONA SANTIAGO OESTE,2026-09-25 15:25,2026-09-28 10:00,0.7,6751989,0,SI,Publicada,/v2/compra-agil/1079866-309-COT26
3658-458-COT26,"Vehículos, Combustible y Transporte","SERVICIO DE MANT PREVENTIVO PARA VEHICULO MUNICIPAL, SE ADJUNTA ARCHIVO CON LAS ESPECIFICACIONES",I MUNICIPALIDAD DE CALERA DE TANGO,2026-09-25 09:42,2026-09-28 08:30,0.7,600000,0,SI,Publicada,/v2/compra-agil/3658-458-COT26
711-182-COT26,"Vehículos, Combustible y Transporte",ADQUISICIÓN DE CURSO ESCALA UNICA DE SUELDOS FASE I Y II PARA 1 PARTICIPANTE DE LA SUBSECRETARÍA DE TRANSPORTES,SUBSECRETARIA DE TRANSPORTES,2026-09-25 09:03,2026-09-28 10:00,0.7,600000,0,SI,Publicada,/v2/compra-agil/711-182-COT26
5429-90-COT26,"Vehículos, Combustible y Transporte",Servicio de transporte de pasajeros - Semana Internacional UCHILE,UNIVERSIDAD DE CHILE,2026-09-24 18:04,2026-09-28 10:00,0.7,450000,0,SI,Publicada,/v2/compra-agil/5429-90-COT26
1751-31-COT26,"Vehículos, Combustible y Transporte",SERVICIO DE MANTENCIÓN DE VEHÍCULO INSTITUCIONAL DE LA COMISION NACIONAL DE SEGURIDAD DE TRÁNSITO,FISCALIZACION Y CONTROL,2026-09-23 11:15,2026-09-28 10:00,0.7,380000,0,SI,Publicada,/v2/compra-agil/1751-31-COT26
4201-570-COT26,"Vehículos, Combustible y Transporte",19 SOAP PARA VEHÍCULOS MUNICIPALES,I MUNICIPALIDAD DE CURACAVI,2026-09-25 15:21,2026-09-28 11:00,0.8,634810,0,SI,Publicada,/v2/compra-agil/4201-570-COT26
608897-111-COT26,"Vehículos, Combustible y Transporte",SUMINISTRO SERVICIO ARRIENDO DE VEHÍCULOS VISITAS A TERRENO FUNCIONARIOS DEL MINISTERIO DEL MEDIO,SUBSECRETARIA DEL MEDIO AMBIENTE,2026-09-23 18:29,2026-09-28 12:00,0.8,2000000,2,,Publicada,/v2/compra-agil/608897-111-COT26
761391-867-COT26,"Vehículos, Combustible y Transporte",BAEB-GTT/GUB/160/2026/PLF/ADQ. REPUESTOS VEHÍCULOS DE PASAJEROS.,Comando de Personal,2026-09-25 15:29,2026-09-28 13:00,0.9,2039086,0,SI,Publicada,/v2/compra-agil/761391-867-COT26
607-238-COT26,"Vehículos, Combustible y Transporte"," FILTROS DE ACEITE, COMBUSTIBLE Y AIRE PARA MAXUS G10",PARQUE METROPOLITANO DE SANTIAGO,2026-09-24 16:09,2026-09-28 15:00,0.9,205000,0,SI,Publicada,/v2/compra-agil/607-238-COT26
1588-72-COT26,"Vehículos, Combustible y Transporte",Servicio de mantención vehiculo,SERVICIO DE EVALUACION AMBIENTAL,2026-09-24 09:31,2026-09-28 15:00,0.9,2000000,4,,Publicada,/v2/compra-agil/1588-72-COT26
634-342-COT26,"Vehículos, Combustible y Transporte",EXP. N° 687 SERVICIO DE MANTENCIÓN POR PAUTA DE FABRICANTE PARA VEHÍCULO N° 157.,DIRECCION GENERAL DE GENDARMERIA DE CHIL,2026-09-23 16:59,2026-09-28 15:00,0.9,400000,1,,Publicada,/v2/compra-agil/634-342-COT26
2395-903-COT26,"Vehículos, Combustible y Transporte"," (Sol. Ped. 1066) Repatracion y Mantencion de Vehiculo HYNDAY H1 , Unidad de Movilización",I MUNICIPALIDAD PEDRO AGUIRRE CERDA,2026-09-23 13:25,2026-09-28 13:00,0.9,1600000,0,SI,Publicada,/v2/compra-agil/2395-903-COT26
618-47-COT26,"Vehículos, Combustible y Transporte",Reparaciones para el vehículo S.Wagon HYUNDAI TUCSON GL 2.0            ,CORPORACION DE FOMENTO DE LA PRODUCCION,2026-09-23 10:32,2026-09-28 15:00,0.9,550000,0,SI,Publicada,/v2/compra-agil/618-47-COT26
1019-147-COT26,"Vehículos, Combustible y Transporte","Neumáticos para todo terreno AT (All Terrain), de al menos 8 telas más servicio de instalación, alineación y balanceo.",MINISTERIO DE OBRAS PUBLICAS DIREC CION GRAL DE OO PP DCYF,2026-09-25 11:53,2026-09-28 16:00,1.0,2000000,0,SI,Publicada,/v2/compra-agil/1019-147-COT26
2701-677-COT26,"Vehículos, Combustible y Transporte","Neumáticos para camionetas de la Dirección de Seguridad Pública, requeridos por Talavecinos",I MUNICIPALIDAD DE TALAGANTE,2026-09-25 11:01,2026-09-28 16:00,1.0,1000000,0,SI,Publicada,/v2/compra-agil/2701-677-COT26
607-239-COT26,"Vehículos, Combustible y Transporte"," FILTROS DE ACEITE, COMBUSTIBLE Y AIRE PARA MAXUS T60",PARQUE METROPOLITANO DE SANTIAGO,2026-09-24 16:27,2026-09-28 16:00,1.0,175000,0,SI,Publicada,/v2/compra-agil/607-239-COT26
3326-531-COT26,"Vehículos, Combustible y Transporte","SERVICIO DE MANTENIMIENTO PREVENTIVO PARA EL VEHÍCULO FISCAL AC-2401, MARCA MITSUBISHI, MODELO ECLIPCE CROSS, AÑO 2025, DE CARGO DEL DPTO. PRESUPUESTO INSTITUCIONAL.",DIRECCION DE LOGISTICA DE CARABINEROS,2026-09-24 10:49,2026-09-28 15:30,1.0,260000,1,,Publicada,/v2/compra-agil/3326-531-COT26
538598-732-COT26,"Vehículos, Combustible y Transporte",Hospital Metropolitano: Kit inactivador viral para recolección y transporte de muestras virales + torula,HOSPITAL METROPOLITANO DE SANTIAGO,2026-09-23 18:36,2026-09-28 16:01,1.0,1000000,0,SI,Publicada,/v2/compra-agil/538598-732-COT26
3326-521-COT26,"Vehículos, Combustible y Transporte"," SERVICIO DE MANTENIMIENTO CORRECTIVO PARA EL VEHÍCULO FISCAL BL-725, MARCA SCANIA, MODELO K410C, AÑO 2025, DE CARGO DIRECCION DE EDUCACION DOCTRINA E HISTORIA.",DIRECCION DE LOGISTICA DE CARABINEROS,2026-09-21 15:01,2026-09-28 15:30,1.0,5000000,3,,Publicada,/v2/compra-agil/3326-521-COT26
2345-268-COT26,"Vehículos, Combustible y Transporte","ADQUISICIÓN E INSTALACIÓN DE CORTINAS ROLLER: ""PARA LA DIRECCIÓN DE TRANSITO y TRANSPORTE PUBLICO (DTTO) y LA DIRECCIÓN DE DESARROLLO COMUNITARIO (DECOM)"".",I MUNICIPALIDAD DE LAS CONDES,2026-09-26 16:32,2026-09-28 18:00,1.1,7158328,0,,Publicada,/v2/compra-agil/2345-268-COT26
1195104-127-COT26,"Vehículos, Combustible y Transporte",RENOVADOR DE PLÁSTICO PARA VEHÍCULO INSTITUCIONAL.,SERVICIO NACIONAL DE MIGRACIONES,2026-09-24 17:09,2026-09-28 23:59,1.3,150000,0,,Publicada,/v2/compra-agil/1195104-127-COT26
761-174-COT26,"Vehículos, Combustible y Transporte",Cambio pastillas de freno y rectificación de disco vehículo institucional placa patente SXBW-79 (3551/2026),SUBSECRETARIA DE DESARROLLO REGIONAL Y ADMINISTRATIVO,2026-09-24 17:30,2026-09-29 12:00,1.8,600000,0,,Publicada,/v2/compra-agil/761-174-COT26
2790-209-COT26,"Vehículos, Combustible y Transporte",SERVICIO DE VEHICULO CON CONDUCTOR-PROGRAMA MAIS,I MUNICIPALIDAD DE PAINE,2026-09-25 09:09,2026-09-29 15:00,1.9,1796412,0,,Publicada,/v2/compra-agil/2790-209-COT26
3620-244-COT26,"Vehículos, Combustible y Transporte",ARRIENDO DE VEHICULO,I MUNICIPALIDAD DE SAN JOSE DE MAIPO,2026-09-16 09:46,2026-09-29 14:26,1.9,4000000,2,,Publicada,/v2/compra-agil/3620-244-COT26
3326-532-COT26,"Vehículos, Combustible y Transporte"," SERVICIO DE MANTENIMIENTO PREVENTIVO PARA EL VEHÍCULO FISCAL VPC-188, MARCA CHEVROLET, MODELO TAHOE, AÑO 2022, DE CARGO DE CARABINEROS DE CHILE.",DIRECCION DE LOGISTICA DE CARABINEROS,2026-09-25 10:55,2026-09-29 15:30,2.0,1000000,0,,Publicada,/v2/compra-agil/3326-532-COT26
621923-18-COT26,"Vehículos, Combustible y Transporte",Adquisición de Repuestos Originales para vehículos ,Ejercito de Chile,2026-09-23 15:29,2026-09-29 17:00,2.0,286790,0,,Publicada,/v2/compra-agil/621923-18-COT26
3326-528-COT26,"Vehículos, Combustible y Transporte"," SERVICIO DE MANTENIMIENTO CORRECTIVO PARA LOS VEHÍCULOS FISCALES VL-128 Y VL-129, MARCA MERCEDES BENZ, MODELO SPRINTER 515, AÑO 2025, DE CARGO DEL DEPARTAMENTO DE TRANSPORTES (L.3).",DIRECCION DE LOGISTICA DE CARABINEROS,2026-09-23 10:48,2026-09-29 15:30,2.0,600000,1,,Publicada,/v2/compra-agil/3326-528-COT26
1016414-53-COT26,"Vehículos, Combustible y Transporte",Mantención y Reparación del Vehículo Institucional de la presidencia del CNTV,CONSEJO NACIONAL DE TELEVISION,2026-09-15 09:04,2026-09-29 23:30,2.3,650000,1,,Publicada,/v2/compra-agil/1016414-53-COT26
1377068-64-COT26,"Vehículos, Combustible y Transporte",COMPRA DE PRODUCTO DE DISPOSITIVOS DE SEGURIDAD PARA COMBUSTIBLE,LO BARNECHEA SERVICIOS,2026-09-25 10:37,2026-09-30 12:00,2.8,5000000,0,,Publicada,/v2/compra-agil/1377068-64-COT26
756-119-COT26,"Vehículos, Combustible y Transporte",Servicio de Transporte privado de pasajeros y/o taxi ejecutivo ,SUBSECRETARIA DE ECONOMIA Y EMPRESAS DE MENOR TAMA,2026-09-14 18:28,2026-09-30 11:59,2.8,3000000,2,,Publicada,/v2/compra-agil/756-119-COT26
1274285-118-COT26,"Vehículos, Combustible y Transporte",Servicio de transporte para Pasantía Nacional ECICEP,CORSABER,2026-09-15 14:01,2026-10-01 01:58,3.4,600000,0,,Publicada,/v2/compra-agil/1274285-118-COT26
696212-112-COT26,"Vehículos, Combustible y Transporte","Servicio de retiro, transporte, destrucción y disposición final de especies ",MINISTERIO PUBLICO,2026-09-26 22:01,2026-10-01 10:00,3.7,4000000,0,,Publicada,/v2/compra-agil/696212-112-COT26
1451-13-COT26,"Vehículos, Combustible y Transporte",SERVICIO DE TRANSPORTE DE PASAJEROS PARA EL TRASLADO DE FUNCIONARIOS DE LA DIRECCIÓN REGIONAL,FONDO DE SOLIDARIDAD E INVERSION SOCIAL,2026-09-16 17:05,2026-10-04 06:54,6.6,200000,0,,Publicada,/v2/compra-agil/1451-13-COT26
929-163-COT26,"Vehículos, Combustible y Transporte",CONTRATACIÓN DE UN SERVICIO TÉCNICO Y PROFESIONAL DE ASESORÍA PARA MANTENCIÓN DE ESTANQUE DE COMBUSTIBLE.,INSTITUTO NACIONAL DE DEPORTES DE CHILE,2026-09-03 15:43,2026-10-13 12:01,15.8,400000,1,,Publicada,/v2/compra-agil/929-163-COT26
1057501-3163-COT26,"Vestuario, Textil y EPP",COMPRA DE UNIFORMES PARA UNIDAD DE MOVILIZACIÓN. ,COMPLEJO ASISTENCIAL DR. SOTERO DEL RIO,2026-09-11 13:39,2026-09-27 17:49,0.1,6500000,2,,Publicada,/v2/compra-agil/1057501-3163-COT26
1274188-633-COT26,"Vestuario, Textil y EPP",ADQUISICIÓN DE UNIFORMES DE FUTBOL PARA EL ESTABLECIMIENTO LICEO POLIVALENTE LOS GUINDOS RBD-10642 SOLICITUD N°69,CORPORACION DE DESARROLLO SOCIAL DE BUIN,2026-09-25 11:05,2026-09-27 22:00,0.2,433005,0,SI,Publicada,/v2/compra-agil/1274188-633-COT26
1274188-632-COT26,"Vestuario, Textil y EPP", ADQUISICIÓN DE VESTUARIO DE TRABAJO Y ELEMENTOS DE PROTECCION PERSONAL PARA EL JARDIN MI PEQUEÑO MUNDO RBD-13402024 SOLICITUD N°10,CORPORACION DE DESARROLLO SOCIAL DE BUIN,2026-09-23 18:27,2026-09-27 22:00,0.2,1192666,0,SI,Publicada,/v2/compra-agil/1274188-632-COT26
1106245-171-COT26,"Vestuario, Textil y EPP",Implementos de Seguridad EPP - Sence,CENTRO DE FORMACION TECNICA DE LA REGION METROPOLITANA DE SANTIAGO,2026-09-25 10:25,2026-09-28 08:00,0.7,688693,0,SI,Publicada,/v2/compra-agil/1106245-171-COT26
1306643-252-COT26,"Vestuario, Textil y EPP",GUANTES DE NITRILO DE ALTO RIESGO EXP. 9135/2026,I. MUNICIPALIDAD DE CERRO NAVIA,2026-09-24 17:06,2026-09-28 09:30,0.7,2106000,0,SI,Publicada,/v2/compra-agil/1306643-252-COT26
3658-445-COT26,"Vestuario, Textil y EPP",COMPRA DE GUANTES DE CABRITILLA TALLA 9-10,I MUNICIPALIDAD DE CALERA DE TANGO,2026-09-24 16:32,2026-09-28 08:30,0.7,250000,0,SI,Publicada,/v2/compra-agil/3658-445-COT26
1251183-179-COT26,"Vestuario, Textil y EPP",Adquisición de elementos de protección personal (EPP) para labores operativas.,Corporación Municipal de Des.Social C de Tango,2026-09-24 16:09,2026-09-28 09:00,0.7,436000,0,SI,Publicada,/v2/compra-agil/1251183-179-COT26
974556-23-COT26,"Vestuario, Textil y EPP",GUANTES DE NITRILO QUIRURGICOS ,Ejército de Chile,2026-09-24 11:15,2026-09-28 09:00,0.7,105000,0,SI,Publicada,/v2/compra-agil/974556-23-COT26
4776-361-COT26,"Vestuario, Textil y EPP"," Abastecimiento de Clorhidrato de Proparacaína 5 mg/mL, Solución Oftálmica  Centro de Salud CAPREDENA Santiago",CAJA DE PREVISION DE LA DEFENSA NACIONAL,2026-09-24 10:14,2026-09-28 10:15,0.7,3275000,0,SI,Publicada,/v2/compra-agil/4776-361-COT26
1217466-60-COT26,"Vestuario, Textil y EPP",VESTUARIO FORMAL ,MUSEO HISTÓRICO NACIONAL ,2026-09-22 20:27,2026-09-28 10:00,0.7,1065093,0,SI,Publicada,/v2/compra-agil/1217466-60-COT26
1546191-13-COT26,"Vestuario, Textil y EPP",INSUMO PARA EPP  - Diálisis - Solic nro - 0010,CORPORACION DE DESARROLLO SOCIAL DE BUIN,2026-09-21 19:20,2026-09-28 08:30,0.7,1039560,10,,Publicada,/v2/compra-agil/1546191-13-COT26
1973-829-COT26,"Vestuario, Textil y EPP","Guante anticorte de malla metálica, ambidiestro, con protección de muñeca y resistente a la corrosión",CENTRO DE REFERENCIA DE SALUD DE PENALOLEN CORDILLERA ORIENTE,2026-09-25 10:39,2026-09-28 10:40,0.8,131376,0,SI,Publicada,/v2/compra-agil/1973-829-COT26
978-45-COT26,"Vestuario, Textil y EPP", Adquisición de epp.,MINISTERIO DE OBRAS PUBLICAS DIREC CION GRAL DE OO PP DCYF,2026-09-24 17:37,2026-09-28 12:00,0.8,1011000,0,SI,Publicada,/v2/compra-agil/978-45-COT26
1157-172-COT26,"Vestuario, Textil y EPP",ADQUISICIÓN DE EPP PARA TRABAJOS EN ALTURA EMDF 2026,SERVICIO AGRICOLA Y GANADERO,2026-09-27 12:10,2026-09-28 15:00,0.9,2500000,0,SI,Publicada,/v2/compra-agil/1157-172-COT26
1057503-2506-COT26,"Vestuario, Textil y EPP",GUANTES NITRILO (ALTO RIESGO),HOSPITAL PADRE ALBERTO HURTADO,2026-09-26 16:04,2026-09-28 15:00,0.9,390000,0,SI,Publicada,/v2/compra-agil/1057503-2506-COT26
1057503-2505-COT26,"Vestuario, Textil y EPP",GUANTE TACTO (UNICO) ESTERIL TALLA M,HOSPITAL PADRE ALBERTO HURTADO,2026-09-26 13:35,2026-09-28 15:00,0.9,160000,0,SI,Publicada,/v2/compra-agil/1057503-2505-COT26
2343-484-COT26,"Vestuario, Textil y EPP",Adquisición de vestuario para el programa Transferencia Vigilancia Eje Alameda - Ped.1139,I MUNICIPALIDAD DE SANTIAGO,2026-09-23 15:40,2026-09-28 16:30,1.0,6700000,0,,Publicada,/v2/compra-agil/2343-484-COT26
2733-500-COT26,"Vestuario, Textil y EPP", SC 42404 - DAEM - ADQUISICIÓN DE ROPA DE TRABAJO Y ELEMENTOS DE SEGURIDAD PARA MAESTROS DAEM.,I MUNICIPALIDAD DE PENAFLOR,2026-09-25 16:27,2026-09-29 10:00,1.7,400000,0,,Publicada,/v2/compra-agil/2733-500-COT26
3436-370-COT26,"Vestuario, Textil y EPP",Adquisición de contenedores de basura para el rancho de tropa y basural de uso de los alumnos CC 1100065012 SIC 353605,Ejercito de Chile,2026-09-25 10:32,2026-09-29 10:00,1.7,4081700,0,,Publicada,/v2/compra-agil/3436-370-COT26
1725-198-COT26,"Vestuario, Textil y EPP","Calzado de zapateo, estamento de danza de BAFONA",SUBSECRETARÍA DE LAS CULTURAS Y LAS ARTES,2026-09-24 12:23,2026-09-29 12:20,1.8,2100000,0,,Publicada,/v2/compra-agil/1725-198-COT26
1725-197-COT26,"Vestuario, Textil y EPP","COTIZADOR 07.3-35 - CALZADO PARA ENSAYO, ESTAMENTO DE DANZA DE BAFONA",SUBSECRETARÍA DE LAS CULTURAS Y LAS ARTES,2026-09-24 11:01,2026-09-29 10:50,1.8,3000000,0,,Publicada,/v2/compra-agil/1725-197-COT26
1447930-420-COT26,"Vestuario, Textil y EPP",SSP – Adquisición de vestuario formal para funcionarios de la Subsecretaría de Seguridad Pública,SUBSECRETARIA DE SEGURIDAD PUBLICA,2026-09-25 16:17,2026-09-29 15:00,1.9,5154300,0,,Publicada,/v2/compra-agil/1447930-420-COT26
2412-461-COT26,"Vestuario, Textil y EPP",VESTUARIO CON LOGOS INSTITUCIONALES- OF LOCAL DE APOYOS Y CUID. (CIP N°858-EXP. N°15574),I MUNICIPALIDAD DE LO PRADO,2026-09-23 10:55,2026-09-29 15:00,1.9,600000,7,,Publicada,/v2/compra-agil/2412-461-COT26
1064616-16-COT26,"Vestuario, Textil y EPP",Vestuario y calzado conductor FNE,FISCALIA NACIONAL ECONOMICA,2026-09-23 16:42,2026-09-29 16:00,2.0,378706,0,,Publicada,/v2/compra-agil/1064616-16-COT26
1431841-1126-COT26,"Vestuario, Textil y EPP","MUNICIPALIDAD-DAF SERVICIOS GENERALES, DAF COMERCIO-PACK DE VESTUARIO PARKA, PANTALON CARGO, POLERA , POLERON BASICO, JOCKEY GABARDINA DENIM , CHALECO GEOL Y PANT GABARD-SM 46596,golizana@recoleta.cl",MUNICIPALIDAD DE RECOLETA,2026-09-25 17:42,2026-09-30 10:00,2.7,1600000,0,,Publicada,/v2/compra-agil/1431841-1126-COT26
5841-56-COT26,"Vestuario, Textil y EPP",GUANTES,UNIVERSIDAD DE CHILE,2026-09-25 09:18,2026-09-30 09:00,2.7,800000,0,,Publicada,/v2/compra-agil/5841-56-COT26
2273-809-COT26,"Vestuario, Textil y EPP",EX.  12543 CALZADO CENTRO VETERINARIO Y CLINICA VETERINARIA MOVIL. 2026  MEMORANDUM  25735  SGL.,I MUNICIPALIDAD DE LA PINTANA,2026-09-25 15:55,2026-09-30 17:00,3.0,780000,0,,Publicada,/v2/compra-agil/2273-809-COT26
1867-85-COT26,"Vestuario, Textil y EPP","Adquisición de vestuario para personal DEMOV, DEAL y UAI",DIRECCION GENERAL DE MOVILIZACIONN NACIONAL,2026-09-25 11:35,2026-10-01 10:00,3.7,5577431,0,,Publicada,/v2/compra-agil/1867-85-COT26
